title,overview,poster,rating,release_date,link
Frankenstein,"Dr. Victor Frankenstein, a brilliant but egotistical scientist, brings a creature to life in a monstrous experiment that ultimately leads to the undoing of both the creator and his tragic creation.",https://image.tmdb.org/t/p/w500/g4JtvGlQO7DByTI6frUobqvSL3R.jpg,7.924,2025-10-17,https://www.themoviedb.org/movie/1062722
"Predator: Badlands","Cast out from his clan, a young Predator finds an unlikely ally in a damaged android and embarks on a treacherous journey in search of the ultimate adversary.",https://image.tmdb.org/t/p/w500/pHpq9yNUIo6aDoCXEBzjSolywgz.jpg,7.2,2025-11-05,https://www.themoviedb.org/movie/1242898
"Black Phone 2","Four years after escaping The Grabber, Finney Blake is struggling with his life after captivity. When his sister Gwen begins receiving calls in her dreams from the black phone and seeing disturbing visions of three boys being stalked at a winter camp, the siblings become determined to solve the mystery and confront a killer who has grown more powerful in death and more significant to them than either could imagine.",https://image.tmdb.org/t/p/w500/xUWUODKPIilQoFUzjHM6wKJkP3Y.jpg,7.2,2025-10-15,https://www.themoviedb.org/movie/1197137
"Code 3","A burned-out paramedic tries to survive his last 24 hours on the job while training a new recruit.",https://image.tmdb.org/t/p/w500/gIAYMDb5mIAeCAj76q1sRsKjkzo.jpg,7.161,2025-09-12,https://www.themoviedb.org/movie/1161617
"War of the Worlds","Will Radford is a top analyst for Homeland Security who tracks potential threats through a mass surveillance program, until one day an attack by an unknown entity leads him to question whether the government is hiding something from him... and from the rest of the world.",https://image.tmdb.org/t/p/w500/yvirUYrva23IudARHn3mMGVxWqM.jpg,4.333,2025-07-29,https://www.themoviedb.org/movie/755898
"End of Loyalty","When the head of a notorious crime family is murdered, his son Grant is hell bent on payback and the only person that can stop him from tearing the city apart and destroying himself in the process is his best friend and federal agent, Ray Rose.",https://image.tmdb.org/t/p/w500/c4QA1rFQcyBZKaOOdUrDeL1G9Er.jpg,5,2023-03-07,https://www.themoviedb.org/movie/1096563
Abyss,"11 years ago, inspector Malik couldn’t solve a kidnapping case and a little girl died. Now with only a few days before the crime gets classified, he decides to reopen the case. Malik owes it to the mother and to himself. As he digs into the past, a child is kidnapped again. The pattern is the same one as a decade ago, it’s no coincidence. Malik knows he has a few days to make things right and to bring justice.",https://image.tmdb.org/t/p/w500/foyiQu23zq4WhmffnQkFiNAvqcJ.jpg,5.875,2024-12-11,https://www.themoviedb.org/movie/1025527
"Chainsaw Man - The Movie: Reze Arc","In a brutal war between devils, hunters, and secret enemies, a mysterious girl named Reze has stepped into Denji's world, and he faces his deadliest battle yet, fueled by love in a world where survival knows no rules.",https://image.tmdb.org/t/p/w500/xdzLBZjCVSEsic7m7nJc4jNJZVW.jpg,8.246,2025-09-19,https://www.themoviedb.org/movie/1218925
Baramulla,"A cop's inquiry into child kidnappings unravels chilling secrets as supernatural events endanger his family and the peaceful town of Baramulla.",https://image.tmdb.org/t/p/w500/xm5ER19nTk7iuWFaiNRUYe3Zlz.jpg,5.85,2025-11-06,https://www.themoviedb.org/movie/1561969
"Demon Slayer: Kimetsu no Yaiba Infinity Castle","The Demon Slayer Corps are drawn into the Infinity Castle, where Tanjiro, Nezuko, and the Hashira face terrifying Upper Rank demons in a desperate fight as the final battle against Muzan Kibutsuji begins.",https://image.tmdb.org/t/p/w500/fWVSwgjpT2D78VUh6X8UBd2rorW.jpg,7.813,2025-07-18,https://www.themoviedb.org/movie/1311031
xXx,"Xander Cage is your standard adrenaline junkie with no fear and a lousy attitude. When the US Government ""recruits"" him to go on a mission, he's not exactly thrilled. His mission: to gather information on an organization that may just be planning the destruction of the world, led by the nihilistic Yorgi.",https://image.tmdb.org/t/p/w500/xeEw3eLeSFmJgXZzmF2Efww0q3s.jpg,5.965,2002-08-09,https://www.themoviedb.org/movie/7451
"Captain Hook: The Cursed Tides","In the aftermath of a devastating defeat by his archnemesis Admiral Smee, Captain Hook finds refuge in the coastal town of Eldritch Landing.",https://image.tmdb.org/t/p/w500/bcP7FtskwsNp1ikpMQJzDPjofP5.jpg,5.057,2025-07-11,https://www.themoviedb.org/movie/1511789
Afterburn,"Set against the backdrop of a postapocalyptic Earth whose Eastern Hemisphere was destroyed by a massive solar flare, leaving what life remains mutated from radiation and fallout. The story revolves around a group of treasure hunters who extract such objects as the Mona Lisa, the Rosetta Stone and the Crown Jewels while facing rival hunters, mutants and pirates.",https://image.tmdb.org/t/p/w500/hrze9JXp2QJpc2WjLfSUtRxyYSb.jpg,6.9,2025-08-20,https://www.themoviedb.org/movie/507244
"The Fantastic 4: First Steps","Against the vibrant backdrop of a 1960s-inspired, retro-futuristic world, Marvel's First Family is forced to balance their roles as heroes with the strength of their family bond, while defending Earth from a ravenous space god called Galactus and his enigmatic Herald, Silver Surfer.",https://image.tmdb.org/t/p/w500/cm8TNGBGG0aBfWj0LgrESHv8tir.jpg,7.074,2025-07-23,https://www.themoviedb.org/movie/617126
"Hunting Grounds","Desperate to find refuge for her children, Chloe Marvino runs away from her Mafia tied husband, and finds shelter in a cabin with a recluse drifter named Jake. But as her husband's henchmen draw closer to her, it turns out that Jake is the biggest enemy of them all.",https://image.tmdb.org/t/p/w500/cgZjpqRQt9sk6XMCwZ3B1NPAaoy.jpg,6.7,2025-05-16,https://www.themoviedb.org/movie/1305717
Kryptic,"A woman’s search for a missing cryptzoologist leads to her own riveting cosmic quest for identity.",https://image.tmdb.org/t/p/w500/tO4PLOx2Ey9PZunmwEAsGhc4Ah0.jpg,4.643,2025-06-09,https://www.themoviedb.org/movie/1229910
"KPop Demon Hunters","When K-pop superstars Rumi, Mira and Zoey aren't selling out stadiums, they're using their secret powers to protect their fans from supernatural threats.",https://image.tmdb.org/t/p/w500/zT7Lhw3BhJbMkRqm9Zlx2YGMsY0.jpg,8.223,2025-06-20,https://www.themoviedb.org/movie/803796
Martin,"Martin revolves around Lt. Brigadier Arjun Saxena, whose journey takes him from Pakistan to India to discover his real identity and fight against black market dealers, who are involved with terrorists to orchestrate massive attacks in the country.",https://image.tmdb.org/t/p/w500/bYe2ZjUhb4Kje0BpWE6kN34u2hv.jpg,3.5,2024-10-11,https://www.themoviedb.org/movie/861451
"The Conjuring: Last Rites","Paranormal investigators Ed and Lorraine Warren take on one last terrifying case involving mysterious entities they must confront.",https://image.tmdb.org/t/p/w500/7JzOmJ1fIU43I3gLHYsY8UzNzjG.jpg,6.993,2025-09-03,https://www.themoviedb.org/movie/1038392
"They Were Witches","Mia, an expert speaker in witchcraft, takes a trip to see a therapist. On the way she meets a group of young people who will begin to die one by one to bring an evil spirit back from death.",https://image.tmdb.org/t/p/w500/85rlLCjpHbY0puR1FSL7jYyN1cu.jpg,2,2025-09-08,https://www.themoviedb.org/movie/1373276
"Ko Ga Loak Village","A terrifying serial murder spree grips Kogaloak village, with horrific injuries on male victims. Police face local legends and hidden secrets as they investigate. The latest victim, is taken for autopsy, intensifying fear. Officer and his team conduct a covert investigation, but the death toll rises. Villagers suspect newcomers have awakened a vengeful ghost. Is it real or a clever killer?",https://image.tmdb.org/t/p/w500/sptuNzJYWQG05n5BpJAlbYp8aD6.jpg,1,2025-11-06,https://www.themoviedb.org/movie/1215106
"Padre no hay más que uno 5: Nido repleto","Some parents experience the anguish of the ""empty nest"" when their children leave home. Javier, on the other hand, suffers the trauma of the ""full nest"": no one wants to leave home.",https://image.tmdb.org/t/p/w500/7H27uvaPZfq794qVcLFrSEgHseZ.jpg,6.471,2025-06-26,https://www.themoviedb.org/movie/1328913
"The Ugly Stepsister","In a fairy-tale kingdom where beauty is a brutal business, Elvira battles to compete with her incredibly beautiful stepsister, and she will go to any length to catch the prince’s eye.",https://image.tmdb.org/t/p/w500/rayAREIKtSinuov10GvrZHyXfXH.jpg,7.332,2025-03-07,https://www.themoviedb.org/movie/1284120
"Good Fortune","A well-meaning but rather inept angel named Gabriel meddles in the lives of a struggling gig worker and a wealthy capitalist.",https://image.tmdb.org/t/p/w500/r83HIGA0mUiy7I9qVr17pF7SCDP.jpg,6.72,2025-10-14,https://www.themoviedb.org/movie/1114967
"The Toxic Avenger Unrated","When a downtrodden janitor, Winston Gooze, is exposed to a catastrophic toxic accident, he’s transformed into a new kind of hero: The Toxic Avenger. Now, Toxie must rise from outcast to savior, taking on ruthless corporate overlords and corrupt forces who threaten his son, his friends, and his community.",https://image.tmdb.org/t/p/w500/sIonGSpGNtH72OzbJllPOEMNjVU.jpg,6.3,2025-08-28,https://www.themoviedb.org/movie/338969
"Colonel Kwiatkowski","Military doctor Kwiatkowski, serving in a barracks hospital on the Western Territories, is rewarded with a week’s leave after successfully operating on Colonel Kiziora of the UB. He and his friend steal a truck bound for Warsaw, where among the ruins of his former home he meets his prewar neighbor Krysia, instantly falls in love, and, after a brawl with a Russian officer at a dance in the surviving “Polonia” hotel, pretends to be a high-ranking UB colonel to save face.",https://image.tmdb.org/t/p/w500/66yeRDx5gN6YQ1VyGpaz8x3vLfK.jpg,6.7,1996-05-10,https://www.themoviedb.org/movie/145341
"Inside Furioza","In the wake of murder, new Furioza leader Golden claims the reins of his violent and formidable hooligan gang and takes on a new focus across borders.",https://image.tmdb.org/t/p/w500/dbe1zKVKNBIczdmRcm7jxEphYLz.jpg,6.549,2025-10-14,https://www.themoviedb.org/movie/1072699
"Grand Prix of Europe","Edda, a young mouse and the daughter of fairground operator Erwin, dreams of becoming a race car driver. Ahead of the 50th anniversary of the European Grand Prix, Edda gets the opportunity to meet her idol, racing star Ed, and to help her father save his failing business. But to do so, she'll have to get behind the wheel herself.",https://image.tmdb.org/t/p/w500/jGGEqRaHAJ1pKJBj35WVxDyQBNw.jpg,7.464,2025-07-24,https://www.themoviedb.org/movie/1316147
"Mission: Impossible - The Final Reckoning","Ethan Hunt and team continue their search for the terrifying AI known as the Entity — which has infiltrated intelligence networks all over the globe — with the world's governments and a mysterious ghost from Hunt's past on their trail. Joined by new allies and armed with the means to shut the Entity down for good, Hunt is in a race against time to prevent the world as we know it from changing forever.",https://image.tmdb.org/t/p/w500/z53D72EAOxGRqdr7KXXWp9dJiDe.jpg,7.264,2025-05-17,https://www.themoviedb.org/movie/575265
"Holy Night: Demon Hunters","When a devil-worshipping criminal network plunges Seoul into chaos, the police turn to Holy Night—a trio of supernatural demon hunters—to restore order and defeat the rising evil.",https://image.tmdb.org/t/p/w500/v3Mo77Qjp6pctpD4eJaNT6kFRSB.jpg,6.654,2025-04-30,https://www.themoviedb.org/movie/793387
Kryptic,"A woman’s search for a missing cryptzoologist leads to her own riveting cosmic quest for identity.",https://image.tmdb.org/t/p/w500/tO4PLOx2Ey9PZunmwEAsGhc4Ah0.jpg,4.5,2025-06-09,https://www.themoviedb.org/movie/1229910
"Groom & Two Brides","Adam is allergic to love, but somehow ends up engaged to both his boss's daughter and his first love. Now he must try to keep his double life a secret.",https://image.tmdb.org/t/p/w500/5ixetxYF75iikkNZ3gImKEjVJNH.jpg,6.6,2025-11-06,https://www.themoviedb.org/movie/1446358
Superman,"Superman, a journalist in Metropolis, embarks on a journey to reconcile his Kryptonian heritage with his human upbringing as Clark Kent.",https://image.tmdb.org/t/p/w500/wPLysNDLffQLOVebZQCbXJEv6E6.jpg,7.413,2025-07-09,https://www.themoviedb.org/movie/1061474
"Our Fault","Jenna and Lion's wedding brings about the long-awaited reunion between Noah and Nick after their breakup. Nick's inability to forgive Noah stands as an insurmountable barrier. He, heir to his grandfather's businesses, and she, starting her professional life, resist fueling a flame that's still alive. But now that their paths have crossed again, will love be stronger than resentment?",https://image.tmdb.org/t/p/w500/yzqHt4m1SeY9FbPrfZ0C2Hi9x1s.jpg,7.568,2025-10-15,https://www.themoviedb.org/movie/1156594
"Primitive War","During the Vietnam War, a recon unit ventures to an isolated jungle valley to uncover the fate of a missing platoon. They soon find themselves in a fight for their lives against an unexpected enemy — prehistoric dinosaurs.",https://image.tmdb.org/t/p/w500/nWBqU5YXmDVJWWEDJ4u3ZSseNVL.jpg,6.845,2025-08-21,https://www.themoviedb.org/movie/1257009
Marco,"The adoptive son of the Adattu family, Marco, sets off on a ruthless quest for vengeance after his brother is brutally murdered, finding only betrayal, loss and unimaginable brutality at every step.",https://image.tmdb.org/t/p/w500/il3ao5gcF6fZNqo1o9o7lusmEyU.jpg,6.645,2024-12-20,https://www.themoviedb.org/movie/1186350
"Jurassic World Rebirth","Five years after the events of Jurassic World Dominion, covert operations expert Zora Bennett is contracted to lead a skilled team on a top-secret mission to secure genetic material from the world's three most massive dinosaurs. When Zora's operation intersects with a civilian family whose boating expedition was capsized, they all find themselves stranded on an island where they come face-to-face with a sinister, shocking discovery that's been hidden from the world for decades.",https://image.tmdb.org/t/p/w500/1RICxzeoNCAO5NpcRMIgg1XT6fm.jpg,6.4,2025-07-01,https://www.themoviedb.org/movie/1234821
Predator,"A team of elite commandos on a secret mission in a Central American jungle come to find themselves hunted by an extraterrestrial warrior.",https://image.tmdb.org/t/p/w500/aN3cdjIK70KGmD84et8MMblU87Q.jpg,7.54,1987-06-12,https://www.themoviedb.org/movie/106
"The Lost Princess","After an Ayahuasca vision transports him to a haunted castle, Alec meets Hanna who tales him the story of her mother's forced marriage and how the forbidden passion with her father was in danger when the princess pregnancy became obvious",https://image.tmdb.org/t/p/w500/31S2ISsDtbnxb0kuXZl1SxSMD0K.jpg,6.306,2025-10-16,https://www.themoviedb.org/movie/1086910
Roofman,"A former Army Ranger and struggling father turns to robbing McDonald’s restaurants by cutting holes in their roofs, earning him the nickname 'Roofman'. After escaping prison, he secretly lives inside a Toys “R” Us for six months, surviving undetected while planning his next move. But when he falls for a divorced mom drawn to his undeniable charm, his double life begins to unravel, setting off a compelling and suspenseful game of cat and mouse as his past closes in.",https://image.tmdb.org/t/p/w500/pUpFD3Oq1eN5mdF9MDwCwH874P8.jpg,7.289,2025-10-08,https://www.themoviedb.org/movie/1242419
"Zootopia 2","After cracking the biggest case in Zootopia's history, rookie cops Judy Hopps and Nick Wilde find their partnership isn't as solid as they thought when Chief Bogo orders them to join the Partners in Crisis counseling program. But it doesn't take long for their partnership to be put to the ultimate test when they find themselves on the twisting trail of a mystery tied to the arrival of a venomous snake in the animal metropolis.",https://image.tmdb.org/t/p/w500/oJ7g2CifqpStmoYQyaLQgEU32qO.jpg,0,2025-11-26,https://www.themoviedb.org/movie/1084242
Weapons,"When all but one child from the same class mysteriously vanish on the same night at exactly the same time, a community is left questioning who or what is behind their disappearance.",https://image.tmdb.org/t/p/w500/cpf7vsRZ0MYRQcnLWteD5jK9ymT.jpg,7.336,2025-08-04,https://www.themoviedb.org/movie/1078605
"Now You See Me: Now You Don't","The original Four Horsemen reunite with a new generation of illusionists to take on powerful diamond heiress Veronika Vanderberg, who leads a criminal empire built on money laundering and trafficking. The new and old magicians must overcome their differences to work together on their most ambitious heist yet.",https://image.tmdb.org/t/p/w500/oD3Eey4e4Z259XLm3eD3WGcoJAh.jpg,7.024,2025-11-12,https://www.themoviedb.org/movie/425274
"The Jester 2","When teen magician Max crosses paths with the sinister Jester on Halloween night, she must outsmart a supernatural killer whose magic is all too real and whose tricks always end up in blood.",https://image.tmdb.org/t/p/w500/47dsw1jSOV0Be5zmy7CtLhYpqU.jpg,6.533,2025-09-15,https://www.themoviedb.org/movie/1519168
Laila,"Sonu Model, a renowned beautician from the old city, is forced to disguise himself as Laila, leading to a series of comedic, romantic, and action-packed events. Chaos ensues in this hilarious laugh riot",https://image.tmdb.org/t/p/w500/aFogllaRGlAhk1nqvVGFpZpl4qU.jpg,5.2,2025-02-14,https://www.themoviedb.org/movie/1403735
F1,"Racing legend Sonny Hayes is coaxed out of retirement to lead a struggling Formula 1 team—and mentor a young hotshot driver—while chasing one more chance at glory.",https://image.tmdb.org/t/p/w500/9PXZIUsSDh4alB80jheWX4fhZmy.jpg,7.807,2025-06-25,https://www.themoviedb.org/movie/911430
"Play Dirty","Expert thief Parker gets a shot at a major heist, but to pull it off he and his team must outsmart a South American dictator, the New York mob, and the world's richest man.",https://image.tmdb.org/t/p/w500/ovZ0zq0NwRghtWI1oLaM0lWuoEw.jpg,6.681,2025-09-30,https://www.themoviedb.org/movie/941109
"Genshin Impact: Star Odyssey","Looking up, she could see the night sky embracing all that is. In that moment, a thousand emotions crystallized into questions. Where hang the sun and moon? What canvas depicts the stars? The infinite universe and breadth of time question the smallness of man. Yet it is these small specimens of mortality who may embark on long voyages, the power to create miracles firmly within their grasp.",https://image.tmdb.org/t/p/w500/iBsKv6W5gaEnpYf3LBvwaybrnAX.jpg,0,2025-06-12,https://www.themoviedb.org/movie/1496735
"The Rats: A Witcher Tale","To pull off a daring heist, a gang of six misfit outlaws will have to do something they've never done before: trust each other — and a washed-up Witcher.",https://image.tmdb.org/t/p/w500/1T0kO1cgR430AC9I6jurMOezKwg.jpg,4.918,2025-10-29,https://www.themoviedb.org/movie/1571470
"TRON: Ares","A highly sophisticated Program called Ares is sent from the digital world into the real world on a dangerous mission, marking humankind's first encounter with A.I. beings.",https://image.tmdb.org/t/p/w500/chpWmskl3aKm1aTZqUHRCtviwPy.jpg,6.349,2025-10-08,https://www.themoviedb.org/movie/533533
"War 2","Years ago Agent Kabir went rogue, became India’s greatest villain ever.  As he descends further into the deepest shadows... India sends its deadliest, most lethal agent after him, Agent Vikram  A Special Units Officer who is more than Kabir’s equal and a relentless Terminator driven by his own demons, determined to put a bullet into Kabir’s skull.",https://image.tmdb.org/t/p/w500/2Yc8Kl2ldPpDzLrG2M5Ddv62FXB.jpg,5.425,2025-08-13,https://www.themoviedb.org/movie/1109086
"The Long Walk","In a dystopian, alternate-America ruled by a totalitarian regime, 50 teenage boys take part in a deadly annual walking contest, forced to maintain a minimum pace or be executed, until only one survivor remains.",https://image.tmdb.org/t/p/w500/wobVTa99eW0ht6c1rNNzLkazPtR.jpg,6.951,2025-09-10,https://www.themoviedb.org/movie/604079
"Dr. Seuss's The Sneetches","An unexpected friendship forms between two young Sneetches on an island surrounded by beaches in this sweet musical special set in the world of Seuss.",https://image.tmdb.org/t/p/w500/5jqpfOY6q8ltnCFEfUPY3c0bpR5.jpg,7.6,2025-11-03,https://www.themoviedb.org/movie/1497036
"Dracula: A Love Tale","When a 15th-century prince denounces God after the devastating loss of his wife, he inherits an eternal curse: he becomes Dracula. Condemned to wander the centuries, he defies fate and death itself, guided by a single hope — to be reunited with his lost love.",https://image.tmdb.org/t/p/w500/Ap4kyIiMGsCAI6IKrJejp6AAiTL.jpg,7.064,2025-07-30,https://www.themoviedb.org/movie/1246049
Bugonia,"Two conspiracy obsessed young men kidnap the high-powered CEO of a major company, convinced that she is an alien intent on destroying planet Earth.",https://image.tmdb.org/t/p/w500/oxgsAQDAAxA92mFGYCZllgWkH9J.jpg,7.65,2025-10-23,https://www.themoviedb.org/movie/701387
"Prisoner of War","British RAF Wing Commander James Wright is captured by the Japanese during WWII and forced to fight in brutal hand-to-hand combat. The Japanese soldiers get more than they bargained for when Wright’s years of martial arts training in Hong Kong prove him to be a formidable opponent.",https://image.tmdb.org/t/p/w500/1XET89sjRm9mUuHXhGIlKTNd5uD.jpg,7.1,2025-09-19,https://www.themoviedb.org/movie/1328803
"The Black Phone","Finney Blake, a shy but clever 13-year-old boy, is abducted by a sadistic killer and trapped in a soundproof basement where screaming is of little use. When a disconnected phone on the wall begins to ring, Finney discovers that he can hear the voices of the killer’s previous victims. And they are dead set on making sure that what happened to them doesn’t happen to Finney.",https://image.tmdb.org/t/p/w500/p9ZUzCyy9wRTDuuQexkQ78R2BgF.jpg,7.6,2022-06-16,https://www.themoviedb.org/movie/756999
"How to Train Your Dragon","On the rugged isle of Berk, where Vikings and dragons have been bitter enemies for generations, Hiccup stands apart, defying centuries of tradition when he befriends Toothless, a feared Night Fury dragon. Their unlikely bond reveals the true nature of dragons, challenging the very foundations of Viking society.",https://image.tmdb.org/t/p/w500/53dsJ3oEnBhTBVMigWJ9tkA5bzJ.jpg,8.004,2025-06-06,https://www.themoviedb.org/movie/1087192
"A House of Dynamite","When a single, unattributed missile is launched at the United States, a race begins to determine who is responsible and how to respond.",https://image.tmdb.org/t/p/w500/AiJ8L90ftPAwVf3SDx7Fj9IMZoy.jpg,6.4,2025-10-02,https://www.themoviedb.org/movie/1290159
"Valiant One","With tensions between North and South Korea, a US helicopter crashes on the North side. The survivors must work together to protect a civilian tech specialist and find their way out without the help of US military support.",https://image.tmdb.org/t/p/w500/sT8Z14RDCAd6szzxzWFAU4xcMwg.jpg,6.773,2025-01-30,https://www.themoviedb.org/movie/1009640
"Lilo & Stitch","The wildly funny and touching story of a lonely Hawaiian girl and the fugitive alien who helps to mend her broken family.",https://image.tmdb.org/t/p/w500/ckQzKpQJO4ZQDCN5evdpKcfm7Ys.jpg,7.2,2025-05-17,https://www.themoviedb.org/movie/552524
"Fran the Man","When non-league St Peter's Celtic are drawn to play titans Shamrock Rovers in the first round of the FAI Cup, assistant manager Fran Costello hopes his team will pull off one of the greatest shocks in football history. But it isn't long before the shit really hits the Fran…",https://image.tmdb.org/t/p/w500/fxST2MqYdafW5zucXX85qddvnjm.jpg,6.111,2025-04-11,https://www.themoviedb.org/movie/1268552
"The Running Man","Desperate to save his sick daughter, working-class Ben Richards is convinced by The Running Man's charming but ruthless producer to enter the deadly competition game as a last resort. But Ben's defiance, instincts, and grit turn him into an unexpected fan favorite - and a threat to the entire system. As ratings skyrocket, so does the danger, and Ben must outwit not just the Hunters, but a nation addicted to watching him fall.",https://image.tmdb.org/t/p/w500/yhWKTCYa0LK9kS6zcKGYc5Dx9xQ.jpg,8.2,2025-11-11,https://www.themoviedb.org/movie/798645
"Grisaia: Phantom Trigger the Animation","Following the Heath Oslo incident, the existence of the US-Japanese anti-terror organization CIRS has become a matter of public knowledge. CIRS has been rebuilt from the ground up, and its most covert functions spun off to a new agency: SORD (Social Ops, Research & Development).  The goal of SORD is to train a new generation of operatives to defend the country against future threats. To that end, the organization has established a series of schools up and down the country. Mihama Academy, more-or-less left to rot after its abrupt closure, has been given new purpose as one such 'specialist training school'. It now entrusts the misfit girls who attend it with guns and live ammunition.  No matter how much life grinds them down, what future awaits these girls, who've themselves chosen the path of the gun?",https://image.tmdb.org/t/p/w500/cllFRaJmSyWlIYwJNbVslRoR9dP.jpg,5.9,2019-03-15,https://www.themoviedb.org/movie/601980
"The Smashing Machine","In the late 1990s, up-and-coming mixed martial artist Mark Kerr aspires to become the greatest fighter in the world. However, he must also battle his opioid dependence and a volatile relationship with his girlfriend Dawn.",https://image.tmdb.org/t/p/w500/mPuBDGrVIBGOymBxR6rO3iIvBSe.jpg,6.5,2025-10-01,https://www.themoviedb.org/movie/760329
"The Strangers: Chapter 2","When The Strangers learn that one of their victims, Maya, is still alive, they return to finish what they’ve started.",https://image.tmdb.org/t/p/w500/pqADzs5SJvI2jC0DThPVMuNJcWS.jpg,6.004,2025-09-25,https://www.themoviedb.org/movie/1010756
"My Fault","Noah must leave her city, boyfriend, and friends to move into William Leister's mansion, the flashy and wealthy husband of her mother Rafaela. As a proud and independent 17 year old, Noah resists living in a mansion surrounded by luxury. However, it is there where she meets Nick, her new stepbrother, and the clash of their strong personalities becomes evident from the very beginning.",https://image.tmdb.org/t/p/w500/w46Vw536HwNnEzOa7J24YH9DPRS.jpg,7.763,2023-06-08,https://www.themoviedb.org/movie/1010581
"A Merry Little Ex-Mas","All Kate and Everett want for Christmas is an amicable divorce and one last holiday as a family, but new flames and old feelings complicate their plans.",https://image.tmdb.org/t/p/w500/w4ytu75uJ1b0AgPd0wLm7iZMsWJ.jpg,8,2025-11-12,https://www.themoviedb.org/movie/1401318
"One Battle After Another","Washed-up revolutionary Bob exists in a state of stoned paranoia, surviving off-grid with his spirited, self-reliant daughter, Willa. When his evil nemesis resurfaces after 16 years and she goes missing, the former radical scrambles to find her, father and daughter both battling the consequences of his past.",https://image.tmdb.org/t/p/w500/m1jFoahEbeQXtx4zArT2FKdbNIj.jpg,7.7,2025-09-23,https://www.themoviedb.org/movie/1054867
"Regretting You","Morgan Grant and her daughter Clara explore what's left behind after a devastating accident reveals a shocking betrayal and forces them to confront family secrets, redefine love, and rediscover each other.",https://image.tmdb.org/t/p/w500/z4gVnxTaks3anTycwKjDmvQSuWt.jpg,7.085,2025-10-22,https://www.themoviedb.org/movie/1327862
"The Mannequin","A stylist assistant investigates her sister's death in a historic LA building, only to face a vengeful ghost of a serial killer who dismembered victims decades ago. She must escape before she's next.",https://image.tmdb.org/t/p/w500/oFTpB1gzS02LtrsenTWxOKbsMpM.jpg,5.857,2025-08-24,https://www.themoviedb.org/movie/1169210
"Nobody 2","Former assassin Hutch Mansell takes his family on a nostalgic vacation to a small-town theme park, only to be pulled back into violence when they clash with a corrupt operator, a crooked sheriff, and a ruthless crime boss.",https://image.tmdb.org/t/p/w500/xGLoqM9peusKQeuwlSw2Qlhx740.jpg,7.065,2025-08-13,https://www.themoviedb.org/movie/1007734
Mantis,"Mantis, an ace assassin, returns to the contract killer industry after a hiatus, encountering his trainee friend Jae-yi and a retired legendary killer Dok-go, who now runs the organization.",https://image.tmdb.org/t/p/w500/x6WLRwwddFKattMseWL3m7Geskd.jpg,6.195,2025-09-26,https://www.themoviedb.org/movie/1267319
"The Avengers","When an unexpected enemy emerges and threatens global safety and security, Nick Fury, director of the international peacekeeping agency known as S.H.I.E.L.D., finds himself in need of a team to pull the world back from the brink of disaster. Spanning the globe, a daring recruitment effort begins!",https://image.tmdb.org/t/p/w500/RYMX2wcKCBAr24UyPD7xwmjaTn.jpg,7.847,2012-04-25,https://www.themoviedb.org/movie/24428
Coco,"Despite his family’s baffling generations-old ban on music, Miguel dreams of becoming an accomplished musician like his idol, Ernesto de la Cruz. Desperate to prove his talent, Miguel finds himself in the stunning and colorful Land of the Dead following a mysterious chain of events. Along the way, he meets charming trickster Hector, and together, they set off on an extraordinary journey to unlock the real story behind Miguel's family history.",https://image.tmdb.org/t/p/w500/6Ryitt95xrO8KXuqRGm1fUuNwqF.jpg,8.2,2017-10-27,https://www.themoviedb.org/movie/354912
"Ne Zha 2","After a catastrophic event leaves their bodies destroyed, Ne Zha and Ao Bing are granted a fragile second chance at life. As tensions rise between the dragon clans and celestial forces, the two must undergo a series of perilous trials that will test their bond, challenge their identities, and decide the fate of both mortals and immortals.",https://image.tmdb.org/t/p/w500/cb5NyNrqiCNNoDkA8FfxHAtypdG.jpg,8,2025-01-29,https://www.themoviedb.org/movie/980477
"Predator: Killer of Killers","While three of the fiercest warriors in human history—a Viking raider, a ninja in feudal Japan, and a WWII pilot—are killers in their own right, they are merely prey for their new opponent: the ultimate killer of killers.",https://image.tmdb.org/t/p/w500/2XDQa6EmFHSA37j1t0w88vpWqj9.jpg,7.874,2025-06-05,https://www.themoviedb.org/movie/1376434
"The Naked Gun","Following in his father's footsteps, a detective works to solve a murder case and save his police department from closure.",https://image.tmdb.org/t/p/w500/hF4pG0CMDzC4GCiiUR9iNrzoW2p.jpg,6.5,2025-07-30,https://www.themoviedb.org/movie/1035259
"Spinal Tap II: The End Continues","The now estranged bandmates of Spinal Tap are forced to reunite for one final concert, hoping it will solidify their place in the pantheon of rock 'n' roll.",https://image.tmdb.org/t/p/w500/h6DGrDHlDm6gVOiy3YeOb737jB4.jpg,6.8,2025-09-12,https://www.themoviedb.org/movie/975225
"The Devil’s Trap","In the quiet nighttime corridors of a city hospital, Abigail (Nistratova) consoles her traumatized brother, Billy (Davi) who is now a paraplegic. Billy suffers from horrible nightmares in which he revisits his childhood, where we meet his alcoholic and violent father. Sharing Billy’s hospital room is a dying man, Mr. Cohen (Dern) who seems to know everything about Billy and Abigail. There’s also another horrific presence roaming in the hospital terrifying patients and staff alike.",https://image.tmdb.org/t/p/w500/deq8OGRj45eX1EFYQayG5T3Prar.jpg,7,2024-11-01,https://www.themoviedb.org/movie/873967
"Django Undisputed","Determined to exact his justice, Django faces dangerous challenges and bloody clashes to restore order in a territory dominated by lawlessness and injustice.",https://image.tmdb.org/t/p/w500/porcUhC4jqFt72TaxbjOQo2lTzL.jpg,6.1,2024-04-22,https://www.themoviedb.org/movie/1357886
"The Bad Guys 2","The now-reformed Bad Guys are trying (very, very hard) to be good, but instead find themselves hijacked into a high-stakes, globe-trotting heist, masterminded by a new team of criminals they never saw coming: The Bad Girls.",https://image.tmdb.org/t/p/w500/c1msaKf1wyuKcmLjjJd6rIBPFcd.jpg,7.753,2025-07-24,https://www.themoviedb.org/movie/1175942
"Pets on a Train","When a train unexpectedly starts up, taking only pets with it, the animals discover that Hans, a badger with a grudge is behind it all. While the crash seems inevitable, the animals can count on Falcon, a roguish Raccoon who will do anything to save them.",https://image.tmdb.org/t/p/w500/xSibLTRfsUQagQnbOQLjp5oGbcq.jpg,6.9,2025-07-02,https://www.themoviedb.org/movie/1107216
"The Elixir","An elixir unleashes the undead in a village. A family at odds with one another must unite and fight to survive as their hometown collapses.",https://image.tmdb.org/t/p/w500/A6aJLPhtmin9ZTWC2h7dnrMHU4z.jpg,6.02,2025-10-22,https://www.themoviedb.org/movie/1306525
Wicked,"In the land of Oz, ostracized and misunderstood green-skinned Elphaba is forced to share a room with the popular aristocrat Glinda at Shiz University, and the two's unlikely friendship is tested as they begin to fulfill their respective destinies as Glinda the Good and the Wicked Witch of the West.",https://image.tmdb.org/t/p/w500/xDGbZ0JJ3mYaGKy4Nzd9Kph6M9L.jpg,6.918,2024-11-20,https://www.themoviedb.org/movie/402431
Mango,"An ambitious hotelier and her reluctant daughter take a trip to Málaga, where they find what they've been craving in a farmer's idyllic mango orchard.",https://image.tmdb.org/t/p/w500/8aTla8ofmtJdfhInKyLTyZifA3k.jpg,6.917,2025-11-06,https://www.themoviedb.org/movie/1426792
"Captain Avispa","In Avispatropolis, the fearless Captain Avispa emerges as an exemplary protector of the city, whose courage and convictions always prevail over the forces of evil. His unbreakable power is nourished by absolute sincerity, as he would lose his strength if he dared to weave deceit. Only in pursuit of noble causes does he allow himself to deviate from the truth. As is common in stories of this kind, Captain Wasp is surrounded by a constellation of close friends and arch-enemies, whose stories have their origins in the artist's songs.",https://image.tmdb.org/t/p/w500/zmthz3CuFljmBQcfuaz4hBNwbQ0.jpg,7.075,2024-04-04,https://www.themoviedb.org/movie/1198426
"Wicked: For Good","As an angry mob rises against the Wicked Witch, Glinda and Elphaba will need to come together one final time. With their singular friendship now the fulcrum of their futures, they will need to truly see each other, with honesty and empathy, if they are to change themselves, and all of Oz, for good.",https://image.tmdb.org/t/p/w500/si9tolnefLSUKaqQEGz1bWArOaL.jpg,5,2025-11-17,https://www.themoviedb.org/movie/967941
"Bone Lake","A couple’s romantic vacation at a secluded lakeside estate is upended when they are forced to share the mansion with a mysterious and attractive couple. In this darkly hilarious and seductive horror story, a dream getaway spirals into a nightmarish maze of sex, lies, and manipulation, bringing terrifying secrets to light and triggering a bloody battle for survival.",https://image.tmdb.org/t/p/w500/bV9sEJiznCmZu5Gf35N8m7D7OpX.jpg,6,2025-10-02,https://www.themoviedb.org/movie/1330421
"Black Dog","On the edge of the Gobi desert in Northwest China, Lang returns to his hometown after being released from jail. While working for the local dog patrol team to clear the town of stray dogs before the Olympic Games, he strikes up an unlikely connection with a black dog. These two lonely souls embark on a journey together.",https://image.tmdb.org/t/p/w500/8XwRmwrMmm3MQ87XugUkApLF0hJ.jpg,7.2,2024-06-15,https://www.themoviedb.org/movie/1249423
"From Darkness","Park ranger Angelica seeks the help of her dog handler ex-boyfriend, Viktor, to search for a missing woman in a dangerous nature reserve in Sweden. The search is complicated by a disturbing myth about the Cave Banshee, a vengeful spirit from the Nordic folklore that once lured miners to their deaths in the reserve's treacherous caves. As they delve deeper into the forest, Viktor starts to question his own sanity and whether the rumored Banshee is more than just a myth. To make matters worse, Angelica and Viktor share a painful history with the haunted place. Viktor must now confront his troubled past and work together with Angelica to survive the night and unravel the mystery behind the woman's disappearance.",https://image.tmdb.org/t/p/w500/hLAXyfDXf5CI0HRvz0jrqy88mxg.jpg,6.3,2024-03-22,https://www.themoviedb.org/movie/1202863
Ballerina,"Taking place during the events of John Wick: Chapter 3 – Parabellum, Eve Macarro begins her training in the assassin traditions of the Ruska Roma.",https://image.tmdb.org/t/p/w500/2VUmvqsHb6cEtdfscEA6fqqVzLg.jpg,7.31,2025-06-04,https://www.themoviedb.org/movie/541671
"The People In The Walls","A viral ritual allows three kids to conjure people from the walls as they must now try to put them back before it is too late.",https://image.tmdb.org/t/p/w500/3NyL99rcDr5S4qQ8FXDwWiLujEE.jpg,5.2,2024-08-01,https://www.themoviedb.org/movie/1328402
"Fight Another Day","Follows a tough cop, who after being transported to a dystopian future, must enter a deadly combat tournament to be able to return to his past.",https://image.tmdb.org/t/p/w500/fKnLt1xQV0RdpN6RViowEiD1dFW.jpg,5.111,2024-10-09,https://www.themoviedb.org/movie/1053008
Prey,"When danger threatens her camp, the fierce and highly skilled Comanche warrior Naru sets out to protect her people. But the prey she stalks turns out to be a highly evolved alien predator with a technically advanced arsenal.",https://image.tmdb.org/t/p/w500/2FKjLRt7oK1bRRIrxgWmthbBdFh.jpg,7.672,2022-08-02,https://www.themoviedb.org/movie/766507
"Final Destination Bloodlines","Plagued by a violent recurring nightmare, college student Stefanie heads home to track down the one person who might be able to break the cycle and save her family from the grisly demise that inevitably awaits them all.",https://image.tmdb.org/t/p/w500/6WxhEvFsauuACfv8HyoVX6mZKFj.jpg,7.097,2025-05-14,https://www.themoviedb.org/movie/574475
"A Minecraft Movie","Four misfits find themselves struggling with ordinary problems when they are suddenly pulled through a mysterious portal into the Overworld: a bizarre, cubic wonderland that thrives on imagination. To get back home, they'll have to master this world while embarking on a magical quest with an unexpected, expert crafter, Steve.",https://image.tmdb.org/t/p/w500/yFHHfHcUgGAxziP1C3lLt0q2T4s.jpg,6.356,2025-03-31,https://www.themoviedb.org/movie/950387
"Tyler Perry's Finding Joy","Joy, a successful designer, seeks a proposal at Christmas. In Wyoming's mountains, she finds what she truly needs when the man she loves sees her as just a friend.",https://image.tmdb.org/t/p/w500/sUMdbrjHhMFDY327B31ctpF9MuY.jpg,6.556,2025-11-05,https://www.themoviedb.org/movie/1252382
"Ballad of a Small Player","Amid the glittering casinos of Macau, a gambler running from his past — and his debts — becomes fascinated by an enigmatic woman at the baccarat table.",https://image.tmdb.org/t/p/w500/yiXpXNiBWENaSJmdKfoT5DU0bL4.jpg,5.902,2025-10-15,https://www.themoviedb.org/movie/1272166
"Safe House","The civil war rages in the Central African Republic, Linn (35) leads a team of aid workers who are working tirelessly to save lives in a field hospital outside a massive refugee camp. When a Muslim man, persecuted and in mortal danger, seeks refuge, Linn faces a critical decision. A growing mob and Christian militia demand his handover. As the head of security, Linn must act quickly, brutally balancing the safety of her team with the value of a single life.  Based on the true events that unfolded during 15 tense hours at a Doctors Without Borders hospital in Bangui on Christmas Eve, 2013.",https://image.tmdb.org/t/p/w500/gWfTs2h3WaN2xGsxWMz1iRnpWeu.jpg,5.714,2025-02-28,https://www.themoviedb.org/movie/1383089
"Moana 2","After receiving an unexpected call from her wayfinding ancestors, Moana journeys alongside Maui and a new crew to the far seas of Oceania and into dangerous, long-lost waters for an adventure unlike anything she's ever faced.",https://image.tmdb.org/t/p/w500/aLVkiINlIeCkcZIzb7XHzPYgO6L.jpg,7.025,2024-11-21,https://www.themoviedb.org/movie/1241982
"Die My Love","Grace, a writer and young mother, is slowly slipping into madness. Locked away in an old house in Montana, her increasingly agitated and erratic behaviour leaves her companion, Jackson, worried and helpless.",https://image.tmdb.org/t/p/w500/uDMehIQIgqSCSkTINIfmKeqEt06.jpg,6.81,2025-10-06,https://www.themoviedb.org/movie/1033148
"It Chapter Two","27 years after overcoming the malevolent supernatural entity Pennywise, the former members of the Losers' Club, who have grown up and moved away from Derry, are brought back together by a devastating phone call.",https://image.tmdb.org/t/p/w500/zfE0R94v1E8cuKAerbskfD3VfUt.jpg,6.839,2019-09-04,https://www.themoviedb.org/movie/474350
"Ted 2","Newlywed couple Ted and Tami-Lynn want to have a baby, but in order to qualify to be a parent, Ted will have to prove he's a person in a court of law.",https://image.tmdb.org/t/p/w500/38C91I7Xft0gyY7BITm8i4yvuRb.jpg,6.316,2015-06-25,https://www.themoviedb.org/movie/214756
"GATAO: Big Brothers","Michael and his right-hand man Scorpion, who find themselves embroiled in their father Ko's turf war against rival gangs in Taipei, setting off a conflict between old and new generations of gangsters. The film is the latest installment in the Gatao franchise, following the narrative of a young successor trying to expand his power while navigating the volatile underworld.",https://image.tmdb.org/t/p/w500/tc5z5OADIYlOZLn0xNNM32c0Cq5.jpg,7,2025-08-21,https://www.themoviedb.org/movie/1468057
"Gabby's Dollhouse: The Movie","Gabby heads out on a road trip with her Grandma Gigi to the urban wonderland of Cat Francisco. But when Gabby's dollhouse, her most prized possession, ends up in the hands of an eccentric cat lady named Vera, Gabby sets off on an adventure through the real world to get the Gabby Cats back together and save the dollhouse before it's too late.",https://image.tmdb.org/t/p/w500/t6LLguAmu6iZUN8pWhT7Q0IcaQ5.jpg,6.6,2025-09-13,https://www.themoviedb.org/movie/1280282
"The Dark Knight","Batman raises the stakes in his war on crime. With the help of Lt. Jim Gordon and District Attorney Harvey Dent, Batman sets out to dismantle the remaining criminal organizations that plague the streets. The partnership proves to be effective, but they soon find themselves prey to a reign of chaos unleashed by a rising criminal mastermind known to the terrified citizens of Gotham as the Joker.",https://image.tmdb.org/t/p/w500/qJ2tW6WMUDux911r6m7haRef0WH.jpg,8.524,2008-07-16,https://www.themoviedb.org/movie/155
"Ice Road: Vengeance","Big rig ice road driver Mike McCann travels to Nepal to scatter his late brother’s ashes on Mt. Everest. While on a packed tour bus traversing the deadly 12,000 ft. terrain of the infamous Road to the Sky, McCann and his mountain guide encounter a group of mercenaries and must fight to save themselves, the busload of innocent travelers, and the local villagers’ homeland.",https://image.tmdb.org/t/p/w500/cQN9rZj06rXMVkk76UF1DfBAico.jpg,6.301,2025-06-27,https://www.themoviedb.org/movie/1119878
Eden,"A group of disillusioned outsiders abandon modern society in search of a new beginning. Settling on a remote, uninhabited island, their utopian dream quickly unravels as they discover that the greatest threat isn’t the brutal climate or deadly wildlife, but each other.",https://image.tmdb.org/t/p/w500/jbFEESMVbpJU8IjZBjiWGJdEsxR.jpg,6.7,2025-04-03,https://www.themoviedb.org/movie/1042834
"The Rookie Guide","Yann can’t find a job he likes or can keep, and dreams of a better life. One day he learns that the famous travel guide Le Routard pays its employees to travel the world. Surely the perfect free holiday! Smooth-talking his way through the door, Yann manages to get himself hired for a trial research trip to Morocco, but he rapidly comes to realise that he’s seriously underestimated the job… Beguiled by Sofia, a feisty tourist guide, Yann gets swept up in an art trafficking operation led by the infamous mobster art dealer Dr Charoux and is plunged into an adventure where nothing will go as planned!",https://image.tmdb.org/t/p/w500/fSxrzckEOWAFBBPwt9X4AHfVEA7.jpg,4.8,2025-04-02,https://www.themoviedb.org/movie/1191666
"Striking Rescue","A veteran Muay Thai expert goes on a take-no-prisoners mission of revenge after his wife and daughter are brutally murdered by mysterious forces.",https://image.tmdb.org/t/p/w500/nML8rOI4GOiiEsXgknuhZeUF8M7.jpg,7.529,2024-12-05,https://www.themoviedb.org/movie/1382406
It,"In a small town in Maine, seven children known as The Losers Club come face to face with life problems, bullies and a monster that takes the shape of a clown called Pennywise.",https://image.tmdb.org/t/p/w500/9E2y5Q7WlCVNEhP5GiVTjhEhx1o.jpg,7.2,2017-09-06,https://www.themoviedb.org/movie/346364
"Deadpool & Wolverine","A listless Wade Wilson toils away in civilian life with his days as the morally flexible mercenary, Deadpool, behind him. But when his homeworld faces an existential threat, Wade must reluctantly suit-up again with an even more reluctant Wolverine.",https://image.tmdb.org/t/p/w500/8cdWjvZQUExUUTzyp4t6EDMubfO.jpg,7.571,2024-07-24,https://www.themoviedb.org/movie/533535
"The Godfather","Spanning the years 1945 to 1955, a chronicle of the fictional Italian-American Corleone crime family. When organized crime family patriarch, Vito Corleone barely survives an attempt on his life, his youngest son, Michael steps in to take care of the would-be killers, launching a campaign of bloody revenge.",https://image.tmdb.org/t/p/w500/3bhkrj58Vtu7enYsRolD1fZdja1.jpg,8.685,1972-03-14,https://www.themoviedb.org/movie/238
Hedda,"Hedda Gabler finds herself torn between the lingering ache of a past love and the quiet suffocation of her present life. Over the course of one charged night, long-repressed desires and hidden tensions erupt—pulling her and everyone around her into a spiral of manipulation, passion, and betrayal.",https://image.tmdb.org/t/p/w500/ecflk7AZf0ij205yDswjlvdxlCO.jpg,5.191,2025-10-22,https://www.themoviedb.org/movie/997113
Elio,"Elio, a space fanatic with an active imagination, finds himself on a cosmic misadventure where he must form new bonds with eccentric alien lifeforms, navigate a crisis of intergalactic proportions and somehow discover who he is truly meant to be.",https://image.tmdb.org/t/p/w500/7z8jDiTZZco9moIKpTUImFtTy7o.jpg,6.953,2025-06-18,https://www.themoviedb.org/movie/1022787
"The Lord of the Rings: The Fellowship of the Ring","Young hobbit Frodo Baggins, after inheriting a mysterious ring from his uncle Bilbo, must leave his home in order to keep it from falling into the hands of its evil creator. Along the way, a fellowship is formed to protect the ringbearer and make sure that the ring arrives at its final destination: Mt. Doom, the only place where it can be destroyed.",https://image.tmdb.org/t/p/w500/6oom5QYQ2yQTMJIbnvbkBL9cHo6.jpg,8.426,2001-12-18,https://www.themoviedb.org/movie/120
"Predator 2","A police chief in the war-torn streets of Los Angeles discovers that an extraterrestrial creature is hunting down residents - and that he is the next target.",https://image.tmdb.org/t/p/w500/83X4VwY9sdSJykskmsplIVG0a4h.jpg,6.292,1990-11-21,https://www.themoviedb.org/movie/169
"Pan's Labyrinth","In post–civil war Spain, 10-year-old Ofelia moves with her pregnant mother to live under the control of her cruel stepfather. Drawn into a mysterious labyrinth, she meets a faun who reveals that she may be a lost princess from an underground kingdom. To return to her true father, she must complete a series of surreal and perilous tasks that blur the line between reality and fantasy.",https://image.tmdb.org/t/p/w500/z7xXihu5wHuSMWymq5VAulPVuvg.jpg,7.757,2006-10-11,https://www.themoviedb.org/movie/1417
"A Working Man","Levon Cade left behind a decorated military career in the black ops to live a simple life working construction. But when his boss's daughter, who is like family to him, is taken by human traffickers, his search to bring her home uncovers a world of corruption far greater than he ever could have imagined.",https://image.tmdb.org/t/p/w500/6FRFIogh3zFnVWn7Z6zcYnIbRcX.jpg,6.704,2025-03-26,https://www.themoviedb.org/movie/1197306
"The Pro","The Pro tells the story of a young surfer, Tiaan Nothnagel that has to come to terms with the accidental death of his best friend, Dirkie Lawrence just before their last year at school.After Dirkie’s death, Tiaan swears off surfing for good, as he can’t stand to be reminded of everything that he and Dirkie shared. But then, Dirkie’s twin sister (who went to live with their dad after their parents split up the previous year) arrives in town on a mission: to be selected to go on Wave-Seekers, a fictional World Surf Tour and something that Tiaan and Dirkie dreamt of doing.",https://image.tmdb.org/t/p/w500/11dKhjR9CMGHKuI5zKgdXCYiBfi.jpg,6.2,2015-09-18,https://www.themoviedb.org/movie/372504
"The Shawshank Redemption","Imprisoned in the 1940s for the double murder of his wife and her lover, upstanding banker Andy Dufresne begins a new life at the Shawshank prison, where he puts his accounting skills to work for an amoral warden. During his long stretch in prison, Dufresne comes to be admired by the other inmates -- including an older prisoner named Red -- for his integrity and unquenchable sense of hope.",https://image.tmdb.org/t/p/w500/9cqNxx0GxF0bflZmeSMuL5tnGzr.jpg,8.7,1994-09-23,https://www.themoviedb.org/movie/278
"M3GAN 2.0","After the underlying tech for M3GAN is stolen and misused by a powerful defense contractor to create a military-grade weapon known as Amelia, M3GAN's creator Gemma realizes that the only option is to resurrect M3GAN and give her a few upgrades, making her faster, stronger, and more lethal.",https://image.tmdb.org/t/p/w500/4a63rQqIDTrYNdcnTXdPsQyxVLo.jpg,7.379,2025-06-25,https://www.themoviedb.org/movie/1071585
"Corpse Bride","In a 19th-century European village, a young man about to be married is whisked away to the underworld and wed to a mysterious corpse bride, while his real bride waits bereft in the land of the living.",https://image.tmdb.org/t/p/w500/isb2Qow76GpqYmsSyfdMfsYAjts.jpg,7.583,2005-09-12,https://www.themoviedb.org/movie/3933
Bewitched,"Thinking he can overshadow an unknown actress in the part, an egocentric actor unknowingly gets a witch cast in an upcoming television remake of the classic show ""Bewitched"".",https://image.tmdb.org/t/p/w500/8lx4EXmAZo8ogh4128UBZRQfCjI.jpg,5.082,2005-06-21,https://www.themoviedb.org/movie/9722
"Night Carnage","A blogger who is also a werewolf meets a dashing playboy with a dark secret of his own. Starring Logan Andrews and Christian Howard.",https://image.tmdb.org/t/p/w500/w0wjPQKhlqisSbylf1sWZiNyc2h.jpg,5.746,2025-07-29,https://www.themoviedb.org/movie/986206
"The Twits","When the meanest, nastiest villains pull a trick to take over their town, two brave children team up with a family of magical animals to bring them down.",https://image.tmdb.org/t/p/w500/izYZGeOHhPWiga8Hb5P4JYfcH8T.jpg,6.109,2025-10-17,https://www.themoviedb.org/movie/927254
Zootopia,"Determined to prove herself, Officer Judy Hopps, the first bunny on Zootopia's police force, jumps at the chance to crack her first case - even if it means partnering with scam-artist fox Nick Wilde to solve the mystery.",https://image.tmdb.org/t/p/w500/hlK0e0wAQ3VLuJcsfIYPvb4JVud.jpg,7.751,2016-02-11,https://www.themoviedb.org/movie/269149
"Red Sonja","A young girl rises from the ashes of tragedy to become the most feared warrior woman of all time: the She-Devil with a Sword.",https://image.tmdb.org/t/p/w500/aE3yh4y0h96CZZpLo0UDFMWZAA9.jpg,5.776,2025-07-31,https://www.themoviedb.org/movie/13494
"Karate Kid: Legends","After a family tragedy, kung fu prodigy Li Fong is uprooted from his home in Beijing and forced to move to New York City with his mother. When a new friend needs his help, Li enters a karate competition – but his skills alone aren't enough. Li's kung fu teacher Mr. Han enlists original Karate Kid Daniel LaRusso for help, and Li learns a new way to fight, merging their two styles into one for the ultimate martial arts showdown.",https://image.tmdb.org/t/p/w500/AEgggzRr1vZCLY86MAp93li43z.jpg,7.1,2025-05-08,https://www.themoviedb.org/movie/1011477
"Never Alone","1942. The State of Finland has formed an alliance with Nazi Germany. An elderly man single-handedly tries to stop a secret attempt by the Finnish State Police to hand over Jewish refugees directly to the Gestapo.",https://image.tmdb.org/t/p/w500/yUVi6U5rYu7tXHBFqcZcgqq5chD.jpg,6.2,2025-01-17,https://www.themoviedb.org/movie/563470
"The Predator","When a young boy accidentally triggers the universe's most lethal hunters' return to Earth, only a ragtag crew of ex-soldiers and a disgruntled scientist can prevent the end of the human race.",https://image.tmdb.org/t/p/w500/a3eWGF6YPF7No5Rbtjc8QpDvz7l.jpg,5.627,2018-09-05,https://www.themoviedb.org/movie/346910
HIM,"After suffering a potentially career-ending brain trauma, Cameron Cade receives a lifeline when his hero, legendary eight-time Championship quarterback and cultural megastar Isaiah White, offers to train Cam at Isaiah's isolated compound that he shares with his celebrity influencer wife. But as Cam's training accelerates, Isaiah's charisma begins to curdle into something darker.",https://image.tmdb.org/t/p/w500/qPJzcYR2f1O1uynYBCVPPJuOiAH.jpg,5.844,2025-09-18,https://www.themoviedb.org/movie/986097
"Alien: Romulus","While scavenging the deep ends of a derelict space station, a group of young space colonizers come face to face with the most terrifying life form in the universe.",https://image.tmdb.org/t/p/w500/2uSWRTtCG336nuBiG8jOTEUKSy8.jpg,7.2,2024-08-13,https://www.themoviedb.org/movie/945961
"Inside Out 2","Teenager Riley's mind headquarters is undergoing a sudden demolition to make room for something entirely unexpected: new Emotions! Joy, Sadness, Anger, Fear and Disgust, who’ve long been running a successful operation by all accounts, aren’t sure how to feel when Anxiety shows up. And it looks like she’s not alone.",https://image.tmdb.org/t/p/w500/vpnVM9B6NMmQpWeZvzLvDESb2QY.jpg,7.551,2024-06-11,https://www.themoviedb.org/movie/1022789
"Avengers: Infinity War","As the Avengers and their allies have continued to protect the world from threats too large for any one hero to handle, a new danger has emerged from the cosmic shadows: Thanos. A despot of intergalactic infamy, his goal is to collect all six Infinity Stones, artifacts of unimaginable power, and use them to inflict his twisted will on all of reality. Everything the Avengers have fought for has led up to this moment - the fate of Earth and existence itself has never been more uncertain.",https://image.tmdb.org/t/p/w500/7WsyChQLEftFiDOVTGkv3hFpyyt.jpg,8.235,2018-04-25,https://www.themoviedb.org/movie/299536
"The Woman in Cabin 10","On a lavish yacht for an assignment, a journalist sees a passenger go overboard. But when no one believes her, she risks her life to uncover the truth.",https://image.tmdb.org/t/p/w500/4kpdyePOlcELQQJcxXPF5GB1Adw.jpg,6.21,2025-10-09,https://www.themoviedb.org/movie/1290879
"27 Nights","When a woman is admitted by her daughters to a psychiatric clinic for her carefree ways, an expert must judge if she is ill or simply wants to enjoy life.",https://image.tmdb.org/t/p/w500/kVMUTLFbfQvNYdFHiexTDnSHntV.jpg,6.4,2025-09-19,https://www.themoviedb.org/movie/1327769
Frozen,"Young princess Anna of Arendelle dreams about finding true love at her sister Elsa’s coronation. Fate takes her on a dangerous journey in an attempt to end the eternal winter that has fallen over the kingdom. She's accompanied by ice delivery man Kristoff, his reindeer Sven, and snowman Olaf. On an adventure where she will find out what friendship, courage, family, and true love really means.",https://image.tmdb.org/t/p/w500/itAKcobTYGpYT8Phwjd8c9hleTo.jpg,7.249,2013-11-20,https://www.themoviedb.org/movie/109445
"Eagle Eye","Jerry Shaw and Rachel Holloman are two strangers whose lives are suddenly thrown into turmoil by a mysterious woman they have never met. Threatening their lives and family, the unseen caller uses everyday technology to control their actions and push them into increasing danger. As events escalate, Jerry and Rachel become the country's most-wanted fugitives and must figure out what is happening to them.",https://image.tmdb.org/t/p/w500/9KCOv0hL37IN3tWG3j86eZg3xDH.jpg,6.48,2008-09-25,https://www.themoviedb.org/movie/13027
"Ne Zha","A young boy is born as the reincarnation of a demonic power, into a society that hates and fears him. Destined by prophecy to bring destruction to the world, Nezha must choose between good and evil to see if he can change his fate.",https://image.tmdb.org/t/p/w500/phM9bb6s9c60LA8qwsdk7U1N2cS.jpg,7.891,2019-07-26,https://www.themoviedb.org/movie/615453
"The Apocalypse","The film is set in 90 AD and concerns Jesus Christ's last surviving disciple, John of Patmos, and his writings and visions from the Apocalypse of John. Emperor Domitian has declared himself to be God and ruler, over heaven and earth. The Christians do not recognize his divinity and face persecution, from the God Emperor. John has been imprisoned on, the island of Patmos, a Roman mining, penal colony, with many others. He writes out messages of his visions and sends the ""Revelation of God"", to the seven churches of Greek Asia Minor. The Christian church, in Ephesus, sends Irene to make sure John is alive and to confer with him in person. The movie depicts scenes from the Book of Revelation and links them to events happening to the church in Asia.",https://image.tmdb.org/t/p/w500/xOVnFNQgcd06vhW9vGPPmPywX0D.jpg,0,2002-12-10,https://www.themoviedb.org/movie/416580
"Butchers Book Two: Raghorn","Book one followed a family of sadistic butchers, living in the backcountry, who see anyone that crosses their path as dead meat. In “Butchers Book Two: Raghorn,” the story continues when an accident leaves the captors in the hands of brutal cannibals who plan to hack them up for meat.",https://image.tmdb.org/t/p/w500/uSLYBuDTHpTAJI9vcm2brMu4J9H.jpg,4.647,2024-02-29,https://www.themoviedb.org/movie/1244039
Nuremberg,"In postwar Germany, an American psychiatrist must determine whether Nazi prisoners are fit to go on trial for war crimes, and finds himself in a complex battle of intellect and ethics with Hermann Göring, Hitler's right-hand man.",https://image.tmdb.org/t/p/w500/gOPHBaJJNpNDEnTHmDixg5JS8yp.jpg,7.1,2025-11-06,https://www.themoviedb.org/movie/1214931
"Harry Potter and the Philosopher's Stone","Harry Potter has lived under the stairs at his aunt and uncle's house his whole life. But on his 11th birthday, he learns he's a powerful wizard—with a place waiting for him at the Hogwarts School of Witchcraft and Wizardry. As he learns to harness his newfound powers with the help of the school's kindly headmaster, Harry uncovers the truth about his parents' deaths—and about the villain who's to blame.",https://image.tmdb.org/t/p/w500/wuMc08IPKEatf9rnMNXvIDxqP4W.jpg,7.9,2001-11-16,https://www.themoviedb.org/movie/671
"Three Friends","Joan is no longer in love with Victor, but it pains her to feel she is being dishonest with him. Alice, her best friend, reassures her: She herself doesn’t feel passionate about her partner Eric and yet their relationship is smooth sailing. She has no idea he is having an affair with Rebecca, their mutual friend. When Joan finally decides to leave Victor and he disappears, the lives of the three friends and their relationships are turned upside down.",https://image.tmdb.org/t/p/w500/s2mk1ElcP9xBhd4QHtUvXYMH8qs.jpg,6.218,2024-11-06,https://www.themoviedb.org/movie/1137245
"Your Fault","The love between Noah and Nick seems unwavering despite their parents' attempts to separate them. But his job and her entry into college open up their lives to new relationships that will shake the foundations of both their relationship and the Leister family itself.",https://image.tmdb.org/t/p/w500/1sQA7lfcF9yUyoLYC0e6Zo3jmxE.jpg,7.137,2024-12-26,https://www.themoviedb.org/movie/1156593
"Aztec Batman: Clash of Empires","In the time of the Aztec empire, tragedy strikes Yohualli Coatl when his father is murdered by Spanish conquistadors. To warn King Moctezuma and his high priest, Yoka, of imminent danger, Yohualli escapes to Tenochtitlán. There, he trains in the temple of the bat god Tzinacan with his mentor, developing equipment and weaponry to confront the Spanish invasion and avenge his father’s death. Along the way, he encounters key figures like the fierce Jaguar Woman and the conquistador Hernán Cortés.",https://image.tmdb.org/t/p/w500/s0Mlo5w4INp3bUdsJo3RaSSMXWz.jpg,7.839,2025-09-18,https://www.themoviedb.org/movie/987400
"Pirates of the Caribbean: The Curse of the Black Pearl","After Port Royal is attacked and pillaged by a mysterious pirate crew, capturing the governor's daughter Elizabeth Swann in the process, William Turner asks free-willing pirate Jack Sparrow to help him locate the crew's ship—The Black Pearl—so that he can rescue the woman he loves.",https://image.tmdb.org/t/p/w500/z8onk7LV9Mmw6zKz4hT6pzzvmvl.jpg,7.815,2003-07-09,https://www.themoviedb.org/movie/22
"Bewitched Bunny","Bugs must rescue Hansel and Gretel from Witch Hazel's clutches.",https://image.tmdb.org/t/p/w500/omS0uuQxsZRURDbMDwnIQbotjjy.jpg,7.152,1954-07-24,https://www.themoviedb.org/movie/83743
"The Gorge","Two highly trained operatives grow close from a distance after being sent to guard opposite sides of a mysterious gorge. When an evil below emerges, they must work together to survive what lies within.",https://image.tmdb.org/t/p/w500/7iMBZzVZtG0oBug4TfqDb9ZxAOa.jpg,7.68,2025-02-13,https://www.themoviedb.org/movie/950396
"Avatar: The Way of Water","Set more than a decade after the events of the first film, learn the story of the Sully family (Jake, Neytiri, and their kids), the trouble that follows them, the lengths they go to keep each other safe, the battles they fight to stay alive, and the tragedies they endure.",https://image.tmdb.org/t/p/w500/t6HIqrRAclMCA60NsSmeqe9RmNV.jpg,7.6,2022-12-14,https://www.themoviedb.org/movie/76600
"Pirates of the Caribbean: On Stranger Tides","Captain Jack Sparrow crosses paths with a woman from his past, and he's not sure if it's love — or if she's a ruthless con artist who's using him to find the fabled Fountain of Youth. When she forces him aboard the Queen Anne's Revenge, the ship of the formidable pirate Blackbeard, Jack finds himself on an unexpected adventure in which he doesn't know who to fear more: Blackbeard or the woman from his past.",https://image.tmdb.org/t/p/w500/keGfSvCmYj7CvdRx36OdVrAEibE.jpg,6.562,2011-05-15,https://www.themoviedb.org/movie/1865
"Incredibles 2","Elastigirl springs into action to save the day, while Mr. Incredible faces his greatest challenge yet – taking care of the problems of his three children.",https://image.tmdb.org/t/p/w500/9lFKBtaVIhP7E2Pk0IY1CwTKTMZ.jpg,7.456,2018-06-14,https://www.themoviedb.org/movie/260513
"The Passenger","A man wakes up to find himself alone in a train carriage. During his train journey, unexpected events will lead him through to finally discover his lost memories.",https://image.tmdb.org/t/p/w500/zOkR66P0IBG6nB11pqhfRQIFP3M.jpg,0,2016-09-01,https://www.themoviedb.org/movie/933523
"Crooked Arrows","A native-American lacrosse team makes its way through a prep school league tournament.",https://image.tmdb.org/t/p/w500/7U4h600YDepnrTOwa2MmQgYi8lN.jpg,6.2,2012-05-18,https://www.themoviedb.org/movie/106135
"The Hangover","When three friends finally come to after a raucous night of bachelor-party revelry, they find a baby in the closet and a tiger in the bathroom. But they can't seem to locate their best friend, Doug – who's supposed to be tying the knot. Launching a frantic search for Doug, the trio perseveres through a nasty hangover to try to make it to the church on time.",https://image.tmdb.org/t/p/w500/A0uS9rHR56FeBtpjVki16M5xxSW.jpg,7.328,2009-06-02,https://www.themoviedb.org/movie/18785
Thunderbolts*,"After finding themselves ensnared in a death trap, seven disillusioned castoffs must embark on a dangerous mission that will force them to confront the darkest corners of their pasts.",https://image.tmdb.org/t/p/w500/hqcexYHbiTBfDIdDWxrxPtVndBX.jpg,7.311,2025-04-30,https://www.themoviedb.org/movie/986056
"Bring Her Back","Following the death of their father, a brother and sister are sent to live with a foster mother, only to learn that she is hiding a terrifying secret.",https://image.tmdb.org/t/p/w500/1Q3GlCXGYWELifxANYZ5OVMRVZl.jpg,7.4,2025-05-28,https://www.themoviedb.org/movie/1151031
"Dead Driver","After a plague of the undead decimates human life on Earth, a former hit man (Mark Dacascos), his wife, and daughter live quietly in a survivalist compound. But when their base is attacked, a massive explosion summons a swarm of the undead. They escape and must seek out the Haven, a rumored sanctuary up north, while the father teaches his daughter to shoot, drive, and survive before time runs out.",https://image.tmdb.org/t/p/w500/cCO26pPZDnZ4SRuqV2cwyuDKBfs.jpg,6.1,2019-11-25,https://www.themoviedb.org/movie/648043
"The Defilers","Two young thugs kidnap a young girl and keep her in the basement of an old warehouse where they forcibly make her their sex slave.",https://image.tmdb.org/t/p/w500/gaY9sBa9beyZT1dSjILO0ceLitz.jpg,4.567,1965-10-01,https://www.themoviedb.org/movie/94736
"Repeated Absences","François Naulet turns his bedroom into an island of drugs, loneliness and despair.",https://image.tmdb.org/t/p/w500/1tyoj4hZZIrtsuRt7qqKlz30LBq.jpg,4.286,1972-11-01,https://www.themoviedb.org/movie/295912
Sinners,"Trying to leave their troubled lives behind, twin brothers return to their hometown to start again, only to discover that an even greater evil is waiting to welcome them back.",https://image.tmdb.org/t/p/w500/4CkZl1LK6a5rXBqJB2ZP77h3N5i.jpg,7.503,2025-04-16,https://www.themoviedb.org/movie/1233413
"Amityville Exorcism","A family must put faith in a mysterious priest when an demonic force, connected to a decades-old murders in their home, possesses their daughter.",https://image.tmdb.org/t/p/w500/9hqGKcQ1XNhKzc2gDiEPbO9gh4S.jpg,3.6,2017-01-03,https://www.themoviedb.org/movie/433002
"The Unsuspected","The secretary of an affably suave radio mystery host mysteriously commits suicide after his wealthy young niece disappears.",https://image.tmdb.org/t/p/w500/cUhDjZUHtWuB1tAnpHbIXeQMsGb.jpg,6.6,1947-10-11,https://www.themoviedb.org/movie/29117
"Born Yesterday","Uncouth, loud-mouth junkyard tycoon Harry Brock descends upon Washington D.C. to buy himself a congressman or two, bringing with him his mistress, ex-showgirl Billie Dawn.",https://image.tmdb.org/t/p/w500/hPiQUhnkgp2O9bQz9KhSyOjLvGl.jpg,7.2,1950-12-26,https://www.themoviedb.org/movie/24481
Inception,"Cobb, a skilled thief who commits corporate espionage by infiltrating the subconscious of his targets is offered a chance to regain his old life as payment for a task considered to be impossible: ""inception"", the implantation of another person's idea into a target's subconscious.",https://image.tmdb.org/t/p/w500/ljsZTbVsrQSqZgWeep2B1QiDKuh.jpg,8.37,2010-07-15,https://www.themoviedb.org/movie/27205
"Meteor Apocalypse","A gigantic meteors enters Earth's orbit and begins to disintegrate, showering the entire planet with debris.",https://image.tmdb.org/t/p/w500/dQmxTUlLYvy7tCkSctD4QpalPsb.jpg,5.1,2010-02-23,https://www.themoviedb.org/movie/41997
"The Judge","A successful lawyer returns to his hometown for his mother's funeral only to discover that his estranged father, the town's judge, is suspected of murder.",https://image.tmdb.org/t/p/w500/3K93GWotLXe4FqpErri0xkpLaD5.jpg,7.329,2014-10-08,https://www.themoviedb.org/movie/205587
Predators,"A group of cold-blooded killers find themselves trapped on an alien planet to be hunted by extraterrestrial Predators.",https://image.tmdb.org/t/p/w500/sx5EuckP7SBQrlMlxg0PLt282WS.jpg,6.289,2010-07-07,https://www.themoviedb.org/movie/34851
"Now You See Me","An FBI agent and an Interpol detective track a team of illusionists who pull off bank heists during their performances and reward their audiences with the money.",https://image.tmdb.org/t/p/w500/tWsNYbrqy1p1w6K9zRk0mSchztT.jpg,7.332,2013-05-29,https://www.themoviedb.org/movie/75656
"The Astronaut","After returning from her first space mission, astronaut Sam Walker is placed under NASA’s care at a high security house for rehabilitation and medical testing. However, when disturbing occurrences begin happening around the property, she fears that something extraterrestrial has followed her back to Earth",https://image.tmdb.org/t/p/w500/souvvkJHYhztC1UqZ8lEVUiJa3J.jpg,5.825,2025-09-26,https://www.themoviedb.org/movie/1086260
"June Zero","Israel, 1961. Nazi war criminal Adolf Eichmann, responsible for organizing the extermination of European Jews, is sentenced to death.",https://image.tmdb.org/t/p/w500/nyFh9zRa8KMWgMng87t3TEr3XEX.jpg,7.7,2023-09-08,https://www.themoviedb.org/movie/982221
"Stone Markers","""I see you, friends..."" So says an eerie voice in the woods that seems to haunt identical twin brothers, Cory and Connor Sherman and their three friends after they discover a strange stone marker in the woods. And when a mental patient escapes and a young boy disappears, the group embarks on a quest that uncovers information related to the disappearances of seven children more than thirty years earlier. But what starts out as an adventure soon turns terrifying as one of the boys goes missing and the remaining boys are confronted by a horrifying truth that threatens their very lives.",https://image.tmdb.org/t/p/w500/8RoxG7C3vhlCACo0i2rYbnkwSOn.jpg,1,2012-01-01,https://www.themoviedb.org/movie/659423
Avatar,"In the 22nd century, a paraplegic Marine is dispatched to the moon Pandora on a unique mission, but becomes torn between following orders and protecting an alien civilization.",https://image.tmdb.org/t/p/w500/gKY6q7SjCkAU6FqvqWybDYgUKIF.jpg,7.594,2009-12-15,https://www.themoviedb.org/movie/19995
"The King of Snipers","The genius sniper Anna is forced to accept an assassination assignment. In the process, she gradually finds her true calling to fight for kindness and to defend a greater love. Tai, a special agent for the UN army, stands up for justice when drug lords try to harm innocent citizens. The two join forces to block the bill to legalize drug cultivation and distribution in Libiwala. They fight to the death with the drug lord Luo Jie and eventually foil his plans, protecting the people from the drugs. This is the exciting story of them working together to save a nation.",https://image.tmdb.org/t/p/w500/r5C85R0Bc6RL51PnPv2HIvpSMJ7.jpg,5.6,2023-01-24,https://www.themoviedb.org/movie/1078023
"Sonic the Hedgehog 3","Sonic, Knuckles, and Tails reunite against a powerful new adversary, Shadow, a mysterious villain with powers unlike anything they have faced before. With their abilities outmatched in every way, Team Sonic must seek out an unlikely alliance in hopes of stopping Shadow and protecting the planet.",https://image.tmdb.org/t/p/w500/d8Ryb8AunYAuycVKDp5HpdWPKgC.jpg,7.651,2024-12-19,https://www.themoviedb.org/movie/939243
"The Prank","After their teacher fails them, two high school students decide to teach the imperious, demanding instructor a lesson by falsely accusing her of the murder of a missing student.",https://image.tmdb.org/t/p/w500/kLDglJRVvImOzZ3VdtxrcOnqEF9.jpg,5.571,2024-03-15,https://www.themoviedb.org/movie/934201
Coraline,"Wandering her rambling old house in her boring new town, 11-year-old Coraline discovers a hidden door to a strangely idealized version of her life. In order to stay in the fantasy, she must make a frighteningly real sacrifice.",https://image.tmdb.org/t/p/w500/4jeFXQYytChdZYE9JYO7Un87IlW.jpg,7.895,2009-02-05,https://www.themoviedb.org/movie/14836
"Light of the World","It's 30 AD and everyone is expectantly awaiting the coming Messiah. While Jesus isn't exactly what they imagined, there is something special about this man. Soon, John, James, Andrew, Peter, and others begin to follow Jesus on an unexpected adventure. This beautifully animated story of Jesus is told through the eyes of his beloved young friend, the Apostle John.",https://image.tmdb.org/t/p/w500/3vUqo90FCIHXPiXnQJEeqzg5EDV.jpg,9,2025-09-04,https://www.themoviedb.org/movie/1374686
"The Substance","A fading celebrity decides to use a black market drug, a cell-replicating substance that temporarily creates a younger, better version of herself.",https://image.tmdb.org/t/p/w500/lqoMzCcZYEFK729d6qzt349fB4o.jpg,7.141,2024-09-07,https://www.themoviedb.org/movie/933260
"Your Name.","High schoolers Mitsuha and Taki are complete strangers living separate lives. But one night, they suddenly switch places. Mitsuha wakes up in Taki’s body, and he in hers. This bizarre occurrence continues to happen randomly, and the two must adjust their lives around each other.",https://image.tmdb.org/t/p/w500/q719jXXEzOoYaps6babgKnONONX.jpg,8.478,2016-08-26,https://www.themoviedb.org/movie/372058
"The Incredibles","Bob Parr has given up his superhero days to log in time as an insurance adjuster and raise his three children with his formerly heroic wife in suburbia. But when he receives a mysterious assignment, it's time to get back into costume.",https://image.tmdb.org/t/p/w500/2LqaLgk4Z226KkgPJuiOQ58wvrm.jpg,7.72,2004-11-05,https://www.themoviedb.org/movie/9806
"White Noise","An architect's desire to speak with his wife from beyond the grave using EVP (Electronic Voice Phenomenon), becomes an obsession with supernatural repercussions.",https://image.tmdb.org/t/p/w500/ncB9SvOclmXYALlcAsF1jRIuISl.jpg,5.6,2005-01-07,https://www.themoviedb.org/movie/11804
O'Horten,"Odd Horton is dependable and contained: he's a train driver retiring after 40 years of service, living a simple life. His idea of adventure is to fly from one city in Norway to another. Starting on the night of his retirement dinner, Odd has a series of dislocating experiences: a boy insists that Odd sit by his bedside while he falls asleep; misadventure causes Odd to miss his last run; he witnesses an arrest; he assists an old man and makes a friend; he takes a trip with a blindfolded driver; he adopts a dog; he takes stock late one night at the roundhouse; he revisits his mother's disappointment in him. How should he live the rest of his life?",https://image.tmdb.org/t/p/w500/bOTDPnPVykfS2WprAJc5mkq5ltu.jpg,6.422,2007-12-26,https://www.themoviedb.org/movie/8933
"Pray Away","In the 1970s, five men struggling with being gay in their Evangelical church started a bible study to help each other leave the ""homosexual lifestyle."" They quickly received over 25,000 letters from people asking for help and formalized as Exodus International, the largest and most controversial conversion therapy organization in the world. But leaders struggled with a secret: their own “same-sex attractions” never went away. After years as Christian superstars in the religious right, many of these men and women have come out as LGBTQ, disavowing the very movement they helped start. Focusing on the dramatic journeys of former conversion therapy leaders, current members, and a survivor, PRAY AWAY chronicles the “ex gay"" movement’s rise to power, persistent influence, and the profound harm it causes.",https://image.tmdb.org/t/p/w500/1wikrtZZZoThwnHulB7klQek4Ai.jpg,6.682,2021-06-16,https://www.themoviedb.org/movie/685264
"Little Man","After leaving the prison, the dwarf criminal Calvin Sims joins to his moron brother Percy to steal an expensive huge diamond in a jewelry for the mobster Walken. They are chased by the police, and Calvin hides the stone in the purse of the executive Vanessa Edwards, whose husband Darryl Edwards wants to have a baby. Percy convinces Calvin to dress like a baby and be left in front of the Edwards's house to get inside the house and retrieve the diamond. Darryl and Vanessa keep Calvin for the weekend and decide to adopt him, while Walken threatens Darryl to get the stone back.",https://image.tmdb.org/t/p/w500/9KzPw1VN0pMBnq1KIqBaLI8LAB7.jpg,5.9,2006-08-31,https://www.themoviedb.org/movie/9072
"Ninja Warriors","Steve is a Ninja. He's been called in by the police to help them in their investigations. He's to work with Kevin, a police lieutentant. They are investigating the break-in at the Federal Research Institute, where despite heavy security, 7 Ninja warriors manage to steal a vital document.  Well pleased with their night's work, they return to their master, Kurodo, who finds they only have a half of the information they need.  The police capatain wants results. Kevin suspects that a Japanese Garden he visited once with Steve could be the headquarters of Kurodo and his Ninja's and goes in search of proof. He's caught spying and is tortured and killed.  After the disappearance of Kevin, Steve opens his Ninja box. He breaks the seal of his Katana and starts the Mantra.  He attacks the Japanese Garden, eliminates the Ninja warriors and after recovering the documents and blowing up the laboratory, finally meets Kurodo, there can only be one victor...",https://image.tmdb.org/t/p/w500/ddNOt9GA87HK7YltiYwITIsyLmJ.jpg,5,1985-06-01,https://www.themoviedb.org/movie/81041
Superman,"In this Indian take on the classic superhero story, a young baby from the doomed planet Krypton is sent to Earth, where he is adopted by an elderly couple in India who name him Shekhar. After growing to an adult and learning about his origins and powers, he goes to the city in search of his school sweetheart, Gita, who has become a newpaper reporter. At the same time, Verma, Shekhar's rival for Gita's affection in their school days, has gone on to become a crime lord and general super-villain. Verma has hatched at plan to become rich by devastating part of India with natural disasters, then buying up all of the abandoned land. Will Superman/Shekhar be able to put a stop to Verma's evil plan? Will he win Gita's heart? Will he keep his double identity a secret?",https://image.tmdb.org/t/p/w500,4.7,1987-12-31,https://www.themoviedb.org/movie/167595
"Perforations 2001","Perforations 2001 starts off 10 years after the original. Barbara Joyce stars as a businesswoman who works for an unseen partner in the creation of snuff tapes. Once again, the targets of these tapes are prison inmates whose disappearances won’t create much of a stir. The first order of business is to kill the real Dr. Julia (Tina Krause) and replace her with another prison doctor (Pamela Sutch). Debbie D is Carla, the mercenary hired to kill the inmates and Luke Marlowe is the cameraman recording the deaths and Dean Paul is Barbara’s assistant. Laura Giglio is Jade, the sadistic prison guard who loves using her cattle prod! Also starring as the inmates are Veronika Blu, Elizabeth Raven, Kathy Lynn and introducing Vanessa, with Jordan East as the “warden”. Will anyone survive this bloody rampage?",https://image.tmdb.org/t/p/w500/5e1UaGKyyaCdS65FvS5EZEmuupl.jpg,0,2001-01-01,https://www.themoviedb.org/movie/1480129
"The Thieving Magpie","Maria, who's not as young as she used to be and who helps people older than her, is living from hand to mouth. She can't quite accept her precarious situation and steals a few euros here and there from all those lovely people she looks after with such devotion, and who adore her for it… But after an accusation of abuse of a vulnerable person, Maria winds up in police custody.",https://image.tmdb.org/t/p/w500/lvNpUwVOlj9hoY0JiH5b5OHh9SJ.jpg,6.205,2025-01-29,https://www.themoviedb.org/movie/1175267
"Foreign Correspondent","American crime reporter John Jones is reassigned to Europe as a foreign correspondent to cover the imminent war. When he walks into the middle of an assassination and stumbles on a spy ring, he seeks help from a beautiful politician’s daughter and an urbane English journalist to uncover the truth.",https://image.tmdb.org/t/p/w500/n0WX6eIdIliKB66MI2MWZ3wHsoJ.jpg,7,1940-08-16,https://www.themoviedb.org/movie/25670
"Black Mold","Photographers Brooke Konrad and Tanner Behlman travel to rural, abandoned buildings to capture the inherent beauty of long-forgotten locations, but far from forgotten are the traumatic memories that surface in Brooke when they meet The Man Upstairs, an unsuspecting squatter. As tensions and uncertainties arise, Brooke must determine if this mysterious stranger will provide her the closure she so desperately seeks or let the fears of the past consume her.",https://image.tmdb.org/t/p/w500/tEN12WSxepFqZmWEknBnrXoHDvL.jpg,5.154,2025-01-30,https://www.themoviedb.org/movie/949855
Enough,"Working-class waitress Slim thought she was entering a life of domestic bliss when she married Mitch, the man of her dreams. After the arrival of their first child, her picture perfect life is shattered when she discovers Mitch's hidden possessive dark side, a controlling and abusive alter ego that can turn trust, love and tranquility into terror. Terrified for her child's safety, Slim flees with her daughter. Relentless in his pursuit and enlisting the aid of lethal henchmen, Mitch continually stalks the prey that was once his family.",https://image.tmdb.org/t/p/w500/yAfXnB6B69iM8KiWwzGulCXF4Mo.jpg,6.66,2002-05-21,https://www.themoviedb.org/movie/1957
"What a Drag","A closeted gay man's attempt to ""act straight"" for the sake of his job has unexpected consequences.",https://image.tmdb.org/t/p/w500/eTsacNYD4grU2dAnINLUcttxzY2.jpg,5.835,1996-03-27,https://www.themoviedb.org/movie/31789
"Full Out","Based on the true life story of California gymnast Ariana Berlin. As she zoned in on her Olympic goals, 14 year old Ariana Berlin's life took a sharp turn when she was involved in a debilitating car accident. Gaining her confidence and movement back through learning hip hop dance, she unexpectedly found herself called back to the gymnastics world thanks to world renowned UCLA Coach Valorie Kondos Field. With Val's help, Ariana was eventually able to secure a spot on the UCLA gymnastics team and win an NCAA championship, a lifelong goal that she had always dreamed of. This is a wonderfully inspiring story of persistence, confidence, and the heart and courage to make a somewhat impossible comeback in life.",https://image.tmdb.org/t/p/w500/e9c2JOwJlWUfIZRaxIWE2BZt5GV.jpg,7.233,2015-09-11,https://www.themoviedb.org/movie/298582
"Caught Stealing","Burned-out ex-baseball player Hank Thompson unexpectedly finds himself embroiled in a dangerous struggle for survival amidst the criminal underbelly of late 1990s New York City, forced to navigate a treacherous underworld he never imagined.",https://image.tmdb.org/t/p/w500/cvda8s5J8YaHjTyEyXQpvD6f3iV.jpg,6.904,2025-08-26,https://www.themoviedb.org/movie/1245993
"Captain America: Brave New World","After meeting with newly elected U.S. President Thaddeus Ross, Sam finds himself in the middle of an international incident. He must discover the reason behind a nefarious global plot before the true mastermind has the entire world seeing red.",https://image.tmdb.org/t/p/w500/pzIddUEMWhWzfvLI3TwxUG2wGoi.jpg,6,2025-02-12,https://www.themoviedb.org/movie/822119
Mezcaliente,"Two desperadoes in the middle of the Mexican desert, fall to the charms of a young barmaid, and use their skills in order to seduce her.",https://image.tmdb.org/t/p/w500/hhxUkdrYimwVmjSzHTTyglBquI3.jpg,0,2015-09-03,https://www.themoviedb.org/movie/617572
"KL Vampires","The story is about 2 groups of Vampires, one decedents of Raja Bersiong, who protects Humans and drinks only synthetic blood and another bad vampires which drinks human blood and wants to conquer the world. The Good Vampire kingdom is headed by Vampire queen named Ratu Chitra Sari (Raja Ilya) and her main commander Shah (Josiah Hogan). The antagonist is played by (Donny Alamsyah) as AGUS. Agus is son of Panglima Adi Wijaya who betrayed Raja Bersiong (Father of Ratu Chitra sari) who is the 1st Vampire king who grew fangs after drank human blood. 200 years ago, Raja bersiong Killed Adi Wijaya and grounded his blood thirst soldiers under the ground with a spell. The soldiers can only be awaken by the spell and the blood of Raja Bersiong or his decedents After 200 years on the eclipse , Adi Wijaya, wants to awaken Adi Wijaya’s soldiers and take revenge on Ratu Chitra sari and conquer the human world.",https://image.tmdb.org/t/p/w500/yAvYROLySws3nTU9Es2yi76a1Zg.jpg,0,2019-11-14,https://www.themoviedb.org/movie/643690
"28 Years Later","Twenty-eight years since the rage virus escaped a biological weapons laboratory, now, still in a ruthlessly enforced quarantine, some have found ways to exist amidst the infected. One such group lives on a small island connected to the mainland by a single, heavily-defended causeway. When one member departs on a mission into the dark heart of the mainland, he discovers secrets, wonders, and horrors that have mutated not only the infected but other survivors as well.",https://image.tmdb.org/t/p/w500/mIg1qCkVxnAlM2TK3RUF0tdEXlE.jpg,6.667,2025-06-18,https://www.themoviedb.org/movie/1100988
"Every Day","Maddie was raped in high school at a party, but no one believed her when she reported it, causing her to become a social outcast, and crushing her dreams. Ten years later, as she tries to rebuild her life, she takes a job as a tutor to a wealthy family where, she meets Laurel, the family's nanny. The two become instant and close friends, too close according to her long time friends, Paige and James. They worry Laurel may have alternative motives and try to protect Maddie. Maddie is forced to decide between who she trusts more, Laurel or Paige and James.",https://image.tmdb.org/t/p/w500/bj1XvLeU087dSnTHuhPpRcyyLNy.jpg,0,2021-02-26,https://www.themoviedb.org/movie/797641
Titanic,"101-year-old Rose DeWitt Bukater tells the story of her life aboard the Titanic, 84 years later. A young Rose boards the ship with her mother and fiancé. Meanwhile, Jack Dawson and Fabrizio De Rossi win third-class tickets aboard the ship. Rose tells the whole story from Titanic's departure through to its death—on its first and last voyage—on April 15, 1912.",https://image.tmdb.org/t/p/w500/9xjZS2rlVxm8SFx8kPC3aIGCOYQ.jpg,7.904,1997-11-18,https://www.themoviedb.org/movie/597
"The Accountant²","When an old acquaintance is murdered, Wolff is compelled to solve the case. Realizing more extreme measures are necessary, Wolff recruits his estranged and highly lethal brother, Brax, to help. In partnership with Marybeth Medina, they uncover a deadly conspiracy, becoming targets of a ruthless network of killers who will stop at nothing to keep their secrets buried.",https://image.tmdb.org/t/p/w500/lUvfTcOZiK0sdcX0WNLPbMyKjGm.jpg,7.125,2025-04-23,https://www.themoviedb.org/movie/870028
"Golden Hour","Filmmaking can sometimes be a very chaotic process. Allie is about to learn it as the director just got one last crazy idea.",https://image.tmdb.org/t/p/w500/7nfS3WRIh5SeMdmCPzZmbmmxxB6.jpg,6.3,2022-10-24,https://www.themoviedb.org/movie/877002
"The Roses","Life seems easy for picture-perfect couple Ivy and Theo: successful careers, a loving marriage, great kids. But beneath the façade of their supposed ideal life, a storm is brewing – as Theo's career nosedives while Ivy's own ambitions take off, a tinderbox of fierce competition and hidden resentment ignites.",https://image.tmdb.org/t/p/w500/98n5HnCJ5LnXKIMNP9SBfVNyxCE.jpg,6.799,2025-08-27,https://www.themoviedb.org/movie/1267905
"Back to the Future","Eighties teenager Marty McFly is accidentally sent back in time to 1955, inadvertently disrupting his parents' first meeting and attracting his mother's romantic interest. Marty must repair the damage to history by rekindling his parents' romance and - with the help of his eccentric inventor friend Doc Brown - return to 1985.",https://image.tmdb.org/t/p/w500/vN5B5WgYscRGcQpVhHl6p9DDTP0.jpg,8.3,1985-07-03,https://www.themoviedb.org/movie/105
Mulan,"To save her father from certain death in the army, a young woman secretly enlists in his place and becomes one of China's greatest heroines in the process.",https://image.tmdb.org/t/p/w500/bj3iSjLlkwHtJrPmvHXa8P7edI9.jpg,7.9,1998-06-18,https://www.themoviedb.org/movie/10674
Together,"With a move to the countryside already testing the limits of a couple's relationship, a supernatural encounter begins an extreme transformation of their love, their lives, and their flesh.",https://image.tmdb.org/t/p/w500/m52XidzKx94bKlToZfEXUnL3pdy.jpg,7.1,2025-07-28,https://www.themoviedb.org/movie/1242011
"Harry Potter and the Goblet of Fire","When Harry Potter's name emerges from the Goblet of Fire, he becomes a competitor in a grueling battle for glory among three wizarding schools—the Triwizard Tournament. But since Harry never submitted his name for the Tournament, who did? Now Harry must confront a deadly dragon, fierce water demons and an enchanted maze only to find himself in the cruel grasp of He Who Must Not Be Named.",https://image.tmdb.org/t/p/w500/fECBtHlr0RB3foNHDiCBXeg9Bv9.jpg,7.8,2005-11-16,https://www.themoviedb.org/movie/674
"Despicable Me 4","Gru and Lucy and their girls—Margo, Edith and Agnes—welcome a new member to the Gru family, Gru Jr., who is intent on tormenting his dad. Gru also faces a new nemesis in Maxime Le Mal and his femme fatale girlfriend Valentina, forcing the family to go on the run.",https://image.tmdb.org/t/p/w500/wWba3TaojhK7NdycRhoQpsG0FaH.jpg,7.014,2024-06-20,https://www.themoviedb.org/movie/519182
"Average Joe","After a troubled childhood, a former Marine becomes a beloved high school football coach. However, his reputation comes under fire when he is fired for praying before each games.",https://image.tmdb.org/t/p/w500/stuzJUtbqSrOrUdAsYYgmzKggnc.jpg,3.9,2024-10-10,https://www.themoviedb.org/movie/1304366
Smurfs,"When Papa Smurf is mysteriously taken by evil wizards, Razamel and Gargamel, Smurfette leads the Smurfs on a mission into the real world to save him. With the help of new friends, the Smurfs must discover what defines their destiny to save the universe.",https://image.tmdb.org/t/p/w500/8o6lkhL32xQJeB52IIG1us5BVey.jpg,5.933,2025-07-05,https://www.themoviedb.org/movie/936108
"Winter Storage","It's October 7th and Chip is working industriously to store enough acorns in the tree for the winter. Dale would rather sleep in his matchbox, but an angry kick from Chip gets him working furiously. But there's only so much they can do. Their tree is nearly out of acorns. Luckily, the two semi-intelligible chipmunks happen to see the half-unintelligible Donald Duck, a park ranger, planting acorns. They immediately set to steal his bag of the precious nuts. Donald soon realizes what they are up to, and sets out a box propped up with a stick. It's a crude trap, with an acorn as bait; but it's not too crude to fool Dale, who upsets it and traps Chip. Soon, Donald finds he can have fun instigating a fight between these two quarrelsome chipmunks, but he underestimates their friendship and their ability to work as a team against a common enemy: in this case, a bad-tempered duck.",https://image.tmdb.org/t/p/w500/7uSF2KDAD2C5TWgNND2OlrxF1sg.jpg,6.8,1949-06-03,https://www.themoviedb.org/movie/67789
Ligaw,"A sultry woman who charms the hearts of men in a remote province. Dolores, a devoted wife to her paraplegic husband, falls for a young mountaineer. What begins as a reckless escape turns into an affair drenched in passion and secrecy.",https://image.tmdb.org/t/p/w500/yc8V3KEnhvPrzXpdYTXdTvjpOb5.jpg,6,2025-05-09,https://www.themoviedb.org/movie/1470086
Icefall,"A young Indigenous game warden arrests an infamous poacher only to discover that the poacher knows the location of a plane carrying millions of dollars that has crashed in a frozen lake. When a group of criminals and dirty cops are alerted to the poacher’s whereabouts, the warden and the poacher team up to fight back and escape across the treacherous lake before the ice melts.",https://image.tmdb.org/t/p/w500/5Byv6nznAb2Izd0gHpODOXnuSbo.jpg,7.289,2025-10-16,https://www.themoviedb.org/movie/1242501
Insurgent,"Beatrice Prior must confront her inner demons and continue her fight against a powerful alliance which threatens to tear her society apart.",https://image.tmdb.org/t/p/w500/dP5Fb6YRfzmCQtRbHOr2kO7tJW9.jpg,6.364,2015-03-18,https://www.themoviedb.org/movie/262500
"The Coin Bearer","The film set in a decadent world where even death becomes a provider.  In a country where a cadaver may serve as license for holding a sakla operation (illegal gambling) in wakes, people may exploit the dead in order to generate income from the profits of gambling, and possibly pay for its burial.  In Oros, a funeral parlor owner sells an unidentified body to Makoy, a kasero in a saklaan, who, along with his reluctant brother, Abet, set the stage for a three-week long fake wake holding the illegal saklaan.  The sakla personnel deals with everyone involved, including Linda, an impoverished homeowner, as they agree upon a fictional story which will “legitimize” the wake.",https://image.tmdb.org/t/p/w500/zUwOzVx2xwqyWWwHefijaDwy6j9.jpg,0,2012-09-30,https://www.themoviedb.org/movie/215834
Pocahontas,"Set in Colonial America, Pocahontas has become a story of historical value known and loved internationally, among children of all ages. The film tells the story of the first English settlers in Virginia and the Native Americans who lived there.  It highlights the very different values of the two civilisations and particularly their attitude and respect for the land. It's a culture shock story and, on a personal level, a love story",https://image.tmdb.org/t/p/w500/wpwFGXyvNAWrM6LCHUb2VUgkopw.jpg,7.4,1995-10-16,https://www.themoviedb.org/movie/333323
"Pirates of the Caribbean: At World's End","Will Turner and Elizabeth Swann join forces with the revived Captain Barbossa to free Jack Sparrow from Davy Jones' locker. The group must navigate dangerous waters, confront many foes and, ultimately, choose sides in a battle wherein piracy itself hangs in the balance.",https://image.tmdb.org/t/p/w500/jGWpG4YhpQwVmjyHEGkxEkeRf0S.jpg,7.264,2007-05-19,https://www.themoviedb.org/movie/285
"Hotel Dunsmuir","A young woman with extrasensory perception flees her abusive husband, only to land at an historic hotel containing a sinister presence.",https://image.tmdb.org/t/p/w500/1Jl5WbAEd7jaBfQklsbTwbGqkc3.jpg,2.75,2022-10-04,https://www.themoviedb.org/movie/1027950
"Bicentennial Man","Richard Martin buys a gift, a new NDR-114 robot. The product is named Andrew by the youngest of the family's children. ""Bicentennial Man"" follows the life and times of Andrew, a robot purchased as a household appliance programmed to perform menial tasks. As Andrew begins to experience emotions and creative thought, the Martin family soon discovers they don't have an ordinary robot.",https://image.tmdb.org/t/p/w500/wrs23eO0VEWwOQpXoOasMnlW9Y4.jpg,7.271,1999-12-17,https://www.themoviedb.org/movie/2277
"El Camino: A Breaking Bad Movie","In the wake of his dramatic escape from captivity, Jesse Pinkman must come to terms with his past in order to forge some kind of future.",https://image.tmdb.org/t/p/w500/ePXuKdXZuJx8hHMNr2yM4jY2L7Z.jpg,6.968,2019-10-11,https://www.themoviedb.org/movie/559969
"Rabbit Seasoning","Elmer Fudd is hunting both Daffy Duck and Bugs Bunny again.",https://image.tmdb.org/t/p/w500/foVYnv4rV98B2DA0Znzk3Pbm0Mg.jpg,7.414,1952-09-20,https://www.themoviedb.org/movie/52954
"The Lord of the Rings: The Return of the King","As armies mass for a final battle that will decide the fate of the world--and powerful, ancient forces of Light and Dark compete to determine the outcome--one member of the Fellowship of the Ring is revealed as the noble heir to the throne of the Kings of Men. Yet, the sole hope for triumph over evil lies with a brave hobbit, Frodo, who, accompanied by his loyal friend Sam and the hideous, wretched Gollum, ventures deep into the very dark heart of Mordor on his seemingly impossible quest to destroy the Ring of Power.​",https://image.tmdb.org/t/p/w500/rCzpDGLbOoPwLjy3OAm5NUPOTrC.jpg,8.49,2003-12-17,https://www.themoviedb.org/movie/122
Encanto,"The tale of an extraordinary family, the Madrigals, who live hidden in the mountains of Colombia, in a magical house, in a vibrant town, in a wondrous, charmed place called an Encanto. The magic of the Encanto has blessed every child in the family—every child except one, Mirabel. But when she discovers that the magic surrounding the Encanto is in danger, Mirabel decides that she, the only ordinary Madrigal, might just be her exceptional family's last hope.",https://image.tmdb.org/t/p/w500/4j0PNHkMr5ax3IA8tjtxcmPU3QT.jpg,7.6,2021-10-13,https://www.themoviedb.org/movie/568124
"Pirates of the Caribbean: Dead Man's Chest","Captain Jack Sparrow races to recover the heart of Davy Jones to avoid enslaving his soul to Jones' service, as other friends and foes seek the heart for their own agenda as well.",https://image.tmdb.org/t/p/w500/lAhcKRt0ggTFkeFL95jrGQYaRXs.jpg,7.372,2006-07-06,https://www.themoviedb.org/movie/58
Monster,"An emotionally scarred highway drifter shoots a sadistic trick who rapes her, and ultimately becomes America's first female serial killer.",https://image.tmdb.org/t/p/w500/aevmNtJCNG4ZlfEeEGZ79frMUes.jpg,7.2,2003-12-24,https://www.themoviedb.org/movie/504
"Kiss of the Spider Woman","Valentín, a political prisoner, shares a cell with Molina, a window dresser convicted of public indecency. The two form an unlikely bond as Molina recounts the plot of a Hollywood musical starring his favorite silver screen diva, Ingrid Luna.",https://image.tmdb.org/t/p/w500/nLQcyl6XTu17CfT6g739PbsePDO.jpg,5.9,2025-10-09,https://www.themoviedb.org/movie/1214684
"Pork Pie","A trio of accidental outlaws travel the length of New Zealand, protesting conformity and chasing lost love, with a posse of cops and a media frenzy in pursuit.",https://image.tmdb.org/t/p/w500/rVq78wlHLWTf1QQ0BzdcBeg8vM.jpg,6.6,2017-02-02,https://www.themoviedb.org/movie/429698
"Project Nim","From the team behind Man on Wire comes the story of Nim, the chimpanzee who in the 1970s became the focus of a landmark experiment which aimed to show that an ape could learn to communicate with language if raised and nurtured like a human child. Following Nim's extraordinary journey through human society, and the enduring impact he makes on the people he meets along the way, the film is an unflinching and unsentimental biography of an animal we tried to make human. What we learn about his true nature - and indeed our own - is comic, revealing and profoundly unsettling.",https://image.tmdb.org/t/p/w500/bKvxfhFK4hSgY19ObJ30bQYtyli.jpg,6.839,2011-07-08,https://www.themoviedb.org/movie/63579
"The Convent","A group of college students break into an abandoned convent and become possessed by demonic spirits.",https://image.tmdb.org/t/p/w500/ehDQuLqA0Lj03k4uM5MKzphbi0Y.jpg,5.389,2000-01-21,https://www.themoviedb.org/movie/12724
"Silver Bears","Financial wizard ""Doc"" Fletcher is sent by crime boss Joe Fiore to buy a bank in Switzerland in order to more easily launder their profits. When he arrives, Fletcher finds that the bank, acquired by his associate Prince di Siracusa, consists of some shabby offices above a restaurant. To make up for this, the Prince suggests that Fletcher invests in a silver mine owned by Shireen and Agha Firdausi. This solves one problem, but the mine also attracts the attention of some of the most powerful people in the silver business. Fletcher must pull out all his wheeler-dealing skills in order to keep hold of everything he's worked for, in the process romancing a banker's discontented wife.",https://image.tmdb.org/t/p/w500/uaJgZ1IDZToI3mB9MqY80pQm9la.jpg,5.919,1977-06-03,https://www.themoviedb.org/movie/61642
Exorcismus,"Fifteen-year-old Emma Evans is like any other teenage girl; she thinks that her parents don't understand her. She longs for independence and a life free of family ties and responsibilities and she is prepared to do anything to achieve it. But one day she will be forced to face up to the consequences of her actions.Life seems to be carrying on as normal, until one day Emma starts experiencing frightening fits. Her parents are convinced that her problems are either medical or psychological, but when doctors' tests are unable to draw any conclusions, the family is forced to look elsewhere for answers.It all started off as a bit of fun, Emma never really believed it, but the truth is there is something dark and sinister within her, and it won't take long to surface.",https://image.tmdb.org/t/p/w500/9mNSRW05Y80iS9HdwvP5SIq4oL5.jpg,5.5,2010-12-29,https://www.themoviedb.org/movie/63727
"Mickey 17","Unlikely hero Mickey Barnes finds himself in the extraordinary circumstance of working for an employer who demands the ultimate commitment to the job… to die, for a living.",https://image.tmdb.org/t/p/w500/edKpE9B5qN3e559OuMCLZdW1iBZ.jpg,6.853,2025-02-28,https://www.themoviedb.org/movie/696506
"Valhalla Rising","Scandinavia, 1,000 AD. For years, One Eye, a mute warrior of supernatural strength, has been held prisoner by the Norse chieftain Barde. Aided by Are, a boy slave, One Eye slays his captor and together he and Are escape, beginning a journey into the heart of darkness. On their flight, One Eye and Are board a Viking vessel, but the ship is soon engulfed by an endless fog that clears only as the crew sights an unknown land. As the new world reveals its secrets and the Vikings confront their terrible and bloody fate, One Eye discovers his true self.",https://image.tmdb.org/t/p/w500/7LBMcAx6XHwEduIsBYipvUke9n.jpg,6.1,2009-09-04,https://www.themoviedb.org/movie/37861
"Megalodon Rising","When history’s greatest aquatic predator returns, the armada of modern warships sent to destroy it has no chance at all.",https://image.tmdb.org/t/p/w500/vWeWU43mNVzpAnjgzxnvi9xgo9d.jpg,5.8,2021-08-27,https://www.themoviedb.org/movie/866462
"Megalodon Rising","When history’s greatest aquatic predator returns, the armada of modern warships sent to destroy it has no chance at all.",https://image.tmdb.org/t/p/w500/vWeWU43mNVzpAnjgzxnvi9xgo9d.jpg,5.8,2021-08-27,https://www.themoviedb.org/movie/866462
"Enemy Lines","In the frozen, war torn landscape of occupied Poland during World War II, a crack team of allied commandos are sent on a deadly mission behind enemy lines to extract a rocket scientist from the hands of the Nazis.",https://image.tmdb.org/t/p/w500/vG8qBkByy9naORB6zahcntIC2N.jpg,5.3,2020-04-24,https://www.themoviedb.org/movie/679796
"The Shadow's Edge","Macau Police brings the tracking expert police officer out of retirement to help catch a dangerous group of professional thieves.",https://image.tmdb.org/t/p/w500/e0RU6KpdnrqFxDKlI3NOqN8nHL6.jpg,7.2,2025-08-16,https://www.themoviedb.org/movie/1419406
"Red Planet","Astronauts search for solutions to save a dying Earth by searching on Mars, only to have the mission go terribly awry.",https://image.tmdb.org/t/p/w500/6svTVlVEJDoOOEz1G09HLeb7vtF.jpg,5.7,2000-11-10,https://www.themoviedb.org/movie/8870
"Stella Dallas","After divorcing a society man, a small-town woman tries to build a better life for their daughter.",https://image.tmdb.org/t/p/w500/spcGWnz05deoY7gAl0EvrBelzPa.jpg,6.912,1937-08-06,https://www.themoviedb.org/movie/43865
"Assisted Fishing","Dewey Winfield is a lovable loser who wants nothing more than to beat the guy who has bullied him his whole life in a big fishing tournament.  In order to win, Dewey will need the help of some eccentric senior citizens who are about to be evicted from their assisted living home.  When they all go fishing, comedy ensues - tragedy strikes - and Dewey discovers that his hopes and dreams of winning the fishing tournament may not be the most important thing in life after all.",https://image.tmdb.org/t/p/w500/9exTYke078YkgJ2jRv71WaooVo4.jpg,0,2012-01-19,https://www.themoviedb.org/movie/277627
Elemental,"In a city where fire, water, land and air residents live together, a fiery young woman and a go-with-the-flow guy will discover something elemental: how much they have in common.",https://image.tmdb.org/t/p/w500/4Y1WNkd88JXmGfhtWR7dmDAo1T2.jpg,7.594,2023-06-14,https://www.themoviedb.org/movie/976573
"Kaiju No. 8: Mission Recon","In a Kaiju-filled Japan, Kafka Hibino works in monster disposal. After reuniting with his childhood friend Mina Ashiro, a rising star in the anti-Kaiju Defense Force, he decides to pursue his abandoned dream of joining the Force, when he suddenly transforms into the powerful ""Kaiju No. 8."" An action-packed recap of the first season of Kaiju No. 8 and a new original episode, Hoshina's Day Off.",https://image.tmdb.org/t/p/w500/2mU8qUbYKlHBdmDDbCmKLuqXd1m.jpg,7.932,2025-03-28,https://www.themoviedb.org/movie/1326106
"Teenage Mutant Ninja Turtles","When a kingpin threatens New York City, a group of mutated turtle warriors must emerge from the shadows to protect their home.",https://image.tmdb.org/t/p/w500/azL2ThbJMIkts3ZMt3j1YgBUeDB.jpg,5.924,2014-08-07,https://www.themoviedb.org/movie/98566
Sarraounia,"On 2 January 1899, starting from the French Sudan, a French column under the command of the captains Voulet and Chanoine is sent against the black Sultan Rabah in what is now the Cameroon. Those captains and their African mercenary troops destroy and kill everything they find on their path. The French authorities try to stop them sending orders and a second troop but the captains kill the emissaries who reach them. Sarraounia, queen of the Aznas, have heard about the exactions. Clever in war tactics and in witchcraft, she decides to resist and stop those mad men.",https://image.tmdb.org/t/p/w500/rr6OqYRse5mBV349JEdtjHJJWLG.jpg,6.2,1986-07-01,https://www.themoviedb.org/movie/162532
"The Jungle","Lithuanian immigrant, Jurgis Rudkus, gains a job in the Chicago stockyards. Once working at the stockyards he meets and marries Ona. But due to cut backs at the stockyards, loses his job, and they fall into financial hardship. Ona, in order to get money to feed their child, engages in sexual activity with her husband's foreman, Connor. Connor, rapes her. When Rudkus finds out about the affair, he throws Connor into a cattle pen where he is killed. While in prison Ona dies. When Rudkus gets out of prison he becomes an advocate for women via the Socialist Party. Considered a lost film.",https://image.tmdb.org/t/p/w500/3tKUF3f4R88OJ2gGHO8KFmub4Z1.jpg,0,1914-05-25,https://www.themoviedb.org/movie/249859
"Jack Reacher","One morning in an ordinary town, five people are shot dead in a seemingly random attack. All evidence points to a single suspect: an ex-military sniper who is quickly brought into custody. The interrogation yields one written note: 'Get Jack Reacher!'. Reacher, an enigmatic ex-Army investigator, believes the authorities have the right man but agrees to help the sniper's defense attorney. However, the more Reacher delves into the case, the less clear-cut it appears. So begins an extraordinary chase for the truth, pitting Jack Reacher against an unexpected enemy, with a skill for violence and a secret to keep.",https://image.tmdb.org/t/p/w500/uQBbjrLVsUibWxNDGA4Czzo8lwz.jpg,6.648,2012-12-20,https://www.themoviedb.org/movie/75780
"Triassic World","In the future, scientists found a way to grow human organs inside dinosaurs to harvest them for profit. But when the dinosaurs break out, the scientists that created them have to find ways undo the terrible mistakes they have done.",https://image.tmdb.org/t/p/w500/u7IgMjhZnegiAcyibs0NEKp12CW.jpg,3.2,2018-06-19,https://www.themoviedb.org/movie/531208
Flow,"A solitary cat, displaced by a great flood, finds refuge on a boat with various species and must navigate the challenges of adapting to a transformed world together.",https://image.tmdb.org/t/p/w500/zME0Ul0w48MKkYBnFRn40M5qgLh.jpg,8.131,2024-08-29,https://www.themoviedb.org/movie/823219
"The Wild Robot","After a shipwreck, an intelligent robot called Roz is stranded on an uninhabited island. To survive the harsh environment, Roz bonds with the island's animals and cares for an orphaned baby goose.",https://image.tmdb.org/t/p/w500/wTnV3PCVW5O92JMrFvvrRcV39RU.jpg,8.319,2024-09-12,https://www.themoviedb.org/movie/1184918
"Dog Heaven","Poor Pete the Pup. He wants to hang himself because his master, Joe, has given up playing with him and going fishing for the love of a girl. A dog friend of Pete's stops him in the nick of time, and in flashback Pete tells him of his sorrows; Pete becomes a drunkard and is chased away by Joe. The last straw comes when another dog knocks Joe's sweetheart into a lake and Pete is blamed for it. Will Pete carry through with his suicide or will Joe apologize?",https://image.tmdb.org/t/p/w500/ziEtBCd8hnDI3hlKtWoinTX7FOw.jpg,5.636,1927-12-16,https://www.themoviedb.org/movie/189666
"Whisky Galore!","Based on a true story. The name of the real ship, that sunk Feb 5 1941 - during WWII - was S/S Politician. Having left Liverpool two days earlier, heading for Jamaica, it sank outside Eriskay, The Outer Hebrides, Scotland, in bad weather, containing 250,000 bottles of whisky. The locals gathered as many bottles as they could, before the proper authorities arrived, and even today, bottles are found in the sand or in the sea every other year.",https://image.tmdb.org/t/p/w500/4qz5Oc3hgXx4eBx7vkqLfG58J9X.jpg,6.8,1949-06-16,https://www.themoviedb.org/movie/16665
Fraemling,"Director Mikel Cee Karlsson is working on a film with and about his best friend Mathias – a young father who one day reveals that he is living a double life. Circumstances have driven Mathias into a criminal underworld where debts seem impossible to pay off. In a spiral of threats, lies and violence, Mathias is desperately looking for a way out. When things finally seem to look up for him, the pressure he has lived under for several years has fatal consequences, leaving Mikel forced to make crucial decisions about the film he is working on.",https://image.tmdb.org/t/p/w500/qo5yKRtGgXU3B5gRidgGa1Wo3jz.jpg,0,2019-10-11,https://www.themoviedb.org/movie/638515
"Couples Retreat","Four couples, all friends, descend on a tropical island resort. Though one husband and wife are there to work on their marriage, the others just want to enjoy some fun in the sun. They soon find, however, that paradise comes at a price: Participation in couples therapy sessions is mandatory. What started out as a cut-rate vacation turns into an examination of the common problems many face.",https://image.tmdb.org/t/p/w500/igXVSRZsNX3TZsKrQqSyEJvzHRF.jpg,5.555,2009-09-19,https://www.themoviedb.org/movie/19899
Feral,"A homeless woman living in the tunnels below New York City survives on her own terms in the days leading up to a blizzard.",https://image.tmdb.org/t/p/w500/aomgxCVKGUBjg0e9wpIRcIBfPw8.jpg,4.5,2019-04-07,https://www.themoviedb.org/movie/593541
"Cat's Hair","Details Here",https://image.tmdb.org/t/p/w500/46LcxNYZS4QcEeq4ZDuWyVuqN7W.jpg,0,2025-11-28,https://www.themoviedb.org/movie/1549517
"Snow White","A young princess named Snow White is sent away from her palace to live in the woods due to the jealousy of her stepmother.",https://image.tmdb.org/t/p/w500/eYiSyqi584AW9eKHPVYzME3cNTv.jpg,6.766,1995-04-27,https://www.themoviedb.org/movie/116743
Twilight,"When Bella Swan moves to a small town in the Pacific Northwest, she falls in love with Edward Cullen, a mysterious classmate who reveals himself to be a 108-year-old vampire. Despite Edward's repeated cautions, Bella can't stay away from him, a fatal move that endangers her own life.",https://image.tmdb.org/t/p/w500/3Gkb6jm6962ADUPaCBqzz9CTbn9.jpg,6.285,2008-11-20,https://www.themoviedb.org/movie/8966
Lenny,"The story of acerbic 1960s comic Lenny Bruce, whose groundbreaking, no-holds-barred style and social commentary was often deemed by the establishment as too obscene for the public.",https://image.tmdb.org/t/p/w500/Avhk4pGdz3YQrzqLU65icjnE6vn.jpg,7.279,1974-11-10,https://www.themoviedb.org/movie/27094
Tide,"Four friends race against the tide in a bay famous for its quicksands, but a lurking threat will aggravate the situation.",https://image.tmdb.org/t/p/w500/47sKhC5xyh9oUYz4icO4MB8ern8.jpg,3.8,2024-09-12,https://www.themoviedb.org/movie/1291661
"Eskimo Nell","Three young men, a scriptwriter, a producer and a director are called in by Benny U Murdoch, an exotic movie producer. He wants to make a new erotic movie starring a big woman - the ""Eskimo Nell"" of the title. However problems start from the beginning, the scriptwriter is a virgin, a lover of penguins and hasn't a clue on how to write an erotic movie, each of the three main backers want a different type of movie - a western, an erotic and a kung-fu movie with different people in the main part. However problems really start for the three when Benny runs off with all the money and they have to make three different versions of the same film and try not to let the backers and stars know what has happened. And this is made harder when there is a clean-up-filth society breathing down their necks....",https://image.tmdb.org/t/p/w500/rjWzhLCnjPypZFym7H3c8OPKFjh.jpg,3.571,1975-01-17,https://www.themoviedb.org/movie/129126
"Good Boy","A loyal dog moves to a rural family home with his owner Todd, only to discover supernatural forces lurking in the shadows. As dark entities threaten his human companion, the brave pup must fight to protect the one he loves most.",https://image.tmdb.org/t/p/w500/pvMHRi09ur2L1drXh2dXFtuMFgl.jpg,6.864,2025-10-01,https://www.themoviedb.org/movie/1422096
Incoming,"Their first week of high school. The biggest party of the year. Mistakes will be made as four teenage boys navigate a night of mayhem and debauchery.",https://image.tmdb.org/t/p/w500/k2ySukuAiAarLns0yttKS3jg85Y.jpg,6.2,2024-08-22,https://www.themoviedb.org/movie/1008953
"The Womb","Sami, a deaf woman, survives alone in a suburban wasteland stalked by a terrifying presence beneath high-tension power lines. Her only warning of its approach is a faint hum detected by her cochlear implant. Clinging to the hope that her missing family will return, she refuses to leave her fortified home, even as the military prepares to destroy the entire area. When two mysterious intruders arrive claiming they can destroy the creature using a bomb “fueled by Hell,” Sami’s world begins to unravel. Childhood trauma resurfaces, memories shift, and her grip on reality weakens. In a climactic confrontation, Sami deploys the bomb and wakes in a hospital to a reunion with her long-lost family. But as buried truths surface, she realizes the reunion isn’t real.",https://image.tmdb.org/t/p/w500/Z9SC4KiyVkoFz66minanrBNo5Q.jpg,8,2024-02-27,https://www.themoviedb.org/movie/1532673
"Big Hero 6","A special bond develops between plus-sized inflatable robot Baymax, and prodigy Hiro Hamada, who team up with a group of friends to form a band of high-tech heroes.",https://image.tmdb.org/t/p/w500/2mxS4wUimwlLmI1xp6QW6NSU361.jpg,7.727,2014-10-24,https://www.themoviedb.org/movie/177572
"Pulp Fiction","A burger-loving hit man, his philosophical partner, a drug-addled gangster's moll and a washed-up boxer converge in this sprawling, comedic crime caper. Their adventures unfurl in three stories that ingeniously trip back and forth in time.",https://image.tmdb.org/t/p/w500/vQWk5YBFWF4bZaofAbv0tShwBvQ.jpg,8.5,1994-09-10,https://www.themoviedb.org/movie/680
Parasite,"All unemployed, Ki-taek's family takes peculiar interest in the wealthy and glamorous Parks for their livelihood until they get entangled in an unexpected incident.",https://image.tmdb.org/t/p/w500/7IiTTgloJzvGI1TAYymCfbfl3vT.jpg,8.5,2019-05-30,https://www.themoviedb.org/movie/496243
"Little Nina & The Piano Thieves","Eight-year-old Nina is an impulsive and emotional girl, quickly igniting ideas and dropping them halfway. Nina would probably have abandoned her new hobby - music - too, but a strange thing happened: the instrument began to behave defiantly, play by itself and provoke the hostess in every possible way. And soon Nina was completely kidnapped along with him. The villains plan to subjugate the world with the help of the piano.",https://image.tmdb.org/t/p/w500/llIZc9lJrVlrtQkKtI1X8FuuvrZ.jpg,0,2023-08-31,https://www.themoviedb.org/movie/742070
"The Remains","After a family moves into an old Victorian home, they discover a chest in the attic containing antiques tainted by a malevolent spirit. As the antiques slowly possess each family member, the spirit grows stronger, hellbent on kidnapping the children.",https://image.tmdb.org/t/p/w500/k76aHHeRgqZsdjcSvkzq2KBQLj4.jpg,4.702,2016-08-05,https://www.themoviedb.org/movie/407389
"The Jailhouse","Small town, the American dream. A blue-collar family living the idyllic rural lifestyle. Nothing is out of place save for the lacking white picket fence - and the old JAIL that occupies the 2nd floor of their century-old home. Seth Delray knew the possibilities before he moved his wife and two kids into the old jailhouse, but the Sheriff assured him that it would take an act of God to put that place back into service. Times were tight, and it was just too good of a deal to refuse. That is, until the county jail caught fire. The Sheriff's hands were tied and he had to put displaced inmates anywhere he could find iron bars with a locking door. The Delray house was his only option. For Seth the worst wasn't the criminals locked like animals in the soiled cages above his living room. It was the mortal fear in his children's eyes, it was the piercing cold looks from his wife. It was that deep..",https://image.tmdb.org/t/p/w500/5thdKJOzBX49FByo9J6fU9aVWbd.jpg,4,2009-05-01,https://www.themoviedb.org/movie/69015
"Cool Breeze","A paroled crook masterminds a $3 million jewelry theft to fund a bank for businessmen.",https://image.tmdb.org/t/p/w500/wxS6IIneJD2I6uXuKqx3nJTQKKZ.jpg,4.786,1972-03-29,https://www.themoviedb.org/movie/89656
"The Chronicles of Narnia: The Lion, the Witch and the Wardrobe","Siblings Lucy, Edmund, Susan and Peter step through a magical wardrobe and find the land of Narnia. There, they discover a charming, once peaceful kingdom that has been plunged into eternal winter by the evil White Witch, Jadis. Aided by the wise and magnificent lion, Aslan, the children lead Narnia into a spectacular, climactic battle to be free of the Witch's glacial powers forever.",https://image.tmdb.org/t/p/w500/iREd0rNCjYdf5Ar0vfaW32yrkm.jpg,7.136,2005-12-07,https://www.themoviedb.org/movie/411
"The Mutation","A mutated rat has been let loose in a city.",https://image.tmdb.org/t/p/w500/inorTD5FpesgGfono5S6tVyu8XD.jpg,4.1,2021-08-04,https://www.themoviedb.org/movie/801583
"The Adventures of Eliza Fraser","An old captain &amp; his young wife share a lot of adventures after they're shipwrecked and captured by Aborigines on an island near Australia.",https://image.tmdb.org/t/p/w500/tZLCrDEb2VUOVAaOB3ZaKZHaTtf.jpg,4.333,1976-12-16,https://www.themoviedb.org/movie/86246
Psych-Out,"Jenny, a deaf runaway who has just arrived in San Francisco's Haight-Ashbury district to find her long-lost brother, a mysterious bearded sculptor known around town as The Seeker. She falls in with a psychedelic band, Mumblin' Jim, whose members include Stoney, Ben, and Elwood. They hide her from the fuzz in their crash pad, a Victorian house crowded with love beads and necking couples. Mumblin' Jim's truth-seeking friend Dave considers the band's pursuit of success ""playing games,"" but he agrees to help Jennie anyway.",https://image.tmdb.org/t/p/w500/gl0waHdQJkcP7TxjPl4V8jeduI4.jpg,4.914,1968-03-06,https://www.themoviedb.org/movie/63100
"American Brothers","As boys, Dick, Joe, and Benny Mahoney wanted to be Heroes. But disaster struck and their family was never the same. Now grown up and recently paroled, Dick decides to reconnect once more with his brothers before leaving the country for good. Their parents long gone, Joe runs the family business, and takes care of the emotionally damaged Benny. They come together remembering the good times, but Dick sees his brothers drowning in their routine. Joe visits the same comic store every week, only to freeze up when the cute cashier flirts with him. Benny medicates, watching cartoons around the clock except to visit his psychiatrist where the other patients are his only friends. Knowing they want to make a difference in their community, Dick pushes his brothers to discover what it means to be the change you want to see in the world-- and become",https://image.tmdb.org/t/p/w500/pTSV512ZCWPrxaygVEs0XfrZoAG.jpg,0,2019-03-12,https://www.themoviedb.org/movie/782861
"Mission Blue","This documentary follows oceanographer Sylvia Earle's campaign to save the world's oceans from threats such as overfishing and toxic waste.",https://image.tmdb.org/t/p/w500/34sR023uQt7gNMFWNIWRHaacrVc.jpg,7.4,2014-01-30,https://www.themoviedb.org/movie/286407
"Far North","In the arctic, as Saiva is being born, a shaman declares that she is evil and will bring harm to all who become involved with her. Saiva is cast out of her tribe of herders and grows up to live a nomadic existence with Anja, a young woman she adopts as an infant. Then Loki, an injured and starving soldier, stumbles into their isolated lives. The women nurse him back to health, but treachery, violence and doom await them all.",https://image.tmdb.org/t/p/w500/d31sugp9MHWv7YHGxgM5iYQVmXB.jpg,6,2008-10-09,https://www.themoviedb.org/movie/8471
"Eenie Meanie","A former teenage getaway driver gets dragged back into her unsavory past when a former employer offers her a chance to save the life of her chronically unreliable ex-boyfriend.",https://image.tmdb.org/t/p/w500/12Va3oO3oYUdOd75zM57Nx1976a.jpg,6.354,2025-08-21,https://www.themoviedb.org/movie/1151334
"Harry Potter and the Chamber of Secrets","Cars fly, trees fight back, and a mysterious house-elf comes to warn Harry Potter at the start of his second year at Hogwarts. Adventure and danger await when bloody writing on a wall announces: The Chamber Of Secrets Has Been Opened. To save Hogwarts will require all of Harry, Ron and Hermione’s magical abilities and courage.",https://image.tmdb.org/t/p/w500/sdEOH0992YZ0QSxgXNIGLq1ToUi.jpg,7.705,2002-11-13,https://www.themoviedb.org/movie/672
"Avatar: Fire and Ash","In the wake of the devastating war against the RDA and the loss of their eldest son, Jake Sully and Neytiri face a new threat on Pandora: the Ash People, a violent and power-hungry Na'vi tribe led by the ruthless Varang. Jake's family must fight for their survival and the future of Pandora in a conflict that pushes them to their emotional and physical limits.",https://image.tmdb.org/t/p/w500/5bxrxnRaxZooBAxgUVBZ13dpzC7.jpg,0,2025-12-17,https://www.themoviedb.org/movie/83533
Dastan,"Indira (Suraiya) is an orphan brought up the strict and uprighteous Rani (Veena). Indira grows up to be a beauty and is sought by three suitors Raj (Raj Kapoor), Kundan (Al Nasir), and Ramesh (Suresh). Rani does not like Indira to marry into her family as both Raj and Kundan are her brothers, and she wants Indira to marry Ramesh, and as such arranges a meeting with Ramesh's mom (Pratima Devi) and finalizes the marriage. Indira does not appreciate this and refuses to marry Ramesh. Raj speaks of his love with Rani, and Rani warns him that Indira is to marry Ramesh, but also has an on-going affair with his brother Kundan. Who does Indira really love? Will she ever marry her dream man?",https://image.tmdb.org/t/p/w500/1ffOHbjdQEzt1nDyGS0TQyDG7QU.jpg,10,1950-08-17,https://www.themoviedb.org/movie/471265
Joe,"After murdering his daughter's drug-dealing boyfriend, a wealthy ad executive stumbles into a bar and strikes up an uneasy alliance with Joe Curran, a drunken bigot with a bloodlust who works at a local factory.",https://image.tmdb.org/t/p/w500/2x4YCP8uV4cKOS5ZEKt1Cc1h4eF.jpg,6.415,1970-07-15,https://www.themoviedb.org/movie/46691
Chappie,"Every child comes into the world full of promise, and none more so than Chappie: he is gifted, special, a prodigy. Like any child, Chappie will come under the influence of his surroundings—some good, some bad—and he will rely on his heart and soul to find his way in the world and become his own man. But there's one thing that makes Chappie different from any one else: he is a robot.",https://image.tmdb.org/t/p/w500/uuDUpzlMFomdSfNWlpEPS9nVZWV.jpg,6.784,2015-03-04,https://www.themoviedb.org/movie/198184
"Left Behind","A small group of survivors are left behind after millions of people suddenly vanish during the rapture and the world is plunged into chaos and destruction.",https://image.tmdb.org/t/p/w500/b9Q2WR62yB5Aq0hd6kyRFS9cc3Y.jpg,4.265,2014-10-03,https://www.themoviedb.org/movie/218043
Self/less,"An extremely wealthy elderly man dying from cancer undergoes a radical medical procedure that transfers his consciousness to the body of a healthy young man but everything may not be as good as it seems when he starts to uncover the mystery of the body's origins and the secret organization that will kill to keep its secrets.",https://image.tmdb.org/t/p/w500/jhzjPJnwiQwBzW0nIHBC01fr9GG.jpg,6.412,2015-07-10,https://www.themoviedb.org/movie/238615
"The Berliner","Otto, a feckless Everyman, tries to adjust to the postwar travails of his defeated nation. Stymied by black-market profiteers and government bureaucrats, Otto begins fantasizing about a happier life at the end of that ever-elusive rainbow.",https://image.tmdb.org/t/p/w500/o6kBYhpl7KT9Sh2Dmahsql79hof.jpg,7.4,1948-12-31,https://www.themoviedb.org/movie/204622
"Terrifier 3","Five years after surviving Art the Clown's Halloween massacre, Sienna and Jonathan are still struggling to rebuild their shattered lives. As the holiday season approaches, they try to embrace the Christmas spirit and leave the horrors of the past behind. But just when they think they're safe, Art returns, determined to turn their holiday cheer into a new nightmare. The festive season quickly unravels as Art unleashes his twisted brand of terror, proving that no holiday is safe.",https://image.tmdb.org/t/p/w500/ju10W5gl3PPK3b7TjEmVOZap51I.jpg,6.814,2024-10-09,https://www.themoviedb.org/movie/1034541
"Zombie Nightmare","Tony Washington is killed in a hit-and-run after saving the local bodega clerk from robbers. Molly Mokembe is a Haitian voodou practitioner who brings him back as a zombi from a debt owed by Tony's late dad in an act of sacrifice that saved her. Jimbo, the kid that iced Tony, is embracing some new sadistic feelings. What follows is a revenge that can only be sated once all of those who were with Jimbo that night have had their due.",https://image.tmdb.org/t/p/w500/4jC4ghLWYnnmh5auuY0Hj90288c.jpg,3.3,1987-10-13,https://www.themoviedb.org/movie/31385
"Girl Play","Two real-life lesbian actresses meet by chance when they are cast as lovers in a local stage play, and end up actually falling in love. Robin, who is married to her girlfriend for half a dozen years, and Lacie, someone who never had a lasting relationship, are both cast to play lesbian lovers in a Los Angeles stage play. Innocently, the stage director, Gabriel runs the actresses through a series of rehearsals designed to ""bring out the intimacy"" in each performer. Soon the two women find themselves increasingly and undeniably attracted to each other and overcome with desire. They must ask themselves whether this relationship is manufactured, created for the sake of the ""girl play"", or is true love.",https://image.tmdb.org/t/p/w500/2ZS0H8ysSzD0d0k8zdO2jeM3kge.jpg,5.6,2004-07-11,https://www.themoviedb.org/movie/85430
"The Bus","The struggle for civil rights has been one of the most important issues of American life for the last fifty years. In August of 1963, groups from all over the country journeyed to Washington D.C. for a massive demonstration, and this film is a fascinating document of this event. Celebrated filmmaker Haskell Wexler (""Medium Cool"") traveled with the San Francisco delegation, photographing and conversing candidly with the participants. He has succeeded admirably in capturing the significance and drama of this historic trip.",https://image.tmdb.org/t/p/w500/5XwbNvkYdcRqZoWFfIFNJ2O6VEG.jpg,0,1965-04-05,https://www.themoviedb.org/movie/500503
Barbarian,"In town for a job interview, a young woman arrives at her Airbnb late at night only to find that it has been mistakenly double-booked and a strange man is already staying there. Against her better judgement, she decides to stay the night anyway.",https://image.tmdb.org/t/p/w500/idT5mnqPcJgSkvpDX7pJffBzdVH.jpg,6.8,2022-09-08,https://www.themoviedb.org/movie/913290
"Sleepless Nights","A journalist is sent to the South of France to interview a reclusive millionaire..He offers his hotel bedroom to the millionaires daughter to use to avoid her boyfriend,who is actually a crook, His boss arrives unexpectedly and as there is no other room available expects to share the hotel room with him, he explains the situation by saying he had just married the girl.Obviously lots of comedic situations arise because of this.",https://image.tmdb.org/t/p/w500,8,1932-11-07,https://www.themoviedb.org/movie/392474
"Mufasa: The Lion King","Mufasa, a cub lost and alone, meets a sympathetic lion named Taka, the heir to a royal bloodline. The chance meeting sets in motion an expansive journey of a group of misfits searching for their destiny.",https://image.tmdb.org/t/p/w500/lurEK87kukWNaHd0zYnsi3yzJrs.jpg,7.355,2024-12-18,https://www.themoviedb.org/movie/762509
"Phoney Baloney","A $5,000 reward is put out for the capture of a notorious wolf. Two of the wanted posters are put on the trees where the Fox and the Crow live. When they see the posters, each thinks the other is the wanted one, and they try to capture each other for the reward money. After many attempts, they end up at a police station where their mistake is pointed out to them. They then punish themselves profusely for making the error. Re-released theatrically in 1956.",https://image.tmdb.org/t/p/w500/gbIrgPZ6GE3vg95V3OFI0Ro3W7d.jpg,0,1945-11-01,https://www.themoviedb.org/movie/316089
"Clothesline Patch","Clothesline Patch is the story of a young girl trying to keep a secret in a small Newfoundland outport (c. 1966), an unlikely setting for keeping secrets. The central focus is the clothesline patch, the communal clearing where washing is set out to dry. It is also the place where gossip is shared. Hannah is determined that her secret of becoming a woman must never reach the clothesline patch. To ensure this, she goes to extraordinary lengths to hide the fact that she has entered puberty, sometimes with amusing results.",https://image.tmdb.org/t/p/w500/hOgl4u6hmXfhfimYXV2JXd4Zbh9.jpg,0,2000-01-01,https://www.themoviedb.org/movie/1157064
"Dance Craze","Rocksteady to both a visual and musical documentary of the big shots of the English 2-Tone movement of the late 1970s that has the exhaustive, high-energy performances exploding onto stage. Jump, shout, twist and crawl and dance to the tunes of Ska and its anthems of its rough riders and three-minute heroes captivated in the moment of a generation of England's concrete jungles and razor blade alleys. No longer on your radio but now on stage, together, with the likes of Madness, The Specials and The Beat et al, this concert footage of an era is a must-see, rare and fascinating look into a once vibrant youth culture of working-class England and its musical dance craze.",https://image.tmdb.org/t/p/w500/dlMjGCRZsvHVvjhAXz1ssUDvBfY.jpg,8,1981-02-10,https://www.themoviedb.org/movie/146506
"Nothing Sacred","A pair of twins named Blue and Delilah, separated at birth, meet for the first time at their mother's death bed. Their mother tells the twins that it is their fate to fulfill a secret prophecy. The prophecy foretold long ago that they would avenge her death by killing the dark sorcerer Chambers. The only problem is that Chambers is their father - and in a month from now, he'll have the last gruesome ingredient he needs to become immortal. As time runs down, the twins chase Chambers across the world from the corpse-filled catacombs of Paris to the most sacred rituals of the Muskogee Indians in Oklahoma. Along the way, they have to do battle with Chambers' vast army of followers, bringing them face to face with the Mayor of Paris, the Greek god Hermes, a street magician whose frightening tricks are real, and an immortal king with a castle hidden high in the mountains of Belgium.",https://image.tmdb.org/t/p/w500/p3qUj41SxFYTclK0ETTcxrEiXa.jpg,0,2012-01-01,https://www.themoviedb.org/movie/416545
"The Chosen","In a 1940s New York, two Jewish teenage boys are determined to remain friends despite the deep differences between their two families.",https://image.tmdb.org/t/p/w500/wtw4jMMKz5CfB4H408XGAa87XHp.jpg,7.154,1981-08-20,https://www.themoviedb.org/movie/25773
Platteland,"Platteland features a stellar cast of actors and musicians and puts a vibrant new spin on some of the most popular Afrikaans hits of the past few years. It tells the story of Riana van Niekerk who is desperately fighting to save her family's farm from Mike Ferreira. He has his own agenda and is determined to drive Riana from the land and seize her farm. When Dirk Pretorius, a drifter with many secrets of his own, arrives in town, new alliances are formed and love blossoms in unexpected ways.",https://image.tmdb.org/t/p/w500/npmRkYOkgrCEzDfLWoOV8Yw50Fj.jpg,5.5,2011-11-25,https://www.themoviedb.org/movie/96988
Evasion,"Lost film. The director would comment on it: ""I did another one in '72, which unfortunately was never shown. Rather, they kidnapped it and I never heard from it again...""",https://image.tmdb.org/t/p/w500,0,1973-01-01,https://www.themoviedb.org/movie/878743
"En la cuerda del hambre","Owners of two small farms try to move forward in life by wholesaling their own produce instead of relying on dishonest brokerages. When that doesn't work, they hatch a kidnapping scheme, and the movie shifts its focus to the rich people who have been profiting off their poverty.",https://image.tmdb.org/t/p/w500/584V6TCu3aobDyG3LaOXmbSOA.jpg,3,1979-12-25,https://www.themoviedb.org/movie/471678
"Harry Potter and the Prisoner of Azkaban","Year three at Hogwarts means new fun and challenges as Harry learns the delicate art of approaching a Hippogriff, transforming shape-shifting Boggarts into hilarity and even turning back time. But the term also brings danger: soul-sucking Dementors hover over the school, an ally of the accursed He-Who-Cannot-Be-Named lurks within the castle walls, and fearsome wizard Sirius Black escapes Azkaban. And Harry will confront them all.",https://image.tmdb.org/t/p/w500/aWxwnYoe8p2d2fcxOqtvAtJ72Rw.jpg,8.011,2004-05-31,https://www.themoviedb.org/movie/673
"Spirited Away","A young girl, Chihiro, becomes trapped in a strange new world of spirits. When her parents undergo a mysterious transformation, she must call upon the courage she never knew she had to free her family.",https://image.tmdb.org/t/p/w500/39wmItIWsg5sZMyRUHLkWBcuVCM.jpg,8.534,2001-07-20,https://www.themoviedb.org/movie/129
"Gramps Is a Great Guy!","Nightclub musician Sebastian, discovers one evening with surprise that he is supposedly the grandfather of a boy with the same name as him.",https://image.tmdb.org/t/p/w500/a6HpR8g1TSDhNYOfHuJ1ZKJBq8z.jpg,4.143,1987-08-22,https://www.themoviedb.org/movie/126661
"Winning London","When Chloe and Riley Lawrence are invited to London to participate in the international Model U.N. competition, they enjoy seeing the sights and head over heals romance with cute british boys of course.",https://image.tmdb.org/t/p/w500/2wzA0yGuwpoIjduC6OoTXigWtMg.jpg,6,2001-03-27,https://www.themoviedb.org/movie/36269
"Hollywood Dirt","Hollywood arrives in force to Quincy, the small town where the secret Crown Cola billionaire's live. They want to film about the billionaire's and how they made their fortunes. Summer Jenkins, who was the town pariah, joins forces with the scout, Ben, and finds filming locations, extras, lessons with the town officials and house owners, etc. When Cole Masten arrives, they hate each other, but sparks fly. Cole is running from a nasty divorce, yet is captivated by Summer. Summer is dying to leave town to get away from the gossip. This is a great story about Southern customs, a Southern girl, and a Hollywood star who finds his lady.",https://image.tmdb.org/t/p/w500/3mhv9gjqFJscFM14rRSPsM9d1UW.jpg,6.314,2017-09-01,https://www.themoviedb.org/movie/465080
"Frankenstein '80","A mad scientist creates a monster called ""Mosaico,"" who breaks out of the laboratory to hunt down and kill beautiful women.",https://image.tmdb.org/t/p/w500/aGI83YFbmko97GBjqFXu9dK4tiL.jpg,4.614,1972-12-12,https://www.themoviedb.org/movie/3306
"The Town","Doug MacRay is a longtime thief, who, smarter than the rest of his crew, is looking for his chance to exit the game. When a bank job leads to the group kidnapping an attractive branch manager, he takes on the role of monitoring her – but their burgeoning relationship threatens to unveil the identities of Doug and his crew to the FBI Agent who is on their case.",https://image.tmdb.org/t/p/w500/3NIzyXkfylsjflRKSz8Fts3lXzm.jpg,7.217,2010-09-15,https://www.themoviedb.org/movie/23168
"April Apocalypse","Artie is pure bred trailer trash. He has zero ambition, is everyone's favorite punching back at school and bears the burden of his virginity in silence. And then April moves out of the state. She's his best friend and support since kindergarten and the love of his life. Three years later Artie finally has the courage to take to the road and go see April to tell her how he feels about her. One car-crash later Artie wakes up in the middle of the zombie apocalypse. But this time he's not going to hide. Artie's love for April doesn't give him wings, but does give him the courage to hack, slash, punch and kick himself a part towards the girl he loves. Time is of the essence, because that bite on his hand will make the difference between a French kiss and a bite out of April's brains.",https://image.tmdb.org/t/p/w500/A9FB6gCQLpTKQFtI4SCSQbSeA0q.jpg,5.759,2013-10-12,https://www.themoviedb.org/movie/270064
"The Matrix","Set in the 22nd century, The Matrix tells the story of a computer hacker who joins a group of underground insurgents fighting the vast and powerful computers who now rule the earth.",https://image.tmdb.org/t/p/w500/p96dm7sCMn4VYAStA6siNz30G1r.jpg,8.235,1999-03-31,https://www.themoviedb.org/movie/603
"Harry Potter and the Order of the Phoenix","Returning for his fifth year of study at Hogwarts, Harry is stunned to find that his warnings about the return of Lord Voldemort have been ignored. Left with no choice, Harry takes matters into his own hands, training a small group of students to defend themselves against the dark arts.",https://image.tmdb.org/t/p/w500/5aOyriWkPec0zUDxmHFP9qMmBaj.jpg,7.674,2007-07-08,https://www.themoviedb.org/movie/675
Doom,"A team of space marines known as the Rapid Response Tactical Squad, led by Sarge, is sent to a science facility on Mars after somebody reports a security breach. There, they learn that the alert came after a test subject, a mass murderer purposefully injected with alien DNA, broke free and began killing people. Dr. Grimm, who is related to team member Reaper, informs them all that the chromosome can mutate humans into monsters -- and is highly infectious.",https://image.tmdb.org/t/p/w500/y50lH061yWOvEstoZRn7lYs0huk.jpg,5.184,2005-10-20,https://www.themoviedb.org/movie/8814
"Heads of State","The UK Prime Minister and US President have a public rivalry that risks their countries' alliance. But when they become targets of a powerful enemy, they're forced to rely on each other as they go on a wild, multinational run. Allied with Noel, a brilliant MI6 agent, they must find a way to thwart a conspiracy that threatens the free world.",https://image.tmdb.org/t/p/w500/lVgE5oLzf7ABmzyASEVcjYyHI41.jpg,6.882,2025-06-24,https://www.themoviedb.org/movie/749170
"Venom: The Last Dance","Eddie and Venom are on the run. Hunted by both of their worlds and with the net closing in, the duo are forced into a devastating decision that will bring the curtains down on Venom and Eddie's last dance.",https://image.tmdb.org/t/p/w500/vGXptEdgZIhPg3cGlc7e8sNPC2e.jpg,6.684,2024-10-22,https://www.themoviedb.org/movie/912649
Absurd,"A priest-doctor chasing a man with supernatural regenerative abilities, who has recently escaped from a medical lab, reaches a small town where the mutant goes on a killing spree.",https://image.tmdb.org/t/p/w500/iFmnOINa3hB33W9LuBAMQsLGqiF.jpg,5.475,1981-10-01,https://www.themoviedb.org/movie/5421
"Our Holiday Story","Dave and Nell recount the Christmas where they unknowingly fell in love while working as rivals on a town festival, as their daughter’s boyfriend struggles to navigate his own relationship.",https://image.tmdb.org/t/p/w500/15TXQSd0RerDV7XNtOcTNhnfhOq.jpg,6.5,2024-11-02,https://www.themoviedb.org/movie/1360780
Brainstorm,"Scientist Jim Grayam saves his boss' wife from suicide but then falls in love with her.",https://image.tmdb.org/t/p/w500/6k80yVsymeT0Ap1xVdA4OweTdcT.jpg,6.027,1965-05-05,https://www.themoviedb.org/movie/28497
Terrorgram,"Three horror stories linked by a sinister delivery boy. The stories are ""Heroine Overdose"", ""Pandora"" and ""Veteran's Day"".",https://image.tmdb.org/t/p/w500/nDXn5RW7ls7pFc69xv5MhK4S5Ad.jpg,3.857,1990-01-01,https://www.themoviedb.org/movie/105746
Annabelle,"A couple begins to experience terrifying supernatural occurrences involving a vintage doll shortly after their home is invaded by satanic cultists.",https://image.tmdb.org/t/p/w500/yLsuU2P2SpDYFwtZQ7dtfVAf6TE.jpg,5.787,2014-10-01,https://www.themoviedb.org/movie/250546
"Smoke Traders","Smoke Traders is an inside look at the world of the Mohawk tobacco trade.",https://image.tmdb.org/t/p/w500/sPypiQJ2J8D35HL7g41unGppKer.jpg,0,2012-10-24,https://www.themoviedb.org/movie/659028
"The Informers","A collection of intersecting short stories set in early 1980s Los Angeles, depicts a week in the lives of an assortment of socially alienated, mainly well-off characters who numb their sense of emptiness with casual sex, violence, and drugs.",https://image.tmdb.org/t/p/w500/yiXkvghbkYMQ3iMyhiI08GgtonC.jpg,4.8,2008-11-05,https://www.themoviedb.org/movie/17436
SLUGFEST,"SLUGFEST emerges as a playful, engaging martial arts experience that delves into the ""inner-feminist struggles"" that have characterized recent years and decades. Yet, unlike narratives of division, this film champions the concept of unity, emphasizing the dire need for solidarity and deeper mutual respect within feminist discourse.  The film's central motif is a stylized, choreographed sparring training that, while aimed at empowerment and self-discovery, can sometimes escalate beyond control. This metaphorical approach isn't about antagonism but represents the passionate debates that fuel progress and understanding, even when they momentarily seem to get out of hand.  ""There is no losing in martial arts. Either you win or you learn."" - as Karate Kid would say today.",https://image.tmdb.org/t/p/w500/mYG2iYfSi5GCHBOXOAE3Zq6yzo2.jpg,0,2023-09-30,https://www.themoviedb.org/movie/1198961
Nightmare,"A young student is haunted by recurring dreams of her mother murdering her father, but her nightmare is just beginning as she tries to prove to her loved ones that she is not insane.",https://image.tmdb.org/t/p/w500/iyrWn77rfUBd05HkYRozwJtM4RC.jpg,6.8,1964-02-28,https://www.themoviedb.org/movie/64524
"Mission: Impossible - Dead Reckoning Part One","Ethan Hunt and his IMF team embark on their most dangerous mission yet: To track down a terrifying new weapon that threatens all of humanity before it falls into the wrong hands. With control of the future and the world's fate at stake and dark forces from Ethan's past closing in, a deadly race around the globe begins. Confronted by a mysterious, all-powerful enemy, Ethan must consider that nothing can matter more than his mission—not even the lives of those he cares about most.",https://image.tmdb.org/t/p/w500/NNxYkU70HPurnNCSiCjYAmacwm.jpg,7.5,2023-07-08,https://www.themoviedb.org/movie/575264
"En borgerpligt","The wife is unhappy that her husband has not registered with the Home Guard like the other men.",https://image.tmdb.org/t/p/w500,0,1953-12-13,https://www.themoviedb.org/movie/1401581
"The Behemoth","A British couple spend their vacation in a rural vacation resort, but find anything but relaxation there. Instead, Ryan and Rebecca come across the last-ditch followers of a cult, the ""Servants of Blood"", who want to bring one of the great old gods back to life. They want nothing less than to bring about the end of the world.",https://image.tmdb.org/t/p/w500/idn2NbuyZKvsCSdqULTUxwyo13i.jpg,0,2025-09-11,https://www.themoviedb.org/movie/1435387
"Spider-Man: Into the Spider-Verse","Struggling to find his place in the world while juggling school and family, Brooklyn teenager Miles Morales is unexpectedly bitten by a radioactive spider and develops unfathomable powers just like the one and only Spider-Man. While wrestling with the implications of his new abilities, Miles discovers a super collider created by the madman Wilson ""Kingpin"" Fisk, causing others from across the Spider-Verse to be inadvertently transported to his dimension.",https://image.tmdb.org/t/p/w500/iiZZdoQBEYBv6id8su7ImL0oCbD.jpg,8.395,2018-12-06,https://www.themoviedb.org/movie/324857
"The Ritual","Two priests, one in crisis with his faith and the other confronting a turbulent past, must overcome their differences to perform a risky exorcism.",https://image.tmdb.org/t/p/w500/uubL8yvtEBjz3V7DFQHjCuSQO8w.jpg,5.944,2025-04-18,https://www.themoviedb.org/movie/1278950
"Young Hearts","14-year-old Elias increasingly feels like an outsider in his village. When he meets his new neighbour of the same age, Alexander, Elias is confronted with his burgeoning sexuality.",https://image.tmdb.org/t/p/w500/iGCtYxfuvXfy0BD5m6p7vKuPOxS.jpg,8.541,2024-10-26,https://www.themoviedb.org/movie/1232449
"The Silence","With the world under attack by deadly creatures who hunt by sound, a teen and her family seek refuge outside the city and encounter a mysterious cult.",https://image.tmdb.org/t/p/w500/lTVOquzxw2DPF3MKuYd1ynz9F6H.jpg,6.021,2019-05-16,https://www.themoviedb.org/movie/527261
"War Pigs","A rag tag unit of misfits known as the War Pigs must go behind enemy lines to exterminate Nazis by any means necessary.",https://image.tmdb.org/t/p/w500/yKTFCdZjocd4kFwVkhBoKFokWzY.jpg,4.8,2015-08-03,https://www.themoviedb.org/movie/348811
"Crimson Peak","In the aftermath of a family tragedy, an aspiring author is torn between love for her childhood friend and the temptation of a mysterious outsider. Trying to escape the ghosts of her past, she is swept away to a house that breathes, bleeds… and remembers.",https://image.tmdb.org/t/p/w500/f9TOb5anVwZeSbYjU1qNxPk3KUk.jpg,6.66,2015-10-13,https://www.themoviedb.org/movie/201085
"Kung Fu Panda 4","Po is gearing up to become the spiritual leader of his Valley of Peace, but also needs someone to take his place as Dragon Warrior. As such, he will train a new kung fu practitioner for the spot and will encounter a villain called the Chameleon who conjures villains from the past.",https://image.tmdb.org/t/p/w500/kDp1vUBnMpe8ak4rjgl3cLELqjU.jpg,7.029,2024-03-02,https://www.themoviedb.org/movie/1011985
Clouds,"The story revolves Jake, a young movie maker who was hospitalized for drug overdose. He recovers and together with his good friend Dave and Donald (two brothers), who are also movie makers, they make their way to a hilly tribe to make a short film. Accompanied with them includes Dave and Donald's girlfriend. They rented a house and the landlord told them not to enter his deceased daughter, Byens, bedroom. The night the lived in, they could sense something unusual is going on in the house.",https://image.tmdb.org/t/p/w500,4.75,1984-12-25,https://www.themoviedb.org/movie/334707
"The Killer","After a fateful miss, an assassin battles his employers, and himself, on an international manhunt he insists isn't personal.",https://image.tmdb.org/t/p/w500/e7Jvsry47JJQruuezjU2X1Z6J77.jpg,6.581,2023-10-25,https://www.themoviedb.org/movie/800158
"Apache Woman","A government agent ventures west to look into reports that Apaches are behind a recent wave of frontier attacks. Begins to suspect a set-up.",https://image.tmdb.org/t/p/w500/dM1PVRNIOlozVSx69P7NgrLO9sC.jpg,4.7,1955-09-15,https://www.themoviedb.org/movie/187146
"Runner Runner","When a poor college student who cracks an online poker game goes bust, he arranges a face-to-face with the man he thinks cheated him, a sly offshore entrepreneur.",https://image.tmdb.org/t/p/w500/ck5jZjv7WVoCBBgTH1gJlhyCLPy.jpg,5.641,2013-09-24,https://www.themoviedb.org/movie/146238
Reverse,"A man attempts to exit an underground car park. Something doesn't want him to.",https://image.tmdb.org/t/p/w500/i5l4HELaDp6ncz4dKeiVEpPojVi.jpg,5.9,2018-10-25,https://www.themoviedb.org/movie/556822
"Idle Tongues","After serving 5 years in prison for embezzling church funds, Dr. Ephraim Nye returns to Ostable and the scornful gossip of its residents, led by Althea Bemis. There is a typhoid epidemic, and Dr. Nye believes it to be caused by the water in a pond that Judge Copeland, the brother of Dr. Nye's dead wife, Fanny, wishes to use as the source of municipal water supply. Only Katherine Minot supports Dr. Nye, but biologists prove him correct; and Dr. Nye confronts Copeland with proof that he went to prison to protect Fanny, the actual criminal. Copeland finally consents to the marriage of his daughter, Faith, to Tom Stone, the son of his enemy; and Katherine spreads the news of her engagement to Dr. Nye through Althea.",https://image.tmdb.org/t/p/w500/oMMlk2wenASjkno9wXGBqRHA7IC.jpg,0,1924-12-21,https://www.themoviedb.org/movie/1363866
"José Rizal","Accused of treason, Dr. Jose P. Rizal awaits trial and meets with his colonial government-appointed counsel, Luis Taviel de Andrade. The two build the case and arguments for the defense as significant events in the central figure's life prior to his incarceration unfold. Upon hearing Rizal's life story, Taviel begins to realize that the accused not just is innocent but exhibits in fact all the qualities of an extraordinary man. When the mock trial unreels, Taviel is all set to act as the prime advocate for his client as Rizal himself is about to give an earth-moving speech to defend his honor and address his countrymen. Meanwhile, the Spanish authorities have worked out the vast political machinery to ensure a guilty verdict. A revolution waits in the wings.",https://image.tmdb.org/t/p/w500/x2I1cdCmfSjzUoKaF1dC6lbHRoC.jpg,9,1998-12-25,https://www.themoviedb.org/movie/70579
"Flight 7500","Flight 7500 departs Los Angeles International Airport bound for Tokyo. As the overnight flight makes its way over the Pacific Ocean during its ten-hour course, the passengers encounter what appears to be a supernatural force in the cabin.",https://image.tmdb.org/t/p/w500/8lz7vt9Rcdb7xvR2A8P2GlFit2O.jpg,4.919,2014-05-16,https://www.themoviedb.org/movie/82657
"Killing Gunther","A group of eccentric assassins are fed up with Gunther, the world's greatest hitman, and decide to kill him – but their plan turns into a series of bungled encounters as Gunther seems to always be one step ahead.",https://image.tmdb.org/t/p/w500/15WWLqT1W83xXFutbebZnDjqIxq.jpg,4.8,2017-09-22,https://www.themoviedb.org/movie/412547
Shrek,"It ain't easy bein' green -- especially if you're a likable (albeit smelly) ogre named Shrek. On a mission to retrieve a gorgeous princess from the clutches of a fire-breathing dragon, Shrek teams up with an unlikely compatriot -- a wisecracking donkey.",https://image.tmdb.org/t/p/w500/o04jZs5SXhbvhqO4981W7KJXOWZ.jpg,7.752,2001-05-18,https://www.themoviedb.org/movie/808
"Wild Orchid","A woman lawyer becomes mesmerized by a self-made millionaire during an encounter in Rio setting off a series of erotic encounters.",https://image.tmdb.org/t/p/w500/6UfS8J9Ixn0BAv1aeuAFWom5YEk.jpg,5.2,1989-12-22,https://www.themoviedb.org/movie/5203
"Robinson Crusoe","Robinson Crusoe flees Britain on a ship after killing his friend over the love of Mary. A fierce ocean storm wrecks his ship and leaves him stranded by himself on an uncharted island. Left to fend for himself, Crusoe seeks out a tentative survival on the island, until he meets Friday, a tribesman whom he saves from being sacrificed. Initially, Crusoe is thrilled to finally have a friend, but he has to defend himself against the tribe who uses the island to sacrifice tribesman to their gods. During time their relationship changes from master-slave to a mutual respected friendship despite their difference in culture and religion.",https://image.tmdb.org/t/p/w500/93uRPzVpf4ZVjDfswmpsrAmBS4w.jpg,5.939,1997-06-11,https://www.themoviedb.org/movie/11210
"Red One","After Santa Claus (codename: Red One) is kidnapped, the North Pole's Head of Security must team up with the world's most infamous tracker in a globe-trotting, action-packed mission to save Christmas.",https://image.tmdb.org/t/p/w500/cdqLnri3NEGcmfnqwk2TSIYtddg.jpg,7.032,2024-10-31,https://www.themoviedb.org/movie/845781
"The Fan","A record store clerk is an obsessed fan of an actress of stage and screen. However, when faced with rejection, the fan strikes out in increasingly violent ways.",https://image.tmdb.org/t/p/w500/uBUfrSpgQacEnjcMjpDszQTTqsL.jpg,5.836,1981-05-15,https://www.themoviedb.org/movie/74899
"Creation of the Gods II: Demon Force","Taishi Wen Zhong led the army of Shang Dynasty including Deng Chanyu and four generals of the Mo Family to Xiqi. With the help of Kunlun immortals such as Jiang Ziya, Ji Fa led the army and civilians of Xiqi to defend their homeland.",https://image.tmdb.org/t/p/w500/dfUCs5HNtGu4fofh83uiE2Qcy3v.jpg,6.446,2025-01-29,https://www.themoviedb.org/movie/1155281
"Trouble Bound","Upon getting out of prison, a man who took the rap for some thief buddies gets together with them again, and tells them he's not interested in doing things with them any more. They stick a dead body in his trunk, unbeknownst to him, and he roars off to find his future. Unfortunately, they forgot to get the key they need off the body, so they're chasing him. Meanwhile, a mafia kingpin's daughter is trying to kill the hitman that killed her father, but her grandmother is trying to make peace with the family that hired the hitman, so she and her thugs are trying to stop the daughter. The guy and the daughter get together and experience mayhem on the run from two directions.",https://image.tmdb.org/t/p/w500/57Je6PAxyW6EKf2sV4qIyfc1uhB.jpg,5.9,1993-01-09,https://www.themoviedb.org/movie/54845
Tatsumi,"Animated film based on the life and stories of Manga writer Yoshihiro Tatsumi who revolutionised the art form with darker, more adult stories. The film animates several of his stories.",https://image.tmdb.org/t/p/w500/iZOc4CM6y9uxENQp7G871AYG1zE.jpg,6.4,2011-09-15,https://www.themoviedb.org/movie/83114
"Extraction 2","Back from the brink of death, highly skilled commando Tyler Rake takes on another dangerous mission: saving the imprisoned family of a ruthless gangster.",https://image.tmdb.org/t/p/w500/7gKI9hpEMcZUQpNgKrkDzJpbnNS.jpg,7.407,2023-06-09,https://www.themoviedb.org/movie/697843
Unfollower,"When a self-conscious fitness instructor named Jo becomes the victim of cyber-stalking that turns physical, she must use her fitness skill and growing fight instinct to stay alive.",https://image.tmdb.org/t/p/w500/op37q1x1nCQOpQZQyAvR8ZbWLhu.jpg,6.775,2021-01-29,https://www.themoviedb.org/movie/791135
"Manasichi Choodu","Manasichi Choodu is a comedy entertainer directed by Rudraraju Suresh Varma. This film mainly deals with youth unemployment. Ravi Teja, Raasi &amp; Vadde Naveen cast the main leads while the supporting cast has Suhasini, Ali &amp; Ganesh Babu. Naveen loves Raasi from his childhood but they go their seperate ways to pursue higher studies. When Naveen makes his feelings known to Raasi, she accepts him and tells him that her father will let Naveen marry her only if he's settled with a good job and is in a position to take care of her. So, Naveen focuses all his time and energy in getting a job. Meanwhile, Raasi's father, unaware of his daughter's choice, plans to get her married to Srihari but when he learns that Raasi is in love with Naveen, he calls off the wedding. Insulted, Srihari kidnaps Raasi and holds her hostage. How Naveen and Raasi unite and how all their friends find jobs for themselves and all the consequences that follow forms the rest of the story.",https://image.tmdb.org/t/p/w500/1FGkaC7CVz9jZQjd0D1Y5eLUkKU.jpg,0,1998-08-08,https://www.themoviedb.org/movie/137278
"Forrest Gump","A man with a low IQ has accomplished great things in his life and been present during significant historic events—in each case, far exceeding what anyone imagined he could do. But despite all he has achieved, his one true love eludes him.",https://image.tmdb.org/t/p/w500/saHP97rTPS5eLmrLQEcANmKrsFl.jpg,8.463,1994-06-23,https://www.themoviedb.org/movie/13
"The Cleansing Hour","Two millennial entrepreneurs stage elaborate fake exorcisms on social media until one of their girlfriends becomes possessed by a demon.",https://image.tmdb.org/t/p/w500/c0daWffGoQpk5Y0LZuQ3gFwisdF.jpg,6.3,2019-10-25,https://www.themoviedb.org/movie/608994
"The Ordeal","Sybil marries George Bruce, an alcoholic 20 years her senior, In order to provide for her crippled sister, Helen, and her brother, Geoffrey. Bruce becomes jealous of Sybil's attentions to young physician Robert Acton, and when Bruce suffers a heart attack and calls for digitalis, Sybil allows the vial to break and he dies.",https://image.tmdb.org/t/p/w500/1NpjJ6eIoAGTsG9PVsTrEpF8vio.jpg,0,1922-05-21,https://www.themoviedb.org/movie/948282
"As Good as Dead","An ex-cop in self-imposed witness protection in Mexico becomes a target when a fight video of his apprentice goes viral.",https://image.tmdb.org/t/p/w500/qqQPxxRQqfLrq0ubfDQCwhJHZ91.jpg,6.167,2022-12-16,https://www.themoviedb.org/movie/1028248
"The Alternative","Unmarried, beautiful and talented, Melanie Hilton discovers she is pregnant. The editor of a woman's magazine, she decides to have her baby and take leave from her job. Caught between her ex-lover and a colleague who wants to marry her, Melanie must find a solution or an alternative to her problem. When she falls in love with a woman, she questions the value of the traditional value unit.",https://image.tmdb.org/t/p/w500/3LBqba1kYeBmMpotXNTYtzNCfSp.jpg,2,1977-04-20,https://www.themoviedb.org/movie/705607
Conviction,"When Betty Anne Waters' older brother Kenny is arrested for murder and sentenced to life in 1983, Betty Anne, a Massachusetts wife and mother of two, dedicates her life to overturning the murder conviction. Convinced that her brother is innocent, Betty Anne puts herself through high school, college and, finally, law school in an 18 year quest to free Kenny. With the help of best friend Abra Rice, Betty Anne pores through suspicious evidence mounted by small town cop Nancy Taylor, meticulously retracing the steps that led to Kenny's arrest. Belief in her brother - and her quest for the truth - pushes Betty Anne and her team to uncover the facts and utilize DNA evidence with the hope of exonerating Kenny.",https://image.tmdb.org/t/p/w500/rUxznyFz7D0HgC5zcYigzP1XUi4.jpg,7.065,2010-10-15,https://www.themoviedb.org/movie/45094
"The Diabolical","Dave Boland (Carlos East) wears a strange medallion and robs the bank. He also takes the banker's daughter with him. Then he rapes her and put the satanic mark on  her body. He was caught and was prepared for hanging. At moment before hanging Dave uses his supernatural power and makes a local shoe-shiner his accomplice. While running from sheriff Dave was injured and after some time dies. But before his death Dave gives this medallion to shoe-shiner Oscar and asks him to take revenge in the name of Satan. So he does it and also continue to rape and kill women never forgetting to leave satanic mark on their bodies...",https://image.tmdb.org/t/p/w500/vThg5oqd8HSqsTBBsodYxLuyxHv.jpg,3.667,1977-11-24,https://www.themoviedb.org/movie/179380
"The Beekeeper","One man's campaign for vengeance takes on national stakes after he is revealed to be a former operative of a powerful and clandestine organization known as Beekeepers.",https://image.tmdb.org/t/p/w500/A7EByudX0eOzlkQ2FIbogzyazm2.jpg,7.277,2024-01-08,https://www.themoviedb.org/movie/866398
"Spider-Man: No Way Home","Peter Parker is unmasked and no longer able to separate his normal life from the high-stakes of being a super-hero. When he asks for help from Doctor Strange the stakes become even more dangerous, forcing him to discover what it truly means to be Spider-Man.",https://image.tmdb.org/t/p/w500/1g0dhYtq4irTY1GPXvft6k4YLjm.jpg,7.937,2021-12-15,https://www.themoviedb.org/movie/634649
Maixabel,"In the year 2000, Maixabel Lasa’s husband, Juan Maria Jauregi, was killed by ETA. Eleven years later, she receives an incredible request: one of the men who killed Juan wants to meet with her in the Nanclares de la Oca prison in Araba (Spain), where he is serving his sentence after breaking ties with the terrorist group.  Despite her reservations and her immense pain, Maixabel Lasa agrees to meet face to face with those who ended the life of the person who had been her companion since she was 16 years old. ‘Everyone deserves a second chance’, she said, when asked why she was willing to confront the man who killed her husband.",https://image.tmdb.org/t/p/w500/7lOcGma9G2yak5qB6ITwg3j0PDm.jpg,7.036,2021-09-24,https://www.themoviedb.org/movie/814312
"Killing Season","Two veterans of the Bosnian War, one American, one Serbian, clash in the remote Smoky Mountain wilderness.",https://image.tmdb.org/t/p/w500/o55HXx21PqRcOgAaOWFz4tGMrZh.jpg,5.529,2013-07-12,https://www.themoviedb.org/movie/77663
"Mad Love","An insane surgeon's obsession with an actress leads him to replace her wounded pianist husband's hands with those of a knife-throwing murderer.",https://image.tmdb.org/t/p/w500/lDD8pKd6jSrFLV3RvE0eDGGGxR0.jpg,7.017,1935-07-12,https://www.themoviedb.org/movie/28261
"Culture Shock","A young Mexican woman crosses the border in search of the American dream, only to instead find her worst nightmare lying within.",https://image.tmdb.org/t/p/w500/g12GgEf9WXS8Ww0UbDpMH5NeVbI.jpg,5.8,2019-07-04,https://www.themoviedb.org/movie/601083
"Home Alone 2: Lost in New York","Instead of flying to Florida with his folks, Kevin ends up alone in New York, where he gets a hotel room with his dad's credit card—despite problems from a clerk and meddling bellboy. But when Kevin runs into his old nemeses, the Wet Bandits, he's determined to foil their plans to rob a toy store on Christmas Eve.",https://image.tmdb.org/t/p/w500/uuitWHpJwxD1wruFl2nZHIb4UGN.jpg,6.768,1992-11-15,https://www.themoviedb.org/movie/772
"Dhyanu Bhagat","Shunned by his parents, brought up by a Poojary, nursed by a cow, Dhyanu Bhagat grows up performing miracles, curing the ill, and singing the praise of Devi Maa Durga. He faces many opponents, including Satish, who believes that Dhyanu is wooing his fiancée, Paro. After witnessing Mughal troops' desecration of the Devi's Mandir, Dhyanu's biggest challenge will come from none other than Shahenshah Akbar himself who will ask him to convert to Din-i-Ilahi.",https://image.tmdb.org/t/p/w500/goGR7iTOBuCulLH1XgHVzc2sAMJ.jpg,0,1978-01-01,https://www.themoviedb.org/movie/317227
Trust,"A Hollywood starlet seeks refuge in a secluded Airbnb following a high-profile scandal, only to find herself at the mercy of hardened criminals on the hunt for a score.",https://image.tmdb.org/t/p/w500/n9GS1mUAVMiC3gBn9rb8jrDoK4D.jpg,5.694,2025-08-22,https://www.themoviedb.org/movie/1244953
Animals,"Pol is a teenager with a seemingly calm life: he lives with his brother and is still in high school. However, Pol has a secret: Deerhoof, a cuddly teddy bear who thinks, moves around and with whom he shares his best moments. Life goes on as normal until the arrival of Ikari, an enigmatic student who seems to be hiding something. Pol is fascinated by his new classmate and attracted to the dark side he harbors. An inexplicable death and a series of strange events will transform the meek student's routine into a fantastic adventure which will take over their lives. Animals is a story of teenage love, of sacrifice, of the tragedy of two clashing worlds. A Tale in which the power of imagination blurs its borders with reality and where death turns out to be an ending as tempting as inevitable.",https://image.tmdb.org/t/p/w500/70vikbY6N4HDdxsNVOTjIMOG3O7.jpg,6.177,2012-10-26,https://www.themoviedb.org/movie/139646
"Submarine Raider","On December 6, 1941, Captain Yamanada of the Japanese aircraft carrier ""Hiranamu"", orders full steam ahead for Pearl Harbor. His ship encounters and sinks an American yacht and the single survivor, Sue Curry, is rescued by an American submarine, the ""Sea Serpent"", commanded by Commander Chris Warren. He hears her story and attempts to radio a warning to Pearl Harbor. Yamanada, hearing the signals, orders the airlines jammed, and then sends his son into the air to sink the sub. The attack fails, after the sub makes a crash dive, but they fail in their warning attempts. The next morning, December 7th, the men on the sub hear the story of the bombing of Pearl Harbor, and devise a desperate plan to sink the Japanese carrier by letting the carrier know their position. The carrier comes in search of the submarine.",https://image.tmdb.org/t/p/w500/kwtUpay3VMtAxTe9QW5Ne3sk2YC.jpg,5,1942-06-04,https://www.themoviedb.org/movie/100445
"Jurassic World","Twenty-two years after the events of Jurassic Park, Isla Nublar now features a fully functioning dinosaur theme park, Jurassic World, as originally envisioned by John Hammond.",https://image.tmdb.org/t/p/w500/rhr4y79GpxQF9IsfJItRXVaoGs4.jpg,6.699,2015-06-06,https://www.themoviedb.org/movie/135397
"The Smile of the Fox","Mark, a hitman haunted by his past as a corrupt Miami cop and the death of his wife and son,  prepares for his next killing. Gradually he becomes fascinated by the beautiful prostitute who lives in the next apartment and they embark on a passionate affair. Their dreams of a life together are complicated by her pimp being a drugs baron; before they can escape he must die, but things are never that simple...",https://image.tmdb.org/t/p/w500/5nXdKIlB0G2Nv19Tx5ZUZU2fixI.jpg,5.273,1992-05-23,https://www.themoviedb.org/movie/108450
Harvey,"The story of Elwood P. Dowd who makes friends with a spirit taking the form of a human-sized rabbit named Harvey that only he sees (and a few privileged others on occasion also.) After his sister tries to commit him to a mental institution, a comedy of errors ensues. Elwood and Harvey become the catalysts for a family mending its wounds and for romance blossoming in unexpected places.",https://image.tmdb.org/t/p/w500/dgd82hYmpiXDM1G867HqNaWe8wj.jpg,7.675,1950-12-04,https://www.themoviedb.org/movie/11787
Harvey,"The story of Elwood P. Dowd who makes friends with a spirit taking the form of a human-sized rabbit named Harvey that only he sees (and a few privileged others on occasion also.) After his sister tries to commit him to a mental institution, a comedy of errors ensues. Elwood and Harvey become the catalysts for a family mending its wounds and for romance blossoming in unexpected places.",https://image.tmdb.org/t/p/w500/dgd82hYmpiXDM1G867HqNaWe8wj.jpg,7.675,1950-12-04,https://www.themoviedb.org/movie/11787
"Legends of the Condor Heroes: The Gallants","Under Genghis Khan, the Mongolian army pushes west to destroy the Jin Dynasty, setting its sights on the Song Dynasty next. Amid internal conflicts among martial arts schools, Guo Jing unites the Central Plains' warriors to defend Xiangyang, embodying courage and loyalty in the fight for the nation.",https://image.tmdb.org/t/p/w500/fUCFEGFlMIFet9ja72JDAeG1he8.jpg,6.866,2025-01-29,https://www.themoviedb.org/movie/1185528
Rage,"A romantic thriller about a construction worker in hiding for killing his foreman who hides in the mansion where his girlfriend works as a maid.",https://image.tmdb.org/t/p/w500/jYBnT05o0kWRY8yH6Rrw08eHuLq.jpg,5.6,2009-08-12,https://www.themoviedb.org/movie/61539
"Peter Grimes","This 1969 BBC production is about as close as we can get to a definitive version of Benjamin Britten's PETER GRIMES, one of the greatest 20th Century operas. The story of the individualistic fisherman hounded by his neighbors who believe he murdered his young apprentice packs tremendous emotional power. The compelling narrative is richly enhanced by its subtexts: the lone outsider versus the conformist mob; the dreamer of improbable dreams that lead to tragedy; the artist (dreamer) versus the Philistines, and the homosexual overtones of Grimes' abuse of his child apprentices. Britten is conductor of his work and tenor Peter Pears is Grimes, 25 years after he created the title role at the opera's premiere. As the widow Ellen Orford, soprano Heather Harper is magnificent. Best of all, the sea is an ever-present actor here. When we don't see it in the background it exerts its presence in the abundant visual references to nets, barrels, and other paraphernalia of a seaside fishing village.",https://image.tmdb.org/t/p/w500/9QWUGDmUa46Vp0ANp4rn1z2jEFu.jpg,0,1969-11-02,https://www.themoviedb.org/movie/490590
"Riding Waves","In this soulful surf documentary, filmmaker Cyrus Sutton shadows five different surfers, capturing the ups and downs of their daily routines -- much like the ebb and flow of the waves they ride with such passion. Whether Sutton's lens is trained on Rob Machado, Joel Tudor, Donovan Frankenreiter, Dane Reynolds or John Peck, there's one theme that unifies them despite their differences when it comes to personal style: They all love what they do.",https://image.tmdb.org/t/p/w500/a4KarXMUK2Yw7W3EdrNz2LTZwnS.jpg,0,2008-01-01,https://www.themoviedb.org/movie/320562
"Bharathan Effect","One among the few sci-fi movies in Malayalam, 'Bharathan Effect' tells the story of Bharathan (Biju Menon) who is a genius inventor struggling to make ends meet. His efforts are under appreciated by his wife Geetha (Geethu Mohandas) and causes constant conflict between them. After apparently seeing  an object float in air defying gravity; Bharathan gets obsessed by the whole idea. He tries to research the topic with the financial assistance of his landlord (Jagathy Sreekumar) despite the entire community branding him as a lunatic. The rest of the film deals with his quest to find the truth behind the strange phenomenon of anti-gravity that he witnesses.",https://image.tmdb.org/t/p/w500/hUnen0q1sk0nrTh5WKvbROpaYWK.jpg,2.5,2007-08-16,https://www.themoviedb.org/movie/354949
"The Hand That Rocks the Cradle","Suburban couple Caitlin and Miguel hire seemingly sweet Polly to take care of their newborn baby. But Polly's true motives have little to do with singing lullabies...",https://image.tmdb.org/t/p/w500/hH953zlL3xdEDpizAquISRrSm1P.jpg,5.727,2025-10-16,https://www.themoviedb.org/movie/1362315
"A Conquest","George, passing a pretty woman in the street, has recourse to that old-time trick of dropping his own handkerchief and hurrying after her, making believe that he thinks it is hers. On examining the handkerchief, the beauty returns it, telling George that it does not belong to her. He then confesses that he knows very well that it is not her property, as it happens to be his own, and his offering it to her was only an excuse to make her acquaintance, so struck was he by her beauty. Upon this frank declaration the young woman draws herself up haughtily, but George is not to be discouraged, but follows closely behind her, ready to be of any assistance on the slightest pretext. We therefore see him arriving at the lady's house laden down with such articles as a lampshade, a statuette, a bunch of roses, a bundle of dress goods, and, in addition, leading an enormous dog on a leash, against whose attacks he is endeavoring to protect himself.",https://image.tmdb.org/t/p/w500/kwAPsIwx7iyva6TvyWA2Jfwg5Qv.jpg,0,1909-10-22,https://www.themoviedb.org/movie/538696
Shelter,"In 2001 Woodshed Films released their third Moonshine Experiment surf movie entitled “Shelter.” With a similar style and feel to the first two Moonshine Experiments, “Thicker Than Water” and “September Sessions”, “Shelter” is one of Taylor Steele and Chris Malloy’s best productions. This surf movie does a great job of staying far away from the politics of surfing and focuses more on soul surfing. However, don’t think that there aren’t any surfers worth watching in this movie because there are plenty. “Shelter” is jam packed with professional and well-known surfers such as Rob Machado, Taylor Knox, Joel Tudor, Mick Fanning, Dean Morrison, Jack Johnson, The Malloy’s, Kelly Slater, Nat Young, Donavon Frankenreiter, Shane Dorian, Jon Swift and many more.  The soundtrack for “Shelter” is similar to “Thicker Than Water” and “September Sessions”. It has a slower and mellower feel, featuring artists such as Mason Jennings, The Shins, White Buffalo and even surfers Jon Swift and Rob Machado.",https://image.tmdb.org/t/p/w500/v7Mscq4larnd79VVqxvX8otsdpd.jpg,5.8,2001-01-01,https://www.themoviedb.org/movie/197893
"The Wolf of Wall Street","A New York stockbroker refuses to cooperate in a large securities fraud case involving corruption on Wall Street, corporate banking world and mob infiltration. Based on Jordan Belfort's autobiography.",https://image.tmdb.org/t/p/w500/kW9LmvYHAaS9iA0tHmZVq8hQYoq.jpg,8,2013-12-25,https://www.themoviedb.org/movie/106646
Judy,"A man develops an intimate relationship with a female android.",https://image.tmdb.org/t/p/w500/9QKiOHTJC4K5IZWpLszEt1vkcPM.jpg,5,2016-09-24,https://www.themoviedb.org/movie/421711
Alleluia,"Michel, a murderous womanizer, meets introverted Gloria online and treats her to a whirlwind one-night-stand. Offering herself as an accomplice in his seductive crimes, the unhinged lovers embark on a deadly odyssey amplified by wild sex, unbridled jealousy, and passionate forays into the dark arts. This smart and gory shocker breathes new life into the lovesick horror genre to serve up a chilling tale of white-hot desperation and terrifying devotion.",https://image.tmdb.org/t/p/w500/7cRgaaD8EdM5hfw6lHSSSG8mEq8.jpg,5.895,2014-11-26,https://www.themoviedb.org/movie/269776
Antboy,"12-year-old Pelle accidentally gets bitten by an ant and develops unimaginable superpowers. With help from his friend, comic book nerd Wilhelm, Pelle creates a secret identity as the superhero Antboy. Slowly things start to happen in the surburban community, and when a scary and crazy supervillain, Flea, enters the scene, Antboy must step up to the challenge.  The first Danish superhero-movie. Based on the books by Kenneth Bøgh Andersen.",https://image.tmdb.org/t/p/w500/kbYXm4j8S8AfLSnvA88uf7WpcWz.jpg,5.7,2013-09-07,https://www.themoviedb.org/movie/198436
"Quick Millions","A truck driver ""too lazy to work and too nervous to steal"" gets mixed up in racketeering. Naturally his underhanded business practices make him a pillar of the community.",https://image.tmdb.org/t/p/w500/2NDXUrJzSOtn3v8rhLkTi6mXoN5.jpg,7.1,1931-04-17,https://www.themoviedb.org/movie/159047
"Deadliest Prey","Sequel to Deadly Prey. Colonel Hogan is still alive and just getting out of prison on parole, some 28 years later. But he has only one thing in mind and that is revenge on Mike Danton. So once again, Hogan puts together a group of mercenaries, has Danton kidnapped, and the games begin. Only this time Hogan is funded by a huge internet company in exchange for broadcasting the hunting of Danton over the internet, worldwide. For Hogan, winning is everything. Proving that there can only be one best and that it is him. What he had not thought of is that he isn’t the only one who had twenty eight years to get pissed off. Because now Mike Danton is pissed off and that means few will survive.",https://image.tmdb.org/t/p/w500/gZJxYwlWedCYZwGeUodVyrHCI7Y.jpg,4.1,2013-10-27,https://www.themoviedb.org/movie/230645
"Montana Story","Two estranged siblings return home to the sprawling ranch they once knew and loved in order to care for their ailing father.",https://image.tmdb.org/t/p/w500/1DRaBfaVuQyEK9DAurUXZuQqlEp.jpg,5.9,2022-05-13,https://www.themoviedb.org/movie/785037
"Mother Pluto","Pluto accidentally hatches a bunch of chickens and looks after them until the hen returns.",https://image.tmdb.org/t/p/w500/uMkc6iEPSkRuV8dc1HjVncHNea4.jpg,6.1,1936-11-14,https://www.themoviedb.org/movie/109325
Fantasmagoría,"Professor Jorge Ollot and Dr. Iris de Miguel have gathered a group of people, carefully chosen, with whom they will be isolated for a week in a secluded house. Their intention? To demonstrate that the paranormal exists, but that it is our own mind that provokes it.",https://image.tmdb.org/t/p/w500/7TA8HJFBZ5GBdiiH1lQ1co6TM5L.jpg,2,,https://www.themoviedb.org/movie/1499837
"The Suburbanite","A family moves out to the 'peaceful' suburbs where everything goes wrong, including the mother-in-law moving in.",https://image.tmdb.org/t/p/w500,5,1904-11-12,https://www.themoviedb.org/movie/190735
"Inside Out","When 11-year-old Riley moves to a new city, her Emotions team up to help her through the transition. Joy, Fear, Anger, Disgust and Sadness work together, but when Joy and Sadness get lost, they must journey through unfamiliar places to get back home.",https://image.tmdb.org/t/p/w500/2H1TmgdfNtsKlU9jKdeNyYL5y8T.jpg,7.91,2015-06-17,https://www.themoviedb.org/movie/150540
"Captain Thunder","A notorious Mexican bandit goes all soft and mushy when he falls for a beautiful senorita.  Warner Bros.' Captain Thunder contains some of the darndest Mexican accents you've ever heard in your life.  The star is Hungarian-born Victor Varconi, portraying a legendary south of the border outlaw who tries to force Canadian senorita Fay Wray to marry a rival rustler whom she despises.  She pleads with the bandito so pathetically that he is moved to grant her a single wish.  Without hesitation she chooses her poor but true love. The bandit king, being a somewhat honorable fellow grants the wish and without a twitch, guns down the wicked cattle thief.  Fortunately the film was played for comedy, a wise decision since it probably would have garnered laughs as a straight drama anyway.",https://image.tmdb.org/t/p/w500/5TVzRhh7jqwVweZCPjQBXAZgQ5d.jpg,3.8,1930-12-27,https://www.themoviedb.org/movie/286868
"Kung Fu Panda","When the Valley of Peace is threatened, lazy Po the panda discovers his destiny as the ""chosen one"" and trains to become a kung fu hero, but transforming the unsleek slacker into a brave warrior won't be easy. It's up to Master Shifu and the Furious Five -- Tigress, Crane, Mantis, Viper and Monkey -- to give it a try.",https://image.tmdb.org/t/p/w500/wWt4JYXTg5Wr3xBW2phBrMKgp3x.jpg,7.308,2008-06-04,https://www.themoviedb.org/movie/9502
"White Chicks","Two FBI agent brothers, Marcus and Kevin Copeland, accidentally foil a drug bust. To avoid being fired they accept a mission escorting a pair of socialites to the Hamptons--but when the girls are disfigured in a car accident, they refuse to go. Left without options, Marcus and Kevin decide to pose as the sisters, transforming themselves from black men into rich white women.",https://image.tmdb.org/t/p/w500/aHTUpo45qy9QYIOnVITGGqLoVcA.jpg,6.9,2004-06-23,https://www.themoviedb.org/movie/12153
"How the Grinch Stole Christmas","The Grinch decides to rob Whoville of Christmas - but a dash of kindness from little Cindy Lou Who and her family may be enough to melt his heart...",https://image.tmdb.org/t/p/w500/1WZbbPApEivA421gCOluuzMMKCk.jpg,6.8,2000-11-17,https://www.themoviedb.org/movie/8871
Paperman,"An urban office worker finds that paper airplanes are instrumental in meeting a girl in ways he never expected.",https://image.tmdb.org/t/p/w500/9tvF744hwTm2Bn9hkDjMfEsysKz.jpg,7.994,2012-11-02,https://www.themoviedb.org/movie/140420
"Sidelined: The QB and Me","Dallas, a burdened but headstrong dancer, is determined to get into the best dance school in the country—her late mother’s alma mater. However, that dream is suddenly derailed when the cheeky yet secretly grieving football star, Drayton, crashes into her life with a unique story of his own. Will the two of them be able to grow into their dreams together, or will their dreams be sidelined?",https://image.tmdb.org/t/p/w500/mSL6truNrWP1Bn9ng1rN0SkMI4f.jpg,6.1,2025-02-06,https://www.themoviedb.org/movie/957119
"Up Periscope","Lieutenant Braden discovers that Sally, the woman he's been falling in love with, has actually been checking out his qualifications to be a U.S. Navy frogman. He must put his personal life behind him after being assigned to be smuggled into a Japanese-held island via submarine to photograph radio codes.",https://image.tmdb.org/t/p/w500/1t0Zo7y4L7PSJV1T5K5JM8HFQqw.jpg,6.3,1959-03-04,https://www.themoviedb.org/movie/18146
Conflict,"Unhappily married Richard Mason concocts a meticulous scheme to kill his shrewish wife so that he'll be free to marry her sister.",https://image.tmdb.org/t/p/w500/kzVULA1agXKgi5cc2fbyWiDKiuF.jpg,6.6,1945-06-15,https://www.themoviedb.org/movie/26654
Passion,"A woman and her lover plot to kill her older husband.",https://image.tmdb.org/t/p/w500/1VVVvOvV9iVIMBuHJ8vTETlMVsF.jpg,7,1998-10-22,https://www.themoviedb.org/movie/149514
"New Third Gangster XII","The army of backstory reunites in the evil of darkness that pollutes Jinyoshi for his own desires! The final 12th installment of the super popular series based on Kazuhiko Murakami! !! Masaki, the young head of the Todo group, tries to drop Nagoya via the Murota group as a stepping stone to conquer the whole country, but the members are killed in a series of mysterious accidents, and even the leader of the Murota group is finally assassinated.",https://image.tmdb.org/t/p/w500/eXYa0wVqaZtNkK0QEmtop0CHcYf.jpg,0,2000-12-21,https://www.themoviedb.org/movie/784755
"The Visitor","An ancient intergalactic warrior arrives on Earth to put a stop to a demonic child's plot to reproduce Satan's next generation of evil.",https://image.tmdb.org/t/p/w500/nO6pEHO2bewFPgDxxdRI2taKLir.jpg,5.228,1979-03-22,https://www.themoviedb.org/movie/54013
Ted,"John Bennett, a man whose childhood wish of bringing his teddy bear to life came true, now must decide between keeping the relationship with the bear or his girlfriend, Lori.",https://image.tmdb.org/t/p/w500/tZPTcdGTpxq4yJx1YxqBl0gthNz.jpg,6.4,2012-06-29,https://www.themoviedb.org/movie/72105
"The Lord of the Rings: The Two Towers","Frodo Baggins and the other members of the Fellowship continue on their sacred quest to destroy the One Ring--but on separate paths. Their destinies lie at two towers--Orthanc Tower in Isengard, where the corrupt wizard Saruman awaits, and Sauron's fortress at Barad-dur, deep within the dark lands of Mordor. Frodo and Sam are trekking to Mordor to destroy the One Ring of Power while Gimli, Legolas and Aragorn search for the orc-captured Merry and Pippin. All along, nefarious wizard Saruman awaits the Fellowship members at the Orthanc Tower in Isengard.",https://image.tmdb.org/t/p/w500/5VTN0pR8gcqV3EPUHHfMGnJYN9L.jpg,8.41,2002-12-18,https://www.themoviedb.org/movie/121
Osiris,"Special Forces commandos on a mission are abducted mid-operation by a mysterious spacecraft. Upon waking aboard, they find themselves prey to a relentless alien race in a fight for survival.",https://image.tmdb.org/t/p/w500/3YtZHtXPNG5AleisgEatEfZOT2w.jpg,6.4,2025-07-25,https://www.themoviedb.org/movie/1241470
"Racing Extinction","An unlikely team of activists and innovators hatches a bold mission to save endangered species.",https://image.tmdb.org/t/p/w500/gydw7e4QCWrp5qExSJSvzyPJ42E.jpg,7.813,2015-01-24,https://www.themoviedb.org/movie/300792
"Invisible Children","A brash, irreverent and poetically playful collage of stories about people in Singapore who run away and disappear forever. Two children run away from home and discover an ancient underground network of monsoon drains, tunnels and caves. An army officer obsessed with order and discipline realises that life isnít so black and white. A painfully shy man reluctantly saves his neighbour and experiences a spiritual awakening.  Concocted from a heady mix of realism and poetic fantasy, Invisible Children is sometimes funny, sometimes poignant, but always thought-provoking.",https://image.tmdb.org/t/p/w500/jQivotBiuauk72wOFc8DpNotmsA.jpg,0,2008-09-01,https://www.themoviedb.org/movie/645146
"Death Note Relight 1: Visions of a God","A recap of Death Note episodes 1–26, with alternate footage. When rogue shinigami Ryuk leaves his Death Note in the human world, he has no idea how far the one who finds it will take his new-found power. With the Death Note in hand, brilliant high school student Light Yagami vows to rid the world of evil.",https://image.tmdb.org/t/p/w500/qDhbGqjZ7yFwa7FMIzuiQTQMfEQ.jpg,7.908,2009-09-23,https://www.themoviedb.org/movie/51482
"The Shack","A grieving man receives a mysterious, personal invitation to meet with God at a place called 'The Shack'.",https://image.tmdb.org/t/p/w500/doAzav9kfdtsoSdw1MDFvjKq3J4.jpg,7.494,2017-03-03,https://www.themoviedb.org/movie/345938
"Without Love","In World War II Washington DC, scientist Pat Jamieson's assistant, Jamie Rowan, enters a loveless marriage with him. Struggles bring them closer together.",https://image.tmdb.org/t/p/w500/54ayABmVMl9YVbURzShhRDLXrNQ.jpg,6.8,1945-03-22,https://www.themoviedb.org/movie/31998
Caramelo,"After a life-changing diagnosis, a promising chef finds hope and humor with the help of a fur-midable dog friend.",https://image.tmdb.org/t/p/w500/c4ZEAah5a01cu27w7vT2IAoFogk.jpg,7.8,2025-10-07,https://www.themoviedb.org/movie/1277988
"Fast X","Over many missions and against impossible odds, Dom Toretto and his family have outsmarted, out-nerved and outdriven every foe in their path. Now, they confront the most lethal opponent they've ever faced: A terrifying threat emerging from the shadows of the past who's fueled by blood revenge, and who is determined to shatter this family and destroy everything—and everyone—that Dom loves, forever.",https://image.tmdb.org/t/p/w500/fiVW06jE7z9YnO4trhaMEdclSiC.jpg,7.017,2023-05-17,https://www.themoviedb.org/movie/385687
"The Accused","Out drinking one night after a fight with her boyfriend, three men brutally rape Sarah Tobias in a bar while people watch and cheer. District Attorney Kathryn Murphy takes the case; however, she allows the rapists to receive a mild sentence. A distraught Sarah decides to seek punishment for the men who witnessed and encouraged the rape. To get justice, Sarah must take the stand and revisit the night of her attack.",https://image.tmdb.org/t/p/w500/5DlWHYb5Q65GaHYHDo6PqGOuoF1.jpg,7.1,1988-10-14,https://www.themoviedb.org/movie/10868
Melody,"Two youngsters declare to their parents that they want to get married. Not sometime in the future but as soon as possible.",https://image.tmdb.org/t/p/w500/8UoL2IkDnDqT9pvUk5HA2LQmvji.jpg,7.059,1971-03-28,https://www.themoviedb.org/movie/48207
Possum,"In a backwoods cabin, a boy called Little Man lives with his dad (a trapper), his older sister Missy, and his younger sister Kid, who is feral, spends most of her time under the table, and can imitate the sound of any animal. Their mother is dead. One day, while dad's in town selling skins, Missy teases Kid and gets bitten. There's Hell to pay when dad gets home, and Kid runs off into the night to spend it with her animal friends. Little Man, who narrates much of the story as well as his reflections in a whisper, must sort out loss and emptiness.",https://image.tmdb.org/t/p/w500/dkS3Ypwin2i78X9cp4ReLWcPxYV.jpg,0,1997-01-01,https://www.themoviedb.org/movie/670490
"The Phantom","An eclectic group of people are stalked by a masked killer in an old mansion.",https://image.tmdb.org/t/p/w500/7Y4BV1xdUunmlEb8TnSmvhB6o8U.jpg,3.882,1931-11-01,https://www.themoviedb.org/movie/156365
"Sin City","Welcome to Sin City. This town beckons to the tough, the corrupt, the brokenhearted. Some call it dark… Hard-boiled. Then there are those who call it home — Crooked cops, sexy dames, desperate vigilantes. Some are seeking revenge, others lust after redemption, and then there are those hoping for a little of both. A universe of unlikely and reluctant heroes still trying to do the right thing in a city that refuses to care.",https://image.tmdb.org/t/p/w500/i66G50wATMmPrvpP95f0XP6ZdVS.jpg,7.461,2005-04-01,https://www.themoviedb.org/movie/187
"Honeymoon Trio","This Educational Comedies one-reeler is all about Walter Catlett in his obnoxious mode as he somehow imposes himself completely on Al St. John and Dorothy Granger as they go on their honeymoon. Dorothy never seems to notice anything odd about this situation -- which renders it all the funnier -- while Al St. John builds up quite a head of steam in what amounts to a ten-minute slow burn, worthy of Edgar Kennedy at his best.",https://image.tmdb.org/t/p/w500,4,1931-08-29,https://www.themoviedb.org/movie/162661
"Patriot Games","When CIA Analyst Jack Ryan interferes with an IRA assassination, a renegade faction targets Jack and his family as revenge.",https://image.tmdb.org/t/p/w500/yToAJg67r3hk3Ux3sfXOdpiqxU.jpg,6.679,1992-06-04,https://www.themoviedb.org/movie/9869
"The Holiday","Two women, one American and one British, swap homes at Christmastime following bad breakups. Each woman finds romance with a local man but realizes that the imminent return home may end the relationship.",https://image.tmdb.org/t/p/w500/h1ITOpvJN3Tw4Sy60w2QTfYMvdd.jpg,7.09,2006-12-05,https://www.themoviedb.org/movie/1581
"Red Scorpion","A Soviet commando is sent to eliminate a rebel leader in Africa.  Soon he finds himself doubting his mission and his loyalty.",https://image.tmdb.org/t/p/w500/vzLQeJWGIKBQldk3HsAea5OFucI.jpg,5.95,1988-12-24,https://www.themoviedb.org/movie/12663
"Hood Angels","Femmes fatales take the spotlight in this urban double feature. Three hot ladies accused of a crime they didn't commit agree to investigate the murder of famous rapper Nitro (Juvenile) and uncover a scandal that shakes the rap world in Hood Angels. Kenia Brown and Allison Nurse co-star. In Nikita Blues, sexy teen Nikita (Essence Atkins) stops at nothing to seduce her teacher Mr. Jackson (Kenney Lee) … even though he's engaged!",https://image.tmdb.org/t/p/w500/wCJ6zdKTxPxIT7jFVrJQJbF1Cxm.jpg,2,2003-05-20,https://www.themoviedb.org/movie/310723
"Two Overcoats","Solomon keeps a clothing store, he has in stock two overcoats of exactly the same make and pattern. Michael Gallagher, who is passing by and in need of an outer garment, notices Solomon's display and buys one of the coats. Shortly after the first sale, Peter Dempsey, a bachelor, happens along and takes quite a fancy to the remaining twin overcoat and Solomon makes another sale. Gallagher and Dempsey dine, at the same time, in the same restaurant. Finishing his meal, Gallagher leaves hurriedly and takes Dempsey's coat, quite naturally mistaking it for his own. When Dempsey is through with his meal, he puts on Gallagher's coat quite satisfied that it is his own. That night Dempsey goes to call on his sweetheart, who admires his new overcoat, and as she helps him off with it, a letter in a woman's hand-writing falls out of the pocket.",https://image.tmdb.org/t/p/w500,0,1911-06-24,https://www.themoviedb.org/movie/789140
"Strange Days","Former policeman Lenny Nero has moved into a more lucrative trade: the illegal sale of virtual reality-like recordings that allow users to experience the emotions and past experiences of others. While they typically contain tawdry incidents, Nero is shocked when he receives one showing a murder.",https://image.tmdb.org/t/p/w500/rY5BrDRcYAKE0BYmmT66YG6Uy5Q.jpg,6.998,1995-10-13,https://www.themoviedb.org/movie/281
"2099: The Soldier Protocol","Sometime in the near future, paraplegic prison inmate Matt Mills meets ""The Board"" of Satoshi-Telefair Industries, who thank him for joining the Program. Under pressure and with a promise to make him walk again, Mills agrees to volunteer. He is injected with a synthetic nanomaterial and suffocated, only to wake up with restored use of his legs, yet alone in a steel cell in the first spoke of an experimental apparatus - The Wheel. A series of assailants inflict a multitude of damage to Mills' body and torment his mind, yet the synthetic nanomaterial not only restores his damaged organs, it re-engineers his strength. The experiment might be designed to kill, but Mills is determined to survive - and get back to his daughter before The Board finds her first.",https://image.tmdb.org/t/p/w500/1P6SoZCSKrJp8sxooCbShwN2wpL.jpg,5.059,2019-09-02,https://www.themoviedb.org/movie/630737
"Teen Wolf","When a shy teenager's new-found powers help him score at basketball - and with the popular girls - he has some pretty hairy decisions to make.",https://image.tmdb.org/t/p/w500/bv9rY9eoue2Hat6tcvrKVQ0ow8v.jpg,6.2,1985-08-23,https://www.themoviedb.org/movie/11824
"Freakier Friday","Years after Tess and Anna endured an identity crisis, Anna now has a daughter of her own and a soon-to-be stepdaughter. As they navigate the myriad challenges that come when two families merge, Tess and Anna discover lightning might indeed strike twice.",https://image.tmdb.org/t/p/w500/9wV65OmsjLAqBfDnYTkMPutXH8j.jpg,6.951,2025-08-06,https://www.themoviedb.org/movie/1125257
"Bound by Honor","Based on the true life experiences of poet Jimmy Santiago Baca, the film focuses on half-brothers Paco and Cruz, and their bi-racial cousin Miklo. It opens in 1972, as the three are members of an East L.A. gang known as the ""Vatos Locos"", and the story focuses on how a violent crime and the influence of narcotics alter their lives. Miklo is incarcerated and sent to San Quentin, where he makes a ""home"" for himself. Cruz becomes an exceptional artist, but a heroin addiction overcomes him with tragic results. Paco becomes a cop and an enemy to his ""carnal"", Miklo.",https://image.tmdb.org/t/p/w500/gvP6R6juhe2IpCG7QGDgjyUvm0g.jpg,8.129,1993-02-05,https://www.themoviedb.org/movie/9702
Sisu,"When an ex-soldier who discovers gold in the Lapland wilderness tries to take the loot into the city, German soldiers led by a brutal SS officer battle him.",https://image.tmdb.org/t/p/w500/zehhtcLHnTOE0lw9rLTIRsJeeW2.jpg,7.397,2022-09-09,https://www.themoviedb.org/movie/840326
"Unli Pop","Cheska, a talented wedding planner, is unexpectedly reunited with her former lover Arnie when she takes on a new client, bride-to-be Celine. Seizing the opportunity, Cheska sets in motion a carefully crafted plan for revenge, intertwining passion, deception, and unresolved emotions in this sultry drama.",https://image.tmdb.org/t/p/w500/2C134Lw00utQgrx8lqV9UpadO5A.jpg,7,2025-10-28,https://www.themoviedb.org/movie/1549508
"Battlefield Earth","In the year 3000, man is no match for the Psychlos, a greedy, manipulative race of aliens on a quest for ultimate profit. Led by the powerful Terl, the Psychlos are stripping Earth clean of its natural resources, using the broken remnants of humanity as slaves. What is left of the human race has descended into a near primitive state. After being captured, it is up to Tyler to save mankind.",https://image.tmdb.org/t/p/w500/wXCRuBHdJ5aTFQdsuGJFXNdo79T.jpg,3.311,2000-05-12,https://www.themoviedb.org/movie/5491
"The Lost","A charismatic psycho suspected of killing two innocent campers in a cold-blooded double homicide grows increasingly unstable as his suburban empire starts to crack at the foundations.",https://image.tmdb.org/t/p/w500/7umv0xy6252iBzQz4OgbII8xnQw.jpg,5.281,2006-03-11,https://www.themoviedb.org/movie/15711
"Mandao Returns","Jay Mandao is not your average hero. He’s an astral projecting time traveler who spends his days hanging with his adult nephew Jackson, crashing on his scheming cousin Andy’s couch, and riding with his cabbie friend Fer. In the days leading up to Christmas, Jay tries to make contact with his deceased father Raymond, but ends up contacting the ghost of B-movie star, Aura Garcia. Aura enlists the gang to astral project back in time to prevent her death. Jay quickly finds out that the more he messes with time, the more he falls down a rabbit hole of cults, conspiracies, and death. This Christmas is gonna kick astral! The sequel to Mandao of the Dead.",https://image.tmdb.org/t/p/w500/H81EYNPtU5PXVUTiegT01qMt7r.jpg,6.5,2020-12-15,https://www.themoviedb.org/movie/778596
"The Expendables","Barney Ross leads a band of highly skilled mercenaries including knife enthusiast Lee Christmas, a martial arts expert Yin Yang, heavy weapons specialist Hale Caesar, demolitionist Toll Road, and a loose-cannon sniper Gunner Jensen. When the group is commissioned by the mysterious Mr. Church to assassinate the dictator of a small South American island, Barney and Lee visit the remote locale to scout out their opposition and discover the true nature of the conflict engulfing the city.",https://image.tmdb.org/t/p/w500/j09ZkH6R4JWVylBcDai1laCmGw7.jpg,6.248,2010-08-07,https://www.themoviedb.org/movie/27578
"Billy Madison","Billy Madison is the 27 year-old son of Bryan Madison, a very rich man who has made his living in the hotel industry. Billy stands to inherit his father's empire, but only if he can make it through all 12 grades, 2 weeks per grade, to prove that he has what it takes to run the family business.",https://image.tmdb.org/t/p/w500/sOdgtJdFalL9kRKaeJItARLTAEq.jpg,6.175,1995-02-10,https://www.themoviedb.org/movie/11017
"Beatrice Fairfax","Beatrice Fairfax, the original advice-to-the-lovelorn reporter and her friend and not-so-secret admirer Jimmy Barton investigate calls for help and escape exotic perils and dangers. Episodes include exciting and fun stories of baby-napping, blackmail, jewel thievery, disguise, counterfeiting, and the long-unseen episode featuring entrancing cult starlet Olive Thomas and the real New York Yankees and Giants playing a game in the Polo Grounds.",https://image.tmdb.org/t/p/w500/1TshMLvwfVuOQc2NwvYOEhuHZS1.jpg,5,1916-08-07,https://www.themoviedb.org/movie/429921
"The Hobbit: An Unexpected Journey","Bilbo Baggins, a hobbit enjoying his quiet life, is swept into an epic quest by Gandalf the Grey and thirteen dwarves who seek to reclaim their mountain home from Smaug, the dragon.",https://image.tmdb.org/t/p/w500/yHA9Fc37VmpUA5UncTxxo3rTGVA.jpg,7.364,2012-12-12,https://www.themoviedb.org/movie/49051
"The Deceased","After visiting a fortune teller, Zulmira is informed that a blonde woman will threaten her peace. After talking to her husband Toninho, she suspects that her cousin Glorinha may be that blonde.",https://image.tmdb.org/t/p/w500/qhNI3ldWsrj4YKTASOTjQoA14o1.jpg,7.1,1965-09-22,https://www.themoviedb.org/movie/258521
"En tiempos de la inquisición","16th century swashbuckler in the 'musketeers' vein.",https://image.tmdb.org/t/p/w500/siCRqrfkyZyhfisGmOCX3NtVbpl.jpg,5.6,1946-07-25,https://www.themoviedb.org/movie/310907
"Halloween II","Laurie Strode struggles to come to terms with her brother Michael's deadly return to Haddonfield, Illinois. Meanwhile, Michael prepares for another reunion with his sister.",https://image.tmdb.org/t/p/w500/vSHPM4LQDpWdQrD5KZWK6wNqSOD.jpg,5.3,2009-08-28,https://www.themoviedb.org/movie/24150
"Kath & Kimderella","Kath & Kim turn more than just heads when they go on an overseas trip and end up being the centre of their very own fairytale.",https://image.tmdb.org/t/p/w500/64aAV5Iit9LTsivV37f6nbTCwrW.jpg,5.3,2012-09-06,https://www.themoviedb.org/movie/130953
Tron,"When brilliant video game maker Flynn hacks the mainframe of his ex-employer, he is beamed inside an astonishing digital world...And becomes part of the very game he is designing. In his mission through cyberspace, Flynn matches wits with a maniacal Master Control Program and teams up with Tron, a security measure created to bring balance to the digital environment.",https://image.tmdb.org/t/p/w500/zwSFEczP7AzqugAHHIX3zHniT0t.jpg,6.6,1982-07-09,https://www.themoviedb.org/movie/97
"It Burns!","Two girls think that maybe they burned down an old house in the forest, when they secretly went to smoke a cigarette, but what does the burned house have to do with a madman named Reine and a dragon? Maybe there is more to this mystery than the girls know.",https://image.tmdb.org/t/p/w500/km2hDCIfw0T4qst2CtUrRAGwHX1.jpg,0,2002-01-17,https://www.themoviedb.org/movie/1541282
"The Conjuring: The Devil Made Me Do It","Paranormal investigators Ed and Lorraine Warren encounter what would become one of the most sensational cases from their files. The fight for the soul of a young boy takes them beyond anything they'd ever seen before, to mark the first time in U.S. history that a murder suspect would claim demonic possession as a defense.",https://image.tmdb.org/t/p/w500/rQfX2xx8TUoNvyk892yKWNikJaM.jpg,7.38,2021-05-25,https://www.themoviedb.org/movie/423108
"Raton Pass","Raton Pass is a curious western based on the rules of Community Property. Dennis Morgan and Patricia Neal portray a recently married husband and wife, each of whom owns half of a huge cattle ranch. Neal is a tad more ambitious than her husband, and with the help of a little legal chicanery she tries to obtain Morgan's half of the spread. He balks, so she hires a few gunslingers to press the issue. In a 1951 western, the greedy party usually came to a sorry end; Raton Pass adheres strictly to tradition.",https://image.tmdb.org/t/p/w500/baB6FNYcL6cmF41BXUi4PUSBab9.jpg,4.6,1951-04-07,https://www.themoviedb.org/movie/234140
"Enola Holmes","While searching for her missing mother, intrepid teen Enola Holmes uses her sleuthing skills to outsmart big brother Sherlock and help a runaway lord.",https://image.tmdb.org/t/p/w500/riYInlsq2kf1AWoGm80JQW5dLKp.jpg,7.243,2020-09-23,https://www.themoviedb.org/movie/497582
Illegitimate,"At the dinner table one night, a close-knit Romanian family is upset by a startling revelation.",https://image.tmdb.org/t/p/w500/oRNHWMmM0h4c5WDPa2nAEK4eClE.jpg,6.2,2016-06-08,https://www.themoviedb.org/movie/381318
"Toy Story","Led by Woody, Andy's toys live happily in his room until Andy's birthday brings Buzz Lightyear onto the scene. Afraid of losing his place in Andy's heart, Woody plots against Buzz. But when circumstances separate Buzz and Woody from their owner, the duo eventually learns to put aside their differences.",https://image.tmdb.org/t/p/w500/uXDfjJbdP4ijW5hWSBrPrlKpxab.jpg,8,1995-11-22,https://www.themoviedb.org/movie/862
"Willesden Confidential","Dangerous Davies investigates the death of Geoff Fallon, a stock car driver who was killed during a race at the local stadium when his car exploded due to a leaky fuel line. There seemed to be a considerable animosity with his brother, also a stock car driver, but it turns that Fallon was convicted of killing a child with his car some years previously and the dead child's older brother was working at the stadium on the night in question. When a second person is killed, Davies determines that the case is far more complex than originally thought. Meanwhile, all of the officers at the local station are under investigation when information is leaked to the press.",https://image.tmdb.org/t/p/w500/A9HEkFP6k4wdxiTKgLFWTREKzko.jpg,0,2005-06-19,https://www.themoviedb.org/movie/1508643
"Road House","Ex-UFC fighter Dalton takes a job as a bouncer at a Florida Keys roadhouse, only to discover that this paradise is not all it seems.",https://image.tmdb.org/t/p/w500/fDEdtS4P0gJsxHDIt8dG8TR5dx1.jpg,6.941,2024-03-08,https://www.themoviedb.org/movie/359410
Southpaw,"Billy ""The Great"" Hope, the reigning junior middleweight boxing champion, has an impressive career, a loving wife and daughter, and a lavish lifestyle. However, when tragedy strikes, Billy hits rock bottom, losing his family, his house and his manager. He soon finds an unlikely savior in Tick Willis, a former fighter who trains the city's toughest amateur boxers. With his future on the line, Hope fights to reclaim the trust of those he loves the most.",https://image.tmdb.org/t/p/w500/kSQ49Fi3NVTqGGXILmxV2T2pdkG.jpg,7.365,2015-03-24,https://www.themoviedb.org/movie/307081
"Killer High","Sabrina's perfectly planned high school reunion goes south when a monster keeps killing all the guests.",https://image.tmdb.org/t/p/w500/m4idaPFZUCNeDWjxxwenCKtLEM1.jpg,5.894,2018-10-20,https://www.themoviedb.org/movie/555249
"Wild Beauty","A soldier returns home from World War I with a beautiful black horse that he saved on the battlefield, and names Thunderhoof. He enters the horse in a local race, hoping to earn enough money to save the family ranch of the girl he loves. However, the crooks intent on taking the ranch manage to capture a notorious wild horse and enter it in the same race, believing that it can beat Thunderhoof and thereby ensure that they're able to take the ranch.",https://image.tmdb.org/t/p/w500/kQW2sYjCZrQPq1RSXa5PCvcu6UA.jpg,0,1927-11-27,https://www.themoviedb.org/movie/316141
"The Family Plan","Dan Morgan is many things: a devoted husband, a loving father, a celebrated car salesman. He's also a former assassin. And when his past catches up to his present, he's forced to take his unsuspecting family on a road trip unlike any other.",https://image.tmdb.org/t/p/w500/jLLtx3nTRSLGPAKl4RoIv1FbEBr.jpg,7.24,2023-12-14,https://www.themoviedb.org/movie/1029575
"Top Gun: Maverick","After more than thirty years of service as one of the Navy’s top aviators, and dodging the advancement in rank that would ground him, Pete “Maverick” Mitchell finds himself training a detachment of TOP GUN graduates for a specialized mission the likes of which no living pilot has ever seen.",https://image.tmdb.org/t/p/w500/62HCnUTziyWcpDaBO2i1DX17ljH.jpg,8.166,2022-05-21,https://www.themoviedb.org/movie/361743
"The Strangler","An overweight lab technician with low self esteem, brought on by his dominant mother, becomes a serial killer of female nurses.",https://image.tmdb.org/t/p/w500/dnttPCxSz367Ue2htpedKXSnAWx.jpg,6.3,1964-04-01,https://www.themoviedb.org/movie/42796
"The Grasshopper","A British Columbia teenager dreams of show business but winds up as a call girl in Las Vegas.",https://image.tmdb.org/t/p/w500/kvTEuUDnR7cWeSlh3oQzsYLtyNv.jpg,4.769,1970-05-27,https://www.themoviedb.org/movie/47646
Inspiration,"Gina, a pleasant and witty young lady and Danny a suave, attractive young lad live parallel lives nurtured by single parents. In a series of events, their parents meet and fall in love. Though despising each other completely, Gina and Danny are determined to separate their parents in the desire to win back their parents attention. Despite their efforts, their parents marry leaving Gina and Danny to live under one roof. Will this wreak havoc in the new household or will they learn to grow fond of each other?",https://image.tmdb.org/t/p/w500/bpgVGXftTyIdICxDBlTxT1hCFy0.jpg,0,1972-05-27,https://www.themoviedb.org/movie/980471
"Their Silver Wedding","Even though the Gommesens have been married for 25 years, they are still in love. They wake up happy on their silver wedding anniversary, but the peaceful atmosphere does not last. The couple ends up in a huge fight causing Mrs. Gommesen to leave the house in fury. Her husband’s anger quickly fades when Lawyer Vinkel makes a surprise visit, delivering a present from Gommesen’s rich uncle in Chicago: A check of 25.000 DKK. Learning that it can only be cashed on the condition, that the Gommesens lead a happy, peaceful life together, Mr. Gommesen rushes out to find his precious wife. Will he make it in time or is he forced to give up the fortune? (stumfilm.dk)",https://image.tmdb.org/t/p/w500/u0qRH1Ha0zQTDK3oqF6tVNpU2aW.jpg,5,1920-04-20,https://www.themoviedb.org/movie/735989
Funkytown,"Set in Montreal during the disco phenomenon some 35 years ago, Funkytown follows the life of a group of colorful characters. We follow their lives and tribulations as everyone converges on a regular basis at Montreal's hot disco spot: Starlight. Along the way, several events take place that change these characters' lives. As these characters' lives unfold, the Parti Québécois takes power changing the cultural landscape in Quebec while the disco craze slowly fades. While we keep up with these various characters - it is Bastien who is a central part of this story. His drug addiction, dreams to become an actor and womanizing - make him the ""bigger than life"" typical 70s character around which the whole story revolves.",https://image.tmdb.org/t/p/w500/VioU7s0DzEmLoMciaRepNbbuZn.jpg,5.266,2011-03-04,https://www.themoviedb.org/movie/61542
Spiders,"After a Soviet space station crashes into a New York City subway tunnel, a species of venomous spiders is discovered, and soon they mutate to gigantic proportions and wreak havoc on the city.",https://image.tmdb.org/t/p/w500/vuF1EopyrrtRvVPsAsFBAThcWIT.jpg,4.4,2013-02-08,https://www.themoviedb.org/movie/164331
"Crimson Mask","Crimson Mask is a documentary film by Marco Eisenbarth, that follows German 'Ultra Violence Wrestler' Thumbtack Jack a.k.a. Alexander Bedranowsky in and outside of the wrestling ring.  Being much more than a simple career review, the film gives a deep insight beyond the mask of this seemingly violent and insane character that is Thumbtack Jack, who mutilates his opponents with thumbtacks, barbed wire, syringes and even fire. Crimson Mask shows the man on the other side.  From his career high in the USA to his feud with arch enemy Drake Younger all the way to his very last 'Death-Match' against long time friend and mentor 'Hate', the filmmaker never leaves Thumbtack Jack's side. But then fate strikes and changes Alexander Bedranowsky's life forever...",https://image.tmdb.org/t/p/w500,0,2012-03-22,https://www.themoviedb.org/movie/353130
"Desperate Situation","Recent widow Mandy is kidnapped and held for ransom. Her rich father-in-law is contacted for the money. Dressed only in a sheer nightgown, and bound and gagged, Mandy is forced to walk barefoot in the woods at night, is placed in the trunk of a car and is left in the shower to be drenched. And then, while waiting for the payment, the kidnapper begins to fall in love with the frightened girl. But that’s not all! He’s got a foot fetish that the girl tries to use to her advantage in an attempt to escape. And then his accomplice (Deana Enoches) comes between them. And the result is a deadly confrontation ending in murder!",https://image.tmdb.org/t/p/w500/w3vtOMdVkSnIkma802pZxn6RBdg.jpg,0,1995-01-01,https://www.themoviedb.org/movie/479334
Curtains,"Six young actresses auditioning for a movie role at a remote mansion are targeted by a mysterious masked murderer.",https://image.tmdb.org/t/p/w500/jpMClX0G1Gsia1Dn1HaFGPXqjd0.jpg,5.3,1983-03-04,https://www.themoviedb.org/movie/67087
Francisca,"The life of a young man, son of an English officer who lets himself become a prisoner of love resulting in fatalism and disgrace.",https://image.tmdb.org/t/p/w500/yAaypfPeJPLHihpNBecmhnLrBm.jpg,7.029,1981-12-03,https://www.themoviedb.org/movie/110789
Heretic,"Two young missionaries are forced to prove their faith when they knock on the wrong door and are greeted by a diabolical Mr. Reed, becoming ensnared in his deadly game of cat-and-mouse.",https://image.tmdb.org/t/p/w500/fr96XzlzsONrQrGfdLMiwtQjott.jpg,6.974,2024-10-31,https://www.themoviedb.org/movie/1138194
"Cat Run","When a sexy, high-end escort holds the key evidence to a scandalous government cover-up, two bumbling young detectives become her unlikely protectors from a ruthless assassin hired to silence her.",https://image.tmdb.org/t/p/w500/2QnqQn7W2IjVEgK6mmUIkfQWY19.jpg,5.242,2011-04-01,https://www.themoviedb.org/movie/57353
"Beat Street","An aspiring DJ, from the South Bronx, and his best friend, a promoter, try to get into show business by exposing people to hip-hop music and culture.",https://image.tmdb.org/t/p/w500/cn0gXtGgQXT7EVVXKJRhK4E1nOc.jpg,6.9,1984-06-08,https://www.themoviedb.org/movie/17667
Phobia,"In 1885, a female doctor helping a group of people with their phobias becomes embroiled in a murder mystery surrounding a patient that may or may not be a vampire.",https://image.tmdb.org/t/p/w500/qtq8CgdOWWBYF7AGyQmmFM5W193.jpg,3.3,2013-08-31,https://www.themoviedb.org/movie/218868
Tension,"Warren Quimby manages a drugstore while trying to keep his volatile wife, Claire, happy. However, when Claire leaves him for a liquor store salesman, Warren can no longer bear it. He decides to assume a new identity in order to murder his wife's lover without leaving a trace. Along the way, his plans are complicated by an attractive neighbor, as well as a shocking discovery that opens up a new world of doubts and accusations.",https://image.tmdb.org/t/p/w500/9xhArxwGLDQyEccn7vmBT5BJc0C.jpg,6.755,1949-11-25,https://www.themoviedb.org/movie/25900
Monster,"After being abducted and taken to a desolate house, a girl sets out to rescue her friend and escape from their malicious kidnapper.",https://image.tmdb.org/t/p/w500/OsWKxswXx2TOx87ZRxdOciu0uB.jpg,5.066,2023-11-29,https://www.themoviedb.org/movie/1203484
"The Pier","After 20 years of no contact with his father, Jack McCarthy (played by Hurley) travels from New York to his father Larry's death bed in Cork. Upon arrival he is furious to find his father alive and well and even more so when he then discovers he can't leave. Soon, father and son are forced to deal with a painful history. At the core of their conflict is Larry's denial about the death of his wife, Jack's mother. The story explores the difficult and painful, but often very hilarious ways they try to communicate. Forging a begrudging peace, the reality of life sets in when Larry discloses to Jack another truth that leads to a final reconciliation.",https://image.tmdb.org/t/p/w500/wvfIk4pgoGDMkWo5rtxKA1QlQa6.jpg,0,2011-07-04,https://www.themoviedb.org/movie/208487
"The Chase","Chuck Scott gets a job as chauffeur to tough guy Eddie Roman; but Chuck's involvement with Eddie's fearful wife becomes a nightmare.",https://image.tmdb.org/t/p/w500/qTlMQv1xnnuJha3vMa3LPH8QSxZ.jpg,6.2,1946-11-16,https://www.themoviedb.org/movie/29100
"The Graveyard Keeper's Daughter","A snapshot of one segment of Estonian present-day life, shown through the eyes of a child: 8 years old Lucia is leading a jolly and naughty Pippi-Longstocking-style life in a small town in Estonia. Her father Kaido, a graveyard keeper, can hardly provide for the family, her mother Maria is a drunk. Then the family receives an unexpected invitation to spend a week in Finland, in the house of the female pastor Sipra. This week will change everybody's life in unexpected ways...",https://image.tmdb.org/t/p/w500/xhGN59yT3RORYvss6tyNzPURSOx.jpg,5,2011-02-25,https://www.themoviedb.org/movie/165370
"The Darkness","A family returns from a Grand Canyon vacation with a supernatural presence in tow.",https://image.tmdb.org/t/p/w500/7i7yuJoXCv12rQwYdSWcImhryrL.jpg,4.761,2016-05-13,https://www.themoviedb.org/movie/257345
"Zombie Nightmare","A mad scientist! Four beautiful women! A sex-starved zombie! Lethal experiments! All this and more add up to Zombie Nightmare where helpless victims die, not once, but twice! In his desperate attempt to revive his cancer ridden wife from suspended animation, a deranged scientist abducts four innocent women and subjects them to lethal experiments! Will his wife live again at the expense of the other women?",https://image.tmdb.org/t/p/w500,1,1993-01-01,https://www.themoviedb.org/movie/444968
"Mysterious Island","During the US Civil War, Union POWs escape in a balloon and end up stranded on a South Pacific island, inhabited by giant plants and animals. They must use their ingenuity to survive the dangers, and to devise a way to return home. Sequel to '20,000 Leagues Under the Sea' .",https://image.tmdb.org/t/p/w500/lqLIpwISJEvERlS5fSWe8xbQDFf.jpg,6.588,1961-12-19,https://www.themoviedb.org/movie/18993
Dune,"Paul Atreides, a brilliant and gifted young man born into a great destiny beyond his understanding, must travel to the most dangerous planet in the universe to ensure the future of his family and his people. As malevolent forces explode into conflict over the planet's exclusive supply of the most precious resource in existence-a commodity capable of unlocking humanity's greatest potential-only those who can conquer their fear will survive.",https://image.tmdb.org/t/p/w500/d5NXSklXo0qyIYkgV94XAgMIckC.jpg,7.8,2021-09-15,https://www.themoviedb.org/movie/438631
Vishwas,"Neena lives a poor lifestyle along with her parents. Her marriage is arranged with a wealthy male, but the marriage could not take place as her parents are unable to provide enough dowry. Ramnath Kapoor steps in, gets married to Neena and she re-locates to live a poor lifestyle with him. She is overly ambitious and superficial, and starts to live a parallel life. Even after the birth of a son, Ravi, she continues to enjoy her life, and neglects both her husband and son. Then one day she steals a necklace and lets Ramnath take the blame, and as a result he is arrested and imprisoned. When Ramnath returns, there is no trace of Neena, and he undertakes to look after Ravi on his own. 15 years later Ravi has grown up, and is a Forest Ranger in Uttar Pradesh.",https://image.tmdb.org/t/p/w500/s62iZFuYkQzgAcQoJCSqO893dzr.jpg,0,1969-02-05,https://www.themoviedb.org/movie/1396102
"Poison Ivy","A seductive teen befriends an introverted high school student and schemes her way into the lives of her wealthy family.",https://image.tmdb.org/t/p/w500/3pYkklZMMD00B00jDT5PHvN0Dhm.jpg,5.425,1992-05-08,https://www.themoviedb.org/movie/9264
"The Swimmers","From war-torn Syria to the 2016 Rio Olympics, two young sisters embark on a risky voyage, putting their hearts and their swimming skills to heroic use.",https://image.tmdb.org/t/p/w500/u9MiJ6zLpDw4s3qZz93WDVwTUIo.jpg,7.438,2022-11-24,https://www.themoviedb.org/movie/821881
"Romance from the Tatra Mountains","In Slovakia’s Tatra mountains, ironsmith Pavel lives with his son Janko and orphan Anuška, who are close. Janko spends summer pasturing sheep, while Anuška deals with Jura’s advances. Janko meets Soňa Varenová, a city woman seeking peace, and becomes her guide, causing village gossip. At a festival, Janko ignores Anuška for Soňa, angering Pavel. Pavel asks Soňa to leave Janko for Anuška, and she agrees despite her feelings. Janko seeks Anuška’s forgiveness, but she’s in the mountains. He follows her, and they reconcile by lighting a large fire.",https://image.tmdb.org/t/p/w500,7,1935-01-04,https://www.themoviedb.org/movie/315048
"Holiday Engagement","Thirty-something Hillary Burns has spent her life trying to get the approval of her parents, in the shadow of her more successfully-attached siblings. So when Hillary's fiance, workaholic lawyer Jason King, dumps her because she isn't willing to relocate for his potential promotion, she panics because she had been promising to bring him home to meet her expectant family, whom she does not want to let down! As a last-minute idea, her best friend Sophie convinces her to actually hire someone to ""play the role"" of Jason for her return home on Thanksgiving.. leading to an interesting combination of sparks & revelations for all involved.",https://image.tmdb.org/t/p/w500/4yM1krPnjkWhIOmrY33mVQgSwXJ.jpg,5.827,2011-11-28,https://www.themoviedb.org/movie/82099
Howl,"When passengers on a train are attacked by a creature, they must band together in order to survive until morning.",https://image.tmdb.org/t/p/w500/XcwP3VGTRVHjc4doNP8w1fdOJ7.jpg,5.548,2015-10-01,https://www.themoviedb.org/movie/301846
"Madame DuBarry","The story of Madame du Barry, the mistress of Louis XV of France, and her loves in the time of the French revolution.",https://image.tmdb.org/t/p/w500/U20aqKl3pgeW3m7Ng1dosGTfTW.jpg,6.389,1919-09-18,https://www.themoviedb.org/movie/48218
"Pelé: Birth of a Legend","The life story of Brazilian football legend, Pele.",https://image.tmdb.org/t/p/w500/b1XoAl8TJi7zbKO3GUzRUBrpSxq.jpg,7.348,2016-05-06,https://www.themoviedb.org/movie/245913
Gloria,"Gloria is set against the backdrop of a rural landscape slowly disappearing in modern Portugal. The small border town of Vila de Santiago, once a booming trade center for illegal trafficking, is about to become a ghost town, as a new motorway is to bypass the city and the railway station is being closed. Its stationmaster, Vincente, is preparing to retire. Many young people have moved out, leaving the children to be brought up by the elderly, including thirteen-year-old Glória and her friend Ivan. Glória's life suddenly changes with the arrival of Vincente's younger brother, Mauro, who has just come out of prison and has some old issues to settle. Mauro begins to charge around the station on his motorbike, while Glória's friendship with Ivan is put to test on account of her attraction to older Mauro.",https://image.tmdb.org/t/p/w500/q4tt5JvK8kcrH1tbG2aXLOd6xlo.jpg,6.6,1999-11-03,https://www.themoviedb.org/movie/245749
"Spider-Man: Across the Spider-Verse","After reuniting with Gwen Stacy, Brooklyn’s full-time, friendly neighborhood Spider-Man is catapulted across the Multiverse, where he encounters the Spider Society, a team of Spider-People charged with protecting the Multiverse’s very existence. But when the heroes clash on how to handle a new threat, Miles finds himself pitted against the other Spiders and must set out on his own to save those he loves most.",https://image.tmdb.org/t/p/w500/8Vt6mWEReuy4Of61Lnj5Xj704m8.jpg,8.337,2023-05-31,https://www.themoviedb.org/movie/569094
"Twisted Twin","Tess loves her mom Patricia and the horse ranch she was raised on, but she’s ready for the next chapter. Attending her college orientation weekend, she gets the surprise of a lifetime when she’s approached by Sammy Crain, who happens to be her identical twin sister! After learning the story of how they were separated at birth, Tess is excited to connect with Sammy, but when Sammy’s adoptive parents turn up dead and Tess is mistaken for her sister, she realizes she’s been duped by her twin as part of Sammy’s devious plan to steal Tess’s identity, take the family fortune and get away with murder.",https://image.tmdb.org/t/p/w500/u0q8wf74ON9p2J9SZOIhfQc7hst.jpg,6,2020-05-16,https://www.themoviedb.org/movie/705054
"Mass Appeal","A young seminarian rattles the established order at a Catholic parish run by an older pastor.",https://image.tmdb.org/t/p/w500/kyZ5dQzPmh47jaBUJI5s6p8vJwv.jpg,5.8,1984-12-14,https://www.themoviedb.org/movie/110643
"The Getaway","A recently released ex-convict and his loyal wife go on the run after a heist goes wrong.",https://image.tmdb.org/t/p/w500/8SvnGUJsr16zUJ2CN7ONX1ZWtZ8.jpg,7.119,1972-12-13,https://www.themoviedb.org/movie/5916
"Monsters, Inc.","Lovable Sulley and his wisecracking sidekick Mike Wazowski are the top scare team at Monsters, Inc., the scream-processing factory in Monstropolis. When a little girl named Boo wanders into their world, it's the monsters who are scared silly, and it's up to Sulley and Mike to keep her out of sight and get her back home.",https://image.tmdb.org/t/p/w500/wFSpyMsp7H0ttERbxY7Trlv8xry.jpg,7.847,2001-11-01,https://www.themoviedb.org/movie/585
"Cowboy Poets","American cowboys have been writing poetry for over a century. This little-known literary tradition both belies the macho image of the Western heroes and serves as an imaginative form of oral history. Cowboy Poets travels to the big sky country of Nevada, Montana, and Arizona to explore the tradition and to introduce three working cowboys, and the poetry they write about the lifestyle and land they love: Waddie Mitchell, Slim Kite, and Wally McRae.",https://image.tmdb.org/t/p/w500/sMaa4RbYP3NvRqwCi6aGO9lgwyS.jpg,0,1988-04-07,https://www.themoviedb.org/movie/487393
"Totally Baked","Meet Dave Bertman, a tightly wound 37 year-old father of one. Bertman's ""higher"" education begins when medical marijuana activists wielding ""loaded"" weapons interrupt a planned reunion barbecue with college debate chums. When his teenage daughter Gina Marie unexpectedly arrives with a joint found in her pocket, Bertman assumes the worst. Only after he faces his own hypocrisies, can he have the open and honest discussion needed for father and daughter to understand each other and reconnect.",https://image.tmdb.org/t/p/w500/rKEbJbLZA4W5Zr6FBgad9DLOUEi.jpg,4.875,2007-04-20,https://www.themoviedb.org/movie/36590
Oppenheimer,"The story of J. Robert Oppenheimer's role in the development of the atomic bomb during World War II.",https://image.tmdb.org/t/p/w500/8Gxv8gSFCU0XGDykEGv7zR1n2ua.jpg,8,2023-07-19,https://www.themoviedb.org/movie/872585
"Areola 51","A beautiful grad student named Tara Simmons is abducted by aliens in a flying saucer. Four days later she finds herself back on earth at the top secret government facility Areola 51, which documents sexual encounters with aliens. She remembers everything and recounts the story of her pleasant abduction in sensuous detail to an eager but reserved government agent. Tara describes being bound and bathed by the humanoid aliens, and later being probed by their hands and instruments. She also tells of having various types of sex with the aliens and of having to train them in the ways of sensual pleasure since the alien race had lost their sexuality. As Tara continues, the agent loses interest in taking notes, and becomes aroused and eager to hear more. She also reports that the aliens made her own sexual fantasies seem real as a way to study sex and to reward her. Finally, Tara seduces the agent, but may have an ulterior motive.",https://image.tmdb.org/t/p/w500/ArXHRijfHgZPpWgW4Yu12R3BKn4.jpg,1,2008-12-10,https://www.themoviedb.org/movie/627500
"Licorice Pizza","The story of Gary Valentine and Alana Kane growing up, running around and going through the treacherous navigation of first love in the San Fernando Valley, 1973.",https://image.tmdb.org/t/p/w500/ivXtvzfliGvoJ1DhSHIGyYBToWe.jpg,6.957,2021-11-26,https://www.themoviedb.org/movie/718032
"Meddling Women","Grace Ainsworth wants to return to her career as an opera singer, and her mother-in-law supports her. Grace's husband, Edwin, wants her to stay at home and to convince her, he relates the story of his latest play about a man who allows his wife to return to the stage. Edwin comes to believe that Grace is in love with Harold Chase, a manager, and the couple separates. Edwin has an affair with a dancer, Madeline, and he winds up in a fight with her dancing partner, Vincenti, which causes him to lose his memory.",https://image.tmdb.org/t/p/w500/bc0YOYO2g5nD14Y0ouLJ7A9RP7F.jpg,0,1924-11-15,https://www.themoviedb.org/movie/797157
"The Landlord","At the age of twenty-nine, Elgar Enders ""runs away"" from home. This running away consists of buying a building in a black ghetto in the Park Slope section of Brooklyn. Initially, his intention is to evict the black tenants and convert the building into a posh flat. But Elgar is not one to be bound by yesterday's urges, and soon he has other thoughts on his mind.",https://image.tmdb.org/t/p/w500/DoDKRMIRki2ft2D9bZGa1zzgVx.jpg,5.781,1970-05-20,https://www.themoviedb.org/movie/64828
"Marriage Story","A stage director and an actress struggle through a grueling, coast-to-coast divorce that pushes them to their personal extremes.",https://image.tmdb.org/t/p/w500/2JRyCKaRKyJAVpsIHeLvPw5nHmw.jpg,7.732,2019-09-28,https://www.themoviedb.org/movie/492188
"The Nightmare Before Christmas","Tired of scaring humans every October 31 with the same old bag of tricks, Jack Skellington, the spindly king of Halloween Town, kidnaps Santa Claus and plans to deliver shrunken heads and other ghoulish gifts to children on Christmas morning. But as Christmas approaches, Jack's rag-doll girlfriend, Sally, tries to foil his misguided plans.",https://image.tmdb.org/t/p/w500/7k7uCZ3gDsa0jt0Uynxz4fyTmHA.jpg,7.835,1993-10-09,https://www.themoviedb.org/movie/9479
"Dracula 3000","In the year 3000, the deep space salvage ship Mother III locates the vanished starship Demeter in the Carpathian System. Captain Abraham Van Helsing and his crew composed of the blonde assistant Aurora Ash; the crippled navigator Arthur ""The Professor"" Holmwood, who believes that he is a genius; the strong and dumb Humvee; the intern Mina Murry; and the drug addicted 187, decide to claim the possession of Demeter. While exploring the spacecraft, they see a tape of fifty years ago of Captain Varna telling that he was locked in his cabin since his crew was acting weird after getting a cargo of coffins in Transylvania station. When 187 decides to search in the coffins for some possible hidden dope, he cuts his hand and his blood awakes Count Orlock, a.k.a. Count Dracula. When Aurora discloses who Dracula is, the survivors try to find a way to destroy the vampire.",https://image.tmdb.org/t/p/w500/ucrvSJIoxw1D2SZ2p6J9EIHzFPg.jpg,2.7,2004-08-09,https://www.themoviedb.org/movie/10838
Yuli,"Yuli is the nickname given to Carlos Acosta by his father, Pedro, who considers him the son of Ogun, an African god and a fighter. As a child Yuli avoids discipline and education, learning from the streets of an impoverished and abandoned Havana. His father, however, has other ideas, and knowing that his son has a natural talent for dance, sends him to the National Ballet School of Cuba. Despite his repeated escapes and initial poor behaviour, the boy is inevitably drawn to the world of dance, and begins to shape his legendary career from a young age, becoming the first black dancer to be cast in some of the most prestigious ballet roles, originally written for white dancers, in companies such as the Houston Ballet or the Royal Ballet in London.",https://image.tmdb.org/t/p/w500/hGGbrGNLqB0SSdH9DCuas3mSAv6.jpg,6.948,2018-12-14,https://www.themoviedb.org/movie/537021
"Texas '46","Based on a true story its the untold story of Italian World War II POW""S in Jan 1946. Luca Zingaretti stars as one of over 50,000 Italian Prisoners of War detained at POW camps in the U.S. Roy Schneider stars as Colonel Gartner, the Commander of the camp. Things take a turn for the worse when Manin is brought back from his most recent escape by a patrol force, only to realize that the camp has been evacuated while he was gone. Gartner is forced to keep Manin at the camp until another patrol force can come pick him up. However, no one ever comes. The phone lines get cut, and the two men realize they are completely isolated from the outside world. It is up to each man now to escape the camp.An untold and rarely known fact of US held Italian POW""S",https://image.tmdb.org/t/p/w500/bAtQu18vwiBwDjU4BKkYeGxM9aY.jpg,4.3,2002-01-11,https://www.themoviedb.org/movie/46876
Barbie,"Barbie and Ken are having the time of their lives in the colorful and seemingly perfect world of Barbie Land. However, when they get a chance to go to the real world, they soon discover the joys and perils of living among humans.",https://image.tmdb.org/t/p/w500/iuFNMS8U5cb6xfzi51Dbkovj7vM.jpg,6.948,2023-07-19,https://www.themoviedb.org/movie/346698
Gorgo,"Greedy sailors capture a giant lizard off the coast of Ireland and sell it to a London circus. Then its mother shows up.",https://image.tmdb.org/t/p/w500/fC27POiM5HB08oDxVedPNkGAKUj.jpg,5.349,1961-02-02,https://www.themoviedb.org/movie/40804
"De Sade","The 18th-century French marquis recalls his sadomasochistic experiments and goes to jail for lewd behavior.",https://image.tmdb.org/t/p/w500/thvrilDY8XBOmCpvovVBBsYcwZv.jpg,2.906,1969-08-27,https://www.themoviedb.org/movie/145838
"Strange Darling","Nothing is what it seems when a twisted one-night stand spirals into a serial killer’s vicious murder spree.",https://image.tmdb.org/t/p/w500/kWNCRgt3ocv19bYO0sk7TRuZuFY.jpg,6.909,2024-08-14,https://www.themoviedb.org/movie/1029281
Flightplan,"Flying at 40,000 feet in a state-of-the art aircraft that she helped design, Kyle Pratt's 6-year-old daughter Julia vanishes without a trace. Or did she? No one on the plane believes Julia was ever onboard. And now Kyle, desperate and alone, can only count on her own wits to unravel the mystery and save her daughter.",https://image.tmdb.org/t/p/w500/oNjZFzbe7PfF3TxztNHDkinOPyB.jpg,6.457,2005-09-22,https://www.themoviedb.org/movie/9315
"The Swamp","A look behind the curtain of Washington politics following three ""renegade"" Republican Congressmen as they bring libertarian and conservative zeal to champion the President’s call to “drain the swamp.”",https://image.tmdb.org/t/p/w500/h70gDIHVJ1uKoUVjyaaCeX0txPW.jpg,6.617,2020-08-04,https://www.themoviedb.org/movie/725239
Aswang,"This Filipino vampire film co-directed by Peque Gallaga and Lore Reyes tells the story of an aswang, the traditional shape-shifting creature of local legend. Here, the vampire makes appearances as a giant snake, a young woman (Alma Moreno), and a withered old hag (Lilia Cuntapay). The aswang has a lengthy cinematic history, having been the subject of the first sound film ever produced in the Philippines (1932's Ang Aswang) and migrating, in somewhat altered form, to films in Hong Kong, India, Japan, and, in 1994, to the United States. Aiza Seguerra co-stars with Janice de Belen, Aljon Jimenez, John Estrada, and Alma Moreno.",https://image.tmdb.org/t/p/w500/vXFKQwKXkiTxP1Y7Q8lzNxk15mQ.jpg,5.9,1992-05-22,https://www.themoviedb.org/movie/87485
"Rabbit Fire","Daffy Duck and Bugs argue back and forth whether it is duck season or rabbit season. The object of their arguments is hunter Elmer Fudd.",https://image.tmdb.org/t/p/w500/2sK0wjqW9XtBNIsK16691MDTBkh.jpg,7.4,1951-05-19,https://www.themoviedb.org/movie/53220
"Bright Road","Teachers at an all-black school fight to save a problem child.",https://image.tmdb.org/t/p/w500/QeFChSNW5Rtn1Hj1gFWOkgTlr6.jpg,6.3,1953-04-17,https://www.themoviedb.org/movie/89547
"Perfect Sisters","Tired of their mother's alcoholism and a string of her abusive boyfriends, two sisters plot to kill her.",https://image.tmdb.org/t/p/w500/c7JoUa6DDoHkR5ubRdCgnpwGUE5.jpg,5.853,2014-04-08,https://www.themoviedb.org/movie/206192
"The Lighthorsemen","In 1917 when the British forces are bogged down in front of the Turkish and German lines in Palestine they rely on the Australian light horse regiment to break the deadlock.",https://image.tmdb.org/t/p/w500/h0U0l94ILsSb2Wbq8hLvLR92mQA.jpg,5.959,1987-09-10,https://www.themoviedb.org/movie/18389
Runaways,"Steve Moore is sixteen and lives with his younger sister, mother Cheryl and her boyfriend John, in a modest house in Bakersfield, California. An abusive and often intoxicated man, John rules the household, and though his attacks on Steve result in emergency hospital visits, Cheryl's loyalty is to her boyfriend. To protect her relationship with John, she ""ditches"" her son, having him arrested and locked in a correctional ""mental"" facility, before coercing her older brother Burt, who lives in Hollywood, to take him. Steve quickly discovers that Burt cannot even provide temporary lodging, but an administrator at his new high school directs him to a shelter for runaway kids where he soon learns to navigate his way.",https://image.tmdb.org/t/p/w500/e5MP8ffcMEW3OmA9L88EtwJeKhK.jpg,7.5,2004-01-07,https://www.themoviedb.org/movie/416265
Dracula,"Dracula is searching for a woman who looks like his long dead wife.",https://image.tmdb.org/t/p/w500/rBZFo8UAxCiwMbGgHldHgopAlR.jpg,6.3,1974-06-13,https://www.themoviedb.org/movie/86889
Rage,"When the Russian mob kidnaps the daughter of a reformed criminal, he rounds up his old crew and seeks his own brand of justice.",https://image.tmdb.org/t/p/w500/1pC6xTd15iLIs5De7JKQfrDmKyd.jpg,5.278,2014-05-09,https://www.themoviedb.org/movie/242310
"Mary Lou","Airline hostess Ann Parker is fired for being undignified when she sang to calm the passengers during a storm. Mike Connors, publicity man for Frankie Carle's orchestra, invites her to try out as the band's vocalist since the regular singer, Mary Lou, had just quit the band on the eve of an engagement at a swanky New York night club. Encouraged by her boyfriend, Steve Roberts, Ann lands the job and assumes the name of ""Mary Lou"", a trademark almost for Frankie Carle singers. But the departed Mary Lou shows up and threatens to sue if she is not rehired. Ann returns to her former job. Meanwhile, Steve locates the woman who was the original Mary Lou with the band, and urges Mike to keep the current Mary Lou off the bandstand until he can return with Ann.",https://image.tmdb.org/t/p/w500/lQ0j5jpyZLFCsiUkdWDLOnSh9WZ.jpg,0,1948-01-23,https://www.themoviedb.org/movie/510781
"Final Mission","When his family are murdered Vietnam War veteran, Vince Deacon, tracks down the man responsible for the murders and to get his revenge.",https://image.tmdb.org/t/p/w500/8G6fFGjKLNsgUX2wQP6z6goVBJ.jpg,4,1984-07-25,https://www.themoviedb.org/movie/89946
Outrage,"A young woman who has just become engaged has her life completely shattered when she is raped while on her way home from work.",https://image.tmdb.org/t/p/w500/2zGupaPiJBU3iR9WgY1kMpYalY2.jpg,6.49,1950-09-27,https://www.themoviedb.org/movie/73492
Project-M,"Four astronauts have to stay 1000 days in a space station around Earth in order to prove that a trip to Europa, one of Jupiter's moon, is possible. The experience goes well until something happens on earth.",https://image.tmdb.org/t/p/w500/gIP03pRA0KEATkxNjn87JW3p8Vd.jpg,4.667,2014-09-20,https://www.themoviedb.org/movie/290365
Utopians,"Told through memory and metaphor, Utopians is a dark and subtly comic character study of three people on the edge: of society, of control, and of collapse. Roger is a yoga teacher. His daughter Zoe returns home from the military and to Rogers dismay resumes her relationship with her allegedly schizophrenic girlfriend Maya. Opposed to Zoe's pursuit of Maya but eager to be a part of his daughters life, Roger becomes entangled in the ups and downs of their relationship. Increasingly late and obviously distracted during his yoga classes, his few remaining students begin to lose patience. When Rogers well-meaning friend Morris offers them a live-in renovation job in an upscale Brooklyn home, the three of them move in and start a job they are not exactly qualified for. Living rent-free provides them with a respite from the responsibilities and expectations of the outside world. Together they try to find comfort in their new reality while being revisited by their troubled pasts.",https://image.tmdb.org/t/p/w500/uw0EC3viEhFg8WC2xEDeHGCxO42.jpg,0,2011-02-11,https://www.themoviedb.org/movie/328351
HEARD,"Samantha was left to carry the guilt and shame from an act that was out of her control. When she couldn’t find the words to speak, she reeled from the results of her choices — or lack thereof. Paralyzed by her trauma, Samantha spins at the thought of how to proceed. How does she move forward with this burden? And how big of a burden will it be? She is in agony as she tries to understand if speaking up would have made a difference, or if her voice was never meant to be HEARD",https://image.tmdb.org/t/p/w500/4BZ1PB59Deg9ehdH3B6lYfRLv2.jpg,0,2021-10-12,https://www.themoviedb.org/movie/1498667
Shackles,"An aspiring teacher (Hughley) takes the one job he's offered, a position at a school inside a prison.",https://image.tmdb.org/t/p/w500/sN0hTepWWpg6qnGdsutyRTPIX0Z.jpg,5,2005-08-20,https://www.themoviedb.org/movie/50301
"Little Nikita","An FBI agent works to uncover an all-American family as Soviet sleeper agents, and gets caught up in friendship with their oblivious teenage son.",https://image.tmdb.org/t/p/w500/xdzugDI6avIlba05pstUFqh2mI2.jpg,6.1,1988-03-17,https://www.themoviedb.org/movie/12505
"The Window","An imaginative boy who frequently makes things up witnesses a murder, but can't get his parents or the police to believe him. The only people taking him seriously are the killers - who live upstairs, know that he saw what they did, and are out to permanently silence him.",https://image.tmdb.org/t/p/w500/pez60cVCRjy2os36iI4YXYWTrRT.jpg,6.93,1949-05-10,https://www.themoviedb.org/movie/32684
"The Emperor's New Groove","When self-centered Emperor Kuzco is turned into a llama by his scheming advisor, he is forced to rely on good-hearted peasant Pacha to get back home.",https://image.tmdb.org/t/p/w500/wwbgkXQBEKtnyIJapk6gUgWkVw8.jpg,7.557,2000-12-15,https://www.themoviedb.org/movie/11688
"Blood Money","Zheng Zhou is the most feared warrior from the Shaolin Dynasty in China. His fighting and weapons skills are legendary. But when his parents are killed and sister kidnapped, he turns to a life of drugs and crime that will almost kill him. With the help of Hong Kong's notorious Dragon Triad syndicate, Colombia's biggest drugs cartel hatches an elaborate plan to traffic two tonnes of crack cocaine through the Port of Miami in America and ultimately into Australia and China. But when the partnership turns sour after the Cartel holds a Triad family member hostage, the Triads recruit Zhou to rescue the girl and kill the Colombians. What ensues is a bloodied street war across three countries. Zhou turns international Hitman with an arsenal of hi-tech surveillance devices, explosives, high powered weaponry and an array of fighting skills dating back fifteen hundred years. But just as Zhou rescues the hostage and takes control of the entire drugs shipment...",https://image.tmdb.org/t/p/w500/cmh10BywovOEOlYF5gboYdEi5fY.jpg,4.214,2012-08-28,https://www.themoviedb.org/movie/128280
"The Oranges","A man's affair with his friend's much-younger daughter throws two neighboring families into turmoil.",https://image.tmdb.org/t/p/w500/3HDjhip7qzvEAb5A0AiJfcUBo22.jpg,5.515,2011-09-09,https://www.themoviedb.org/movie/89008
Superdome,"It's the biggest event of the year — the Super Bowl! But the star players for the Cougars, gathered in New Orleans for the big game, are preoccupied with some serious off-the-field issues. Dave Walecki's marriage to his wife Nancy is falling apart, while Jim McCauley is involved in a shady deal with a management firm that could destroy his career. But that's nothing compared to the real drama. There's an assassin killing off many of the team's personnel (as well as their chances of winning)!",https://image.tmdb.org/t/p/w500/5MLuHiV5wNs8kO7ndfVotMfddvb.jpg,4.1,1978-01-09,https://www.themoviedb.org/movie/264098
"Operation Avalanche","In 1967, four undercover CIA agents were sent to NASA posing as a documentary film crew. What they discovered led to one of the biggest conspiracies in American history.",https://image.tmdb.org/t/p/w500/3ngw7s1fa0eJL19fJ6Jw0bTQg3n.jpg,6.1,2016-09-16,https://www.themoviedb.org/movie/376453
Misled,"Two brothers from southwest Detroit struggle to improve their lives. Unable to afford college and faced with expulsion - and meanwhile supporting his mother - Jason turns to stripping which turns to prostitution, posing a huge dilemma since he has just begun the first true love relationship of his life. Bobby's own drug habit spirals him down into a darker and darker place, exasperated by the re-emerging memory of the horrible childhood secret he shares with Jason.",https://image.tmdb.org/t/p/w500/usDfphGSWsoGo1YGrLQ92zUHbGN.jpg,0,2015-02-28,https://www.themoviedb.org/movie/499301
"Bubble Bee","Pluto is playing with a ball in the park when he mistakes a bubble gum machine for it. He tries briefly to get a gumball from the machine when a bee flies into the machine and carries a gumball off to his hive. Pluto goes after the hive and knocks it down; it's full of gumballs, which he eagerly scoops up and begins chewing. The bee returns and is understandably upset; he tracks down Pluto, but Pluto manages to defend himself with gum bubbles for quite a while. The bee manages to wrap the gum from one bubble around Pluto's legs, hobbling him. Finally, the bee flies into Pluto's mouth; Pluto blows a giant bubble around the bee, and when it explodes, they both fly into the air and land in a flower patch; the bee finally manages to sting Pluto (and, being a cartoon bee, lives through it).",https://image.tmdb.org/t/p/w500/qp3lnM4fGdu3ZiUZH9JPBusQnxX.jpg,6.7,1949-06-24,https://www.themoviedb.org/movie/70002
"Enough Said","Eva is a divorced soon-to-be empty-nester wondering about her next act. Then she meets Marianne, the embodiment of her perfect self. Armed with a restored outlook on being middle-aged and single, Eva decides to take a chance on her new love interest Albert — a sweet, funny and like-minded man. But things get complicated when Eva discovers that Albert is in fact the dreaded ex–husband of Marianne...",https://image.tmdb.org/t/p/w500/p5naJg0K8xF0h0HWEfiz6rc9lC4.jpg,6.717,2013-09-18,https://www.themoviedb.org/movie/209263
"Harry Potter and the Deathly Hallows: Part 1","Harry, Ron and Hermione walk away from their last year at Hogwarts to find and destroy the remaining Horcruxes, putting an end to Voldemort's bid for immortality. But with Harry's beloved Dumbledore dead and Voldemort's unscrupulous Death Eaters on the loose, the world is more dangerous than ever.",https://image.tmdb.org/t/p/w500/iGoXIpQb7Pot00EEdwpwPajheZ5.jpg,7.738,2010-11-17,https://www.themoviedb.org/movie/12444
"Ebb Tide","In 1890, two British expatriates, Robert Herrick and Huish, and German Captain Jakob Thorbecke, are commissioned to sail a Yankee schooner called The Golden State , whose captain and crew have died of smallpox. From Tehua in the South Seas to Australia, they are to deliver a cargo of champagne. Thorbecke decides to head for Peru, however, so he can sell the merchandise and pocket the money. While sailing, Faith Wishart, daughter of the deceased captain, comes out of her hiding place on board and, by briefly holding Thorbecke at gunpoint, demands he make the delivery.",https://image.tmdb.org/t/p/w500/h64z46Zt0muicBoK1S5WBx5bRaR.jpg,6,1937-10-14,https://www.themoviedb.org/movie/245229
"The Pact","After their mother passes away, sisters Nicole and Annie reluctantly return to their childhood home to pay their last respects. While staying overnight in the house, the sisters sense a mysterious presence in their midst: noises startling them in the night, objects moving about, a fallen picture of an unknown woman posed next to their mother. Annie begins experiencing a series of intense and disturbing dreams - visions that lead her to uncover something terrible about her mother's past that is finally revealing itself.",https://image.tmdb.org/t/p/w500/o0a4iSc5yKEiV15NCTI5GwrZudc.jpg,5.7,2012-05-25,https://www.themoviedb.org/movie/111440
"A Prophet","Sentenced to six years in prison, Malik El Djebena is alone in the world and can neither read nor write. On his arrival at the prison, he seems younger and more brittle than the others detained there. At once he falls under the sway of a group of Corsicans who enforce their rule in the prison. As the 'missions' go by, he toughens himself and wins the confidence of the Corsican group.",https://image.tmdb.org/t/p/w500/x9Jb8kewBHPzjTtgCQvoQoDsy4d.jpg,7.576,2009-08-26,https://www.themoviedb.org/movie/21575
Diamonds,"A film director gathers his favorite actresses, those he worked with and those he loved. He wants to make a film about women but he doesn’t reveal much: he observes them, takes cue, until his imaginary throw them into another era, in a past where the noise of the sewing machines fills a workplace handled and populated by women, where men have minor and marginal roles and cinema can be told from another point of view: the one of costume. Between loneliness, passions, anxieties, heartbreaking absence and unbreakable bonds, reality and fiction permeate, as well as the lives of the actresses and those of the characters, the competition and the sisterhood, the visible and the invisible.",https://image.tmdb.org/t/p/w500/l9Gwwr7nMQzCsOZ9B0b6FlOWTU6.jpg,7.219,2024-12-19,https://www.themoviedb.org/movie/1299046
"Sisu: Road to Revenge","Returning to the house where his family was brutally murdered during the war, 'the man who refuses to die' dismantles it, loads it on a truck, and is determined to rebuild it somewhere safe in their honor. When the Red Army commander who killed his family comes back hellbent on finishing the job, a relentless, eye-popping cross-country chase ensues — a fight to the death.",https://image.tmdb.org/t/p/w500/vUiAm0jbrPgbUDCOhRKsvdT0u5h.jpg,8,2025-10-21,https://www.themoviedb.org/movie/1223601
"Graduation Day","After the death of a high school track star during a race, a mysterious killer in a fencing mask begins murdering her friends and teachers.",https://image.tmdb.org/t/p/w500/bbNtkM0oFTCnFfblOzeEuaDUaZB.jpg,5.211,1981-05-01,https://www.themoviedb.org/movie/27420
"Nanga Parbat","Drama about the tragic Nanga Parbat expedition by the two Messner brothers in 1970, on which Reinhold Messners younger brother Günther died.",https://image.tmdb.org/t/p/w500/3gDuEocmcYBRYtUmEPL7nl34gmz.jpg,6.6,2010-01-14,https://www.themoviedb.org/movie/46636
"Cleveland Abduction","A single mother becomes Ariel Castro's first kidnapping victim, and finds herself trapped in his home with two other women for 11 years.",https://image.tmdb.org/t/p/w500/uo1OCJrh2fErmuSdrz4gVw67q5n.jpg,7.2,2015-05-02,https://www.themoviedb.org/movie/336845
Jesus,"Michel Auder’s Jesus – in which underground NY artists and Warhol superstars openly discuss their beliefs. Jesus – which premiered as a screening at The Kitchen in 1980 – mixes documentary elements such as footage of evangelical TV programs, books, cartoons, paintings, and other Jesus related imagery – with performances including Taylor Mead as a priest in the West Village and Florence Lambert playing a crucified Jesus. Also, intercut throughout are surprisingly candid interviews with Auder’s friends, family, and people he approaches on New York City streets about their faith and relationship to the world’s most famous person. Among those interviewed are Diego Cortez, Jackie Curtis, Gerard Malanga, Alice Neel (Andrew Neel’s grandmother), Larry Rivers, and Viva.",https://image.tmdb.org/t/p/w500/gf8mntERjDLRrULnsCOoumeWSRp.jpg,0,1979-01-01,https://www.themoviedb.org/movie/785877
"Red Corner","An American attorney on business in China, ends up wrongfully on trial for murder and his only key to innocence is a female defense lawyer from the country.",https://image.tmdb.org/t/p/w500/xsIbKOO1CacqTagyJmEGGf4kOnn.jpg,6.334,1997-10-30,https://www.themoviedb.org/movie/9407
"Project Almanac","A group of teens discover secret plans of a time machine, and construct one. However, things start to get out of control.",https://image.tmdb.org/t/p/w500/9u5Rb0e7mx8qOO7zj39KnIRWClr.jpg,6.786,2015-01-28,https://www.themoviedb.org/movie/227719
"Peter Grimes","Based on a poem published in 1810 with more ethnographic than dramatic focus, Britten constructed a sombre parable about the conflict between the masses and the individual. The maritime atmosphere, the crudity of people’s lives and passions, and the complex, impenetrable personality of the protagonist come together in a tragedy which ferments and explodes in the din of silence and hearsay.  New production of the Teatro Real, in co-production with the Royal Opera House Covent Garden of London, the Opéra national of Paris and the Teatro dell’Opera of Rome",https://image.tmdb.org/t/p/w500/5ZroI3m5EENQZuBmZcwiO1Upp9F.jpg,0,2021-05-07,https://www.themoviedb.org/movie/966912
"The Purge","Given the country's overcrowded prisons, the U.S. government begins to allow 12-hour periods of time in which all illegal activity is legal. During one of these free-for-alls, a family must protect themselves from a home invasion.",https://image.tmdb.org/t/p/w500/46X1ei9uf13nkkr0OhWldGyr5Uh.jpg,6.252,2013-05-31,https://www.themoviedb.org/movie/158015
"Iron Man 2","With the world now aware of his dual life as the armored superhero Iron Man, billionaire inventor Tony Stark faces pressure from the government, the press and the public to share his technology with the military. Unwilling to let go of his invention, Stark, with Pepper Potts and James 'Rhodey' Rhodes at his side, must forge new alliances – and confront powerful enemies.",https://image.tmdb.org/t/p/w500/6WBeq4fCfn7AN0o21W9qNcRF2l9.jpg,6.848,2010-04-28,https://www.themoviedb.org/movie/10138
"Remembering Agatha","For Agatha, Christmas triggers sadness. She yearns for freedom laced with imagination, when magical creatures were part of a game played with friends in the forest. The death of her parents after a 1978 Christmas Party still haunts Agatha. She sees similarities between her parents' unhappy marriage and her own. The Black Madonna statue from her childhood visits Agatha, escalating her anxiety and goading her towards change. The discovery of a mysterious portal offers Agatha the possibility of resolving her grief and saving her crumbling marriage.",https://image.tmdb.org/t/p/w500/3OyPXX5qu7JlRzyc7Z3vs1WakvX.jpg,0,2017-10-10,https://www.themoviedb.org/movie/507131
Expend4bles,"Armed with every weapon they can get their hands on and the skills to use them, The Expendables are the world’s last line of defense and the team that gets called when all other options are off the table. But new team members with new styles and tactics are going to give “new blood” a whole new meaning.",https://image.tmdb.org/t/p/w500/iwsMu0ehRPbtaSxqiaUDQB9qMWT.jpg,6.09,2023-09-15,https://www.themoviedb.org/movie/299054
Resolution,"A man imprisons his estranged junkie friend in an isolated cabin in the boonies of San Diego to force him through a week of sobriety, but the events of that week are being mysteriously manipulated.",https://image.tmdb.org/t/p/w500/wrzbVOuiuwSPMfWVaUQUDbyqx9V.jpg,6.342,2013-01-25,https://www.themoviedb.org/movie/121606
"The Catcher","A trapeze instructor encounters the supernatural while trying to enjoy a beautiful summer day.",https://image.tmdb.org/t/p/w500,0,2005-04-16,https://www.themoviedb.org/movie/333178
"Christmas Island","When a snowstorm diverts Kate's first private flight bound for Switzerland, to Christmas Island in Nova Scotia, she must team up with an air traffic controller to secure her dream job as the family's pilot.",https://image.tmdb.org/t/p/w500/Aw3ApBYlH0KIJ377vcUiqbPMth5.jpg,6.7,2023-11-11,https://www.themoviedb.org/movie/1180841
"The Vampire","Guy Temple, as ""the fool there was"" marries his brother's ward, his boyhood sweetheart, Emily. The young husband becomes ensnared in the toils of the Vampire (a destroyer of souls). Clandestine meetings are arranged and the cunning, unscrupulous, satanic actions of the Vampire compels the poor weakling, Temple, to falter and fall before her charms. John Temple, the other brother, determines to save the young husband when he discovers his perfidy, and to recover the jewels given the Vampire by Guy.",https://image.tmdb.org/t/p/w500,0,1910-11-10,https://www.themoviedb.org/movie/716472
"Fight Club","A ticking-time-bomb insomniac and a slippery soap salesman channel primal male aggression into a shocking new form of therapy. Their concept catches on, with underground ""fight clubs"" forming in every town, until an eccentric gets in the way and ignites an out-of-control spiral toward oblivion.",https://image.tmdb.org/t/p/w500/pB8BM7pdSp6B6Ih7QZ4DrQ3PmJK.jpg,8.438,1999-10-15,https://www.themoviedb.org/movie/550
"Shame on Dry Land","In the shade of Malta’s scorching sun, around the edges of the Swedish online-gambling community, exiled con man Dimman shows up for a lavish wedding, kicking off a desperate and decadent pursuit of redemption.",https://image.tmdb.org/t/p/w500/1jIIN2V5QaCnpsl2LrmIvzSWo8F.jpg,5.333,2023-11-24,https://www.themoviedb.org/movie/1159472
"Mary Shelley","The love affair between poet Percy Shelley and Mary Wollstonecraft Godwin resulted in the creation of an immortal novel, “Frankenstein; or, The Modern Prometheus.”",https://image.tmdb.org/t/p/w500/gKHJTsrfxJtfFNPQJn2hDNEMtFf.jpg,7.01,2017-08-06,https://www.themoviedb.org/movie/332283
"Twisted Desire","A teenage girl convinces a young, love-struck ex-con that the only way they can be together is to do away with her domineering parents.",https://image.tmdb.org/t/p/w500/u5oYWIKUxSM20xKQsjG5gfX0JKq.jpg,4.75,1996-05-13,https://www.themoviedb.org/movie/75471
Se7en,"Two homicide detectives are on a desperate hunt for a serial killer whose crimes are based on the ""seven deadly sins"" in this dark and haunting film that takes viewers from the tortured remains of one victim to the next. The seasoned Det. Somerset researches each sin in an effort to get inside the killer's mind, while his novice partner, Mills, scoffs at his efforts to unravel the case.",https://image.tmdb.org/t/p/w500/191nKfP0ehp3uIvWqgPbFmI4lv9.jpg,8.377,1995-09-22,https://www.themoviedb.org/movie/807
"The Dancers","Young Tony, unable to make a living in crowded and fast-paced London, goes to South America in search of his fortune. He soon becomes the owner of a saloon and dance hall. One of the dancers in his place, Maxine, falls in love with him, but Tony is still in love with his childhood sweetheart Una, although Una is now a ""party girl"" back in London and has forgotten about Tony. However, Tony comes into an unexpected inheritance, along with a title, and returns to London for Una. Although disappointed with Una's current lifestyle, he asks her to marry him despite her ""indiscretions"". However, the night before they are to be married Una confesses a deep, dark secret to Tony that could change their lives forever.",https://image.tmdb.org/t/p/w500/BevR0iovcSgbrmkpWgnyOSkS9h.jpg,5,1925-01-04,https://www.themoviedb.org/movie/459303
"Rogue Trader","Rogue Trader tells the true story of Nick Leeson, an employee of Barings Bank who--after a successful trading run--ends up accumulating $1.4 billion in losses hidden in account #88888.",https://image.tmdb.org/t/p/w500/t10DvWj5Yeog5jsJZuBoFDJJbhP.jpg,5.882,1999-06-25,https://www.themoviedb.org/movie/21039
"The Shadow","Driven to desperation by the enmity of Jane, her step-daughter, Sarah, Dean's second wife, turns to Ware, a friend of the family and a former suitor, for advice. Jane learns that her stepmother has gone to call upon Ware. Realizing the unhappiness her conduct has caused, the girl is stricken with remorse. Knowing that her father would misconstrue Sarah's visit to Ware, the girl hastens to the man's home to meet her stepmother. Sarah is fallen aback when Jane finds her with Ware, but is filled with happiness when the girl announces her desire for a reconciliation.",https://image.tmdb.org/t/p/w500,0,1914-02-23,https://www.themoviedb.org/movie/941893
"Europa Europa","A Jewish boy separated from his family in the early days of WWII poses as a German orphan and is taken into the heart of the Nazi world as a 'war hero' and eventually becomes a Hitler Youth.",https://image.tmdb.org/t/p/w500/hkh3GzBHquwB5nkdEeQUbFSo5Ju.jpg,7.237,1990-11-14,https://www.themoviedb.org/movie/8996
Requiem,"Michaela, an epileptic, enrolls in college to study education. She goes off her medication and soon begins hearing voices and seeing apparitions that tell her to avoid religious objects, although she is devoutly Roman Catholic. One priest scoffs at the idea that Michaela could be possessed by demons, but a younger pastor arranges an exorcism for the young woman.",https://image.tmdb.org/t/p/w500/m42xNNYk3Nxs3xmucuKjl4zSjMc.jpg,6.6,2006-03-02,https://www.themoviedb.org/movie/523
"The Accused","A prim psychology professor fights to hide a murder she committed in self-defense.",https://image.tmdb.org/t/p/w500/cazrLbE894pXLIiUxa8snxj2D7Q.jpg,6.1,1949-01-12,https://www.themoviedb.org/movie/29846
Freakshow,"After being ditched by her cameraman because of her manipulative behavior at a murder scene, a reporter wanders through town looking for a phone she can use. She finds a small museum, where the proprietor invites her in to have a look around before leaving. In one room, she encounters a strange jar which causes her to have strange visions, visions that are supposedly drawn from her own mind. These 'visions' make up the rest of this four- part anthology, which includes horror and suspense stories about a junkie chasing a dog for his runaway fix, a pizza delivery boy who gets a Halloween surprise, a living but paralyzed OD victim forced to undergo her own autopsy because everyone thinks she's dead, and a deal between a golf course owner and a gravedigger that has some unexpected consequences.",https://image.tmdb.org/t/p/w500/rMx3EHvlwjETsSsmV6U1fBtAPCd.jpg,3.583,1989-01-06,https://www.themoviedb.org/movie/91172
Ratatouille,"Remy, a resident of Paris, appreciates good food and has quite a sophisticated palate. He would love to become a chef so he can create and enjoy culinary masterpieces to his heart's delight. The only problem is, Remy is a rat. When he winds up in the sewer beneath one of Paris' finest restaurants, the rodent gourmet finds himself ideally placed to realize his dream.",https://image.tmdb.org/t/p/w500/t3vaWRPSf6WjDSamIkKDs1iQWna.jpg,7.833,2007-06-28,https://www.themoviedb.org/movie/2062
"Church Ball","Dennis Buckstead has the hardest calling in his church. Not only has he been asked to coach a group of non-basketball players in his church but the bishop has demanded that he lead the team to the Basketball Championship. Word from the top is that this is the last season of church ball and Bishop Linderman isn't about to have his team lose for the 20th year in a row in the last season of church ball history! What was supposed to strengthen the body, invigorate the mind and cultivate brotherly love seems to bring out the worst in these church-going ball players. Dennis must find a way to bring his team together and build unity along the way to win the championship or go down in church ball history as the worst team that ever played.",https://image.tmdb.org/t/p/w500/iG2mVQlZciA1p7xcl4x53dZ9yw9.jpg,3.5,2006-03-17,https://www.themoviedb.org/movie/55278
Precious,"In Harlem in 1987, Claireece ""Precious"" Jones is a 16-year-old African American girl born into a life no one would want. She's pregnant for the second time by her absent father, and at home she must wait hand and foot on her mother, an angry woman who abuses her emotionally and physically. School is chaotic and Precious has reached the ninth grade with good marks and a secret – she can't read.",https://image.tmdb.org/t/p/w500/d4ltLIDbvZskSwbzXqi0Hfv5ma4.jpg,7.32,2009-11-06,https://www.themoviedb.org/movie/25793
"Magic Spot","Two cousins use a magic spot in the local woods that acts as a time travel portal to both assist their dead uncle and to rekindle an old romance.",https://image.tmdb.org/t/p/w500/jRRXpBoaXQHILBUgqcykNAYEo8W.jpg,8.3,2022-05-13,https://www.themoviedb.org/movie/961561
"The Convent","During the 17th century, a young woman is saved from execution and led to a priory to repent her sins but discovers a greater evil lies within.",https://image.tmdb.org/t/p/w500/or9QoOcHfsaypC7UiCEIFtls48N.jpg,5.437,2018-10-26,https://www.themoviedb.org/movie/448432
"Rajakiya Chadurangam","The story begins with formation of the new government when an honest person, Satya Murthy (Akkineni Nageswara Rao) becomes Chief Minister of Andhra Pradesh. After that, he forms his government by selecting people with a clean image in his cabinet and brings out several revolutionary changes in the state. This overshadows Joginatham (Kota Srinivasa Rao), who is another strong aspirant for the chairs of CM and his group. They all conduct a secret meeting along with Contractor Papa Rao (Prabhakar Reddy), a political lobbyist and decide to assassinate CM Satya Murthy. Papa Rao contacts a Professional Killer Narang (Charan Raj) to kill CM and he keeps deadline till 1 November. Through the intelligence bureau, Police Department gets secret information regarding it. Here they specially appoint a powerful Police officer, S. P. Pratap (Krishna) for C.M.'s protection. The rest of the story is how S. P. Pratap protects CM from the secret killer",https://image.tmdb.org/t/p/w500/yi8jgCTXqF6wLWu9Wdocir8BZpl.jpg,0,1988-01-14,https://www.themoviedb.org/movie/685650
Crossroads,"After eight years apart, three childhood friends - Lucy, Kit, and Mimi - rediscover their friendship on a cross-country trip. With barely a plan, practically no money but plenty of dreams, the girls catch a lift with Mimi's handsome friend Ben in his convertible. Along the way they not only gather experiences that will change their lives, but they also discover how important it is to hold onto their hearts' desires.",https://image.tmdb.org/t/p/w500/prdFY9Bc28frBhhWl7mPSr7JmFp.jpg,5.219,2002-02-15,https://www.themoviedb.org/movie/17130
"The Comedians","American and British tourists get caught up in political unrest in Haiti.",https://image.tmdb.org/t/p/w500/xlFWqgh0Uyyn21kIaDlRgJk0YYA.jpg,6.1,1967-10-31,https://www.themoviedb.org/movie/86059
"Internal Affairs","Keen young Raymold Avila joins the Internal Affairs Department of the Los Angeles police. He and partner Amy Wallace are soon looking closely at the activities of cop Dennis Peck whose financial holdings start to suggest something shady. Indeed Peck is involved in any number of dubious or downright criminal activities. He is also devious, a womaniser, and a clever manipulator, and he starts to turn his attention on Avila.",https://image.tmdb.org/t/p/w500/A4pH8DiNFEf2AgXkM4zk3ZpblV.jpg,6.356,1990-01-12,https://www.themoviedb.org/movie/11060
"Me Before You","A small town girl is caught between dead-end jobs. A high-profile, successful man becomes wheelchair bound following an accident. The man decides his life is not worth living until the girl is hired for six months to be his new caretaker. Worlds apart and trapped together by circumstance, the two get off to a rocky start. But the girl becomes determined to prove to the man that life is worth living and as they embark on a series of adventures together, each finds their world changing in ways neither of them could begin to imagine.",https://image.tmdb.org/t/p/w500/Ia3dzj5LnCj1ZBdlVeJrbKJQxG.jpg,7.925,2016-06-01,https://www.themoviedb.org/movie/296096
"Always: Sunset on Third Street 2","Would-be writer Ryunosuke Chagawa is still living across the street from Norifumi Suzuki and his auto repair shop, though now he shares his home with Junnosuke, an orphan he's taken under his wing at the urging of pretty Hiroi, who continues to manage a nearby tavern. Chagawa dreams of publishing a successful novel and settling down with Hiroi and Junnosuke, but his day job running the candy store keeps him busy, and Hiroi mistakes his tight schedule for a lack of interest in her. Hiroi has also embarked on a secret career as a burlesque dancer, which isn't doing much to improve her opinion of men. At the Suzuki household, seven-year-old Ippei isn't happy to be sharing the house with a guest, his distant cousin Mika who is the same age but far more demanding. Mutsuko, the apprentice female auto mechanic, is still staying with the Suzukis, and she's becomes the object of the affections of Takeo, a downbeat young man who is studying cooking.",https://image.tmdb.org/t/p/w500/wPTi4F9YKFHZQpK9HsS83sQhNEC.jpg,6.9,2007-11-03,https://www.themoviedb.org/movie/41177
"Rosa Mistica","A Filipino fantasy/horror anthology starring Snooky Serna. In ""Mga Puting Rosas ni Rosalie"", Rosalie dies in a freak accident on the day of her wedding to Mike, who's only after her money. With the help of the white rose, she comes back to earth to correct what is wrong. In ""Mga Pulang Rosas ni Rosanna"", Rosanna is the daughter of a mausoleum caretaker who happens to be the soulmate of the mysterious heir, Ramil, the victim of a curse of Satan's disciple, Lucila. In ""Mga Dilaw Rosas ni Rosario"", Rosario or Osang, a maid with an ugly facade, falls in love with a man named Dio.",https://image.tmdb.org/t/p/w500/yfOABfBSLpRxRY4mLBMCD5yZH5U.jpg,2,1987-03-03,https://www.themoviedb.org/movie/487390
"365 Days: This Day","Laura and Massimo are back and hotter than ever. But the reunited couple's new beginning is complicated by Massimo’s family ties and a mysterious man who enters Laura’s life to win her heart and trust, at any cost.",https://image.tmdb.org/t/p/w500/7qU0SOVcQ8BTJLodcAlulUAG16C.jpg,5.932,2022-04-26,https://www.themoviedb.org/movie/829557
"Daredevil Kate","Orphaned sisters Kate and Irene are separated as children, but each keeps half of their mother's wedding ring. Years later Irene marries John West, the head of a munitions camp. Kate, as fate would have it, happens to run the saloon in the camp and she and Irene become friends, but neither has any idea that the other is her long-lost sister. Matters take a turn for the worse, however, when Kate starts a romance with Cliff, Irene's adopted brother--a relationship that Irene strongly disapproves of. Complications ensue.",https://image.tmdb.org/t/p/w500/vbWQRjEkIfh8DrjMGNSv9QeT6Pl.jpg,0,1916-08-21,https://www.themoviedb.org/movie/937243
"The Grinch","The Grinch hatches a scheme to ruin Christmas when the residents of Whoville plan their annual holiday celebration.",https://image.tmdb.org/t/p/w500/1Bc9VNd9CIHIyJtPKFqSQzrXWru.jpg,6.867,2018-11-08,https://www.themoviedb.org/movie/360920
"Dead Lenny","A local New York City mobster named Tony Thick is expecting $5 million in cash to be delivered by Lenny Long from Los Angeles. Soon enough he realizes Lenny is missing, and it's unknown whether he is dead or he stole the money and ran away. Thick sends Shady, his made man, to L.A. to look for the missing cash. In his search, Shady meets Lenny's baby-desperate wife Sally, his ditsy mistress Eve, his muscle headed brother Louis, his quirky neurosurgeon Dr. Hooker, and a crew of other nut jobs.  None of them know where Lenny is or what happened to him, but they all know that Lenny promised them a share of the money. With Lenny discovered in the San Fernandino hospital, drifting in and out of a coma, Shady has to discover where the money is.",https://image.tmdb.org/t/p/w500/s22d6o0SPaon75ONrn3LCK7Mi7H.jpg,2.75,2007-01-25,https://www.themoviedb.org/movie/212703
"Mega Piranha","When a science experiment goes horribly wrong, gigantic fish gain appetites for human flesh.",https://image.tmdb.org/t/p/w500/vZB82Iqg28c5UxY3maGg1gGr3yF.jpg,3.191,2010-04-10,https://www.themoviedb.org/movie/39522
"Silent Madness","A psychiatrist poses as an ex-sorority sister to stop a slasher freed by a computer error.",https://image.tmdb.org/t/p/w500/npcLVLI8pcn4q6QPVgFJeLCdQAJ.jpg,4.854,1984-10-26,https://www.themoviedb.org/movie/42710
Shiloh,"An abused beagle runs away from his owner. On the road, he meets young Marty Preston and follows him home. The boy immediately forms a bond with the dog and names him Shiloh. His stern father won't let him keep the dog because it belongs to Judd Travers, a local hunter. After Shiloh is mistreated again, he runs away and returns to Marty. Knowing his father will once again make him bring Shiloh back to Judd, he makes a home for the dog in an old shed up the hill from the Prestons' house and hides him from his family. His secret is soon discovered when a stray attacks the dog one night and he must turn to his father for help.",https://image.tmdb.org/t/p/w500/wRB0cTPBIWHEq4FmWuX6voagePf.jpg,5.7,1996-11-30,https://www.themoviedb.org/movie/33660
Moonwalker,"This fantastical movie inspired by the music of Michael Jackson features imaginative interpretations of hit tracks from the iconic 1987 album “Bad”.",https://image.tmdb.org/t/p/w500/3GwTPQkAcgDeAirRpEuJG8HDdRz.jpg,6.981,1988-10-29,https://www.themoviedb.org/movie/13192
"Objective, Burma!","A group of men parachute into Japanese-occupied Burma with a dangerous and important mission: to locate and blow up a radar station. They accomplish this well enough, but when they try to rendezvous at an old air-strip to be taken back to their base, they find Japanese waiting for them, and they must make a long, difficult walk back through enemy-occupied jungle.",https://image.tmdb.org/t/p/w500/3hq4VhEMseKMZuNUaSExDyqGhja.jpg,6.841,1945-02-17,https://www.themoviedb.org/movie/43490
"Harry Potter and the Deathly Hallows: Part 2","Harry, Ron and Hermione continue their quest to vanquish the evil Voldemort once and for all. Just as things begin to look hopeless for the young wizards, Harry discovers a trio of magical objects that endow him with powers to rival Voldemort's formidable skills.",https://image.tmdb.org/t/p/w500/c54HpQmuwXjHq2C9wmoACjxoom3.jpg,8.084,2011-07-12,https://www.themoviedb.org/movie/12445
"The Dilemma","Longtime friends Ronny and Nick are partners in an auto-design firm. They are hard at work on a presentation for a dream project that would really launch their company. Then Ronny spots Nick's wife out with another man, and in the process of investigating the possible affair, he learns that Nick has a few secrets of his own. As the presentation nears, Ronny agonizes over what might happen if the truth gets out.",https://image.tmdb.org/t/p/w500/a7EVBTqeh6NoCFDW24qIp11kyi9.jpg,5.328,2011-01-13,https://www.themoviedb.org/movie/44564
Confidence,"The animals on Oswald the Rabbit's farm couldn't be happier with their work. The hens, in particular, enjoy their jobs as egg producers. True, a hen gets a bit anxious when her egg is too small or when she can't lay anything. But on the whole, times are good. That changes when a specter by the name of Depression rises from the dump and travels the globe spreading fear and panic. The Great Depression has begun and has poisoned the entire country, including Oswald's farm. Now, the roosters are listless and the chickens flop around in a daze. Oswald runs to the doctor for help. But Dr. Pill points to a poster of the President, Franklin Delano Roosevelt. ""There's your doctor!"" he declares. Soon, Oswald is in the White House, knocking down the Vice President in his haste to see FDR. Roosevelt sings ""Confidence"" and gives the rabbit a generous supply.",https://image.tmdb.org/t/p/w500/1B23YrveO15iNklqxGmWDvvlwcm.jpg,6.2,1933-07-31,https://www.themoviedb.org/movie/85940
Ithaka,"The campaign to free Julian Assange takes on intimate dimensions in this documentary portrait of an elderly man’s fight to save his son.  Arguably the world’s most famous political prisoner, WikiLeaks founder Julian Assange is a figure pretty much everybody has an opinion about; perhaps more importantly, he serves as the emblem of an international arm wrestle over freedom of journalism, government corruption and unpunished war crimes. For his family members who face the prospect of losing him forever to the abyss of the US justice system, however, this David-and-Goliath struggle is personal – and, with his health declining in a British maximum-security prison and American government prosecutors pulling out all the stops to extradite him, the clock is ticking.",https://image.tmdb.org/t/p/w500/wAIN150zWNx2bSuKkzc1jMQi4vj.jpg,8.3,2022-04-21,https://www.themoviedb.org/movie/850174
"The Green Mile","A supernatural tale set on death row in a Southern prison, where gentle giant John Coffey possesses the mysterious power to heal people's ailments. When the cell block's head guard, Paul Edgecomb, recognizes Coffey's miraculous gift, he tries desperately to help stave off the condemned man's execution.",https://image.tmdb.org/t/p/w500/o0lO84GI7qrG6XFvtsPOSV7CTNa.jpg,8.502,1999-12-10,https://www.themoviedb.org/movie/497
"Toy Story 3","Woody, Buzz, and the rest of Andy's toys haven't been played with in years. With Andy about to go to college, the gang find themselves accidentally left at a nefarious day care center. The toys must band together to escape and return home to Andy.",https://image.tmdb.org/t/p/w500/AbbXspMOwdvwWZgVN0nabZq03Ec.jpg,7.8,2010-06-16,https://www.themoviedb.org/movie/10193
Savageland,"When a small town near the Arizona-Mexico border is wiped out overnight, suspicion falls on the lone survivor. But a roll of photos the survivor took that night tells a different story.",https://image.tmdb.org/t/p/w500/4PqEA3ECcNgvH1l3LllE9TIaACy.jpg,6.785,2015-11-01,https://www.themoviedb.org/movie/326446
Probation,"Janet Holman is suspicious of her fiancé, Allen Wells, after he kisses her best friend Gwen when the lights are turned out during a party. Allen leaves early, purportedly for business reasons, but in reality, he is going to visit his secret girl friend, seventeen-year-old Ruth Jarrett. When Ruth's neighbor and landlady, Mrs. Humphries, overhears her talking to Allen on the phone, she becomes morally outraged and calls the police. Ruth is taken away to juvenile hall, and when Ruth's older brother Nick comes home to celebrate Ruth's birthday, Mrs. Humphries explains that Ruth has been seeing an older, wealthy man who has been leading her astray, and that she sent her away for her own good. Nick is saddened that he has failed to keep Ruth on the right track, and when he returns to his apartment, he becomes enraged to see Allen there. When Allen claims ignorance of Ruth's age, Nick hits him, and they engage in a brawl.",https://image.tmdb.org/t/p/w500/ckpDEx2ciy0rLfgsRlPKKy52CVM.jpg,5,1932-03-15,https://www.themoviedb.org/movie/215106
"The Reaping","Katherine Morrissey, a former Christian missionary, lost her faith after the tragic deaths of her family. Now she applies her expertise to debunking religious phenomena. When a series of biblical plagues overrun a small town, Katherine arrives to prove that a supernatural force is not behind the occurrences, but soon finds that science cannot explain what is happening. Instead, she must regain her faith to combat the evil that waits in a Louisiana swamp.",https://image.tmdb.org/t/p/w500/o8Vl4Vxp5LBth9J6Aa3k6PAefxt.jpg,5.742,2007-04-05,https://www.themoviedb.org/movie/1683
"Blood Work","Still recovering from a heart transplant, a retired FBI profiler returns to service when his own blood analysis offers clues to the identity of a serial killer.",https://image.tmdb.org/t/p/w500/A6wWJkIREagRWFNu3YotID3n9aW.jpg,6.205,2002-08-09,https://www.themoviedb.org/movie/9573
"The Pledge","A police chief about to retire pledges to help a woman find her daughter's killer.",https://image.tmdb.org/t/p/w500/9QOzFL3FPMAUNNPrNiKC3mEDxco.jpg,6.564,2001-01-19,https://www.themoviedb.org/movie/5955
"Indecent Proposal","John Gage offers a down-on-his-luck yuppie husband $1 million for the opportunity to spend the night with the man's wife.",https://image.tmdb.org/t/p/w500/a39WoiTJEG5kNLIrr3kOMwg3LFg.jpg,6.398,1993-04-07,https://www.themoviedb.org/movie/4478
"Panama Hattie","Sailors and spies mingle in between the acts at Hattie's nightclub in the Canal Zone.",https://image.tmdb.org/t/p/w500/5qpmpDqwKgfb11MFyjZ4xv6h3SR.jpg,4,1942-09-30,https://www.themoviedb.org/movie/99236
"Bambi: The Reckoning","After a mother and son get in a car wreck, they soon become hunted by Bambi, a mutated grief-stricken deer on a deadly rampage seeking revenge for the death of his mother and wife.",https://image.tmdb.org/t/p/w500/8oBbWxWDJrrDtNkmd0OzZpPFFUR.jpg,5.825,2025-07-11,https://www.themoviedb.org/movie/1049942
"King David","This is a movie about the life of Israel's king David.",https://image.tmdb.org/t/p/w500/pFdaND8Dl4yLGvzIBlahiqAaec3.jpg,5.6,1985-03-29,https://www.themoviedb.org/movie/42040
"Shrek the Third","The King of Far Far Away has died and Shrek and Fiona are to become King & Queen. However, Shrek wants to return to his cozy swamp and live in peace and quiet, so when he finds out there is another heir to the throne, they set off to bring him back to rule the kingdom.",https://image.tmdb.org/t/p/w500/n4SexGGQzI26E269tfpa80MZaGV.jpg,6.3,2007-05-17,https://www.themoviedb.org/movie/810
"The Handmaiden","1930s Korea, in the period of Japanese occupation, a new girl, Sookee, is hired as a handmaiden to a Japanese heiress, Hideko, who lives a secluded life on a large countryside estate with her domineering Uncle Kouzuki. But the maid has a secret. She is a pickpocket recruited by a swindler posing as a Japanese Count to help him seduce the Lady to steal her fortune.",https://image.tmdb.org/t/p/w500/dLlH4aNHdnmf62umnInL8xPlPzw.jpg,8.197,2016-06-01,https://www.themoviedb.org/movie/290098
Intruder,"The overnight stock crew of a local supermarket find themselves being stalked and slashed by a mysterious maniac.",https://image.tmdb.org/t/p/w500/pib25gFtNCShcyRpFvp1jrcJ1Xk.jpg,6.267,1989-01-27,https://www.themoviedb.org/movie/31150
"Mothering Sunday","On a warm spring day in 1924, house maid and foundling Jane Fairchild finds herself alone on Mother's Day. Her employers, Mr. and Mrs. Niven, are out and she has the rare chance to spend quality time with her secret lover. Paul is the boy from the manor house nearby, Jane's long-term love despite the fact that he's engaged to be married to another woman, a childhood friend and daughter of his parents' friends. But events that neither can foresee will change the course of Jane's life forever.",https://image.tmdb.org/t/p/w500/unZ7vPgxMTxWrpPGIkAVSqgdryv.jpg,5.3,2021-11-12,https://www.themoviedb.org/movie/718838
Rollover,"The wife of a murdered petrochemical company chairman and a banker investigating the liquidity of his new bank stumble upon an international financial scheme that could lead to global economic collapse.",https://image.tmdb.org/t/p/w500/nKHS1gqfZL0imDyN4CLqloYXDWr.jpg,5.1,1981-10-11,https://www.themoviedb.org/movie/47888
"Verdi Macbeth Chailly","Claude D'Anna's film of Verdi's Macbeth is a gloomy affair, stressing the descent into madness of the principal villains. It's acted by the singers of the Decca recording of the opera (with two substitutions of actors standing in for singers) and the lip-synching is generally unobtrusive. The musical performance is superb, conducted by Riccardo Chailly with admirable fire, and sung by some of the leading lights of the opera stages of the 1980s. Shirley Verrett virtually owned the role of Lady Macbeth at the time, and she delivers a terrific performance, the voice equal to the role's wide register leaps and it's suffused with emotion, whether urging her husband on to murder or maddened by guilt in the Sleepwalking Scene. Leo Nucci's resonant Macbeth may lack the ultimate in vocal color and steadiness (his last notes of the great aria Pietà, rispetto, amore are wobbly) but he compensates with intensity in both singing and acting.",https://image.tmdb.org/t/p/w500/AiqFv5zA4rvgCqWxsj2sE1JIbr4.jpg,0,1987-01-01,https://www.themoviedb.org/movie/598574
"Dangerous Animals","A savvy and free-spirited surfer is abducted by a shark-obsessed serial killer. Held captive on his boat, she must figure out how to escape before he carries out a ritualistic feeding to the sharks below.",https://image.tmdb.org/t/p/w500/oQJ1PKLIE2gF5cr3xwjLCvv4jcU.jpg,6.446,2025-06-05,https://www.themoviedb.org/movie/1285965
Holes,"After being wrongfully convicted for stealing a pair of shoes, Stanley Yelnats is sent away to Camp Green Lake, a boys detention facility where inmates are forced to dig holes all day in the hot desert sun as a form of character building. But Stanley and the other boys start to unravel a mystery, linked with the camps tough-as-nails warden —and possibly Stanley’s family itself.",https://image.tmdb.org/t/p/w500/o2Dm2mcE1qW8vT0bpsJO5OMBbqa.jpg,6.9,2003-04-18,https://www.themoviedb.org/movie/8326
"All I Need for Christmas","Struggling singer/songwriter Maggie is worried she's unable to compete with such a tech-savvy world. Upon returning home to help her parents on their farm she meets Archer, an entrepreneur who has come back to town to spend the holidays alone.",https://image.tmdb.org/t/p/w500/qH9VoUVO2rOVT3BrzP2SHOHtwrL.jpg,5.643,2024-12-12,https://www.themoviedb.org/movie/1361253
"Five Nights at Freddy's 2","One year since the supernatural nightmare at Freddy Fazbear's Pizza, the stories about what transpired there have been twisted into a campy local legend, inspiring the town's first ever Fazfest. With the truth about what transpired kept from her, Abby sneaks out to reconnect with Freddy, Bonnie, Chica, and Foxy, setting into motion a terrifying series of events that will reveal dark secrets about the true origin of Freddy's, and unleash a long-forgotten horror hidden away for decades.",https://image.tmdb.org/t/p/w500/bYdANgEjbb3L1k1KpprAeZ6a5HN.jpg,0,2025-12-03,https://www.themoviedb.org/movie/1228246
"Ang Panday","Long ago, the evil wizard Lizardo sent an army of monsters to subjugate the land and its people. Lizardo succeeded, but a prophecy tells of a comet that will fall to Earth, and a man who will wield a weapon that will free the people from Lizardo's tyranny. Flavio is a blacksmith content with living a quiet, uneventful life in a town mostly untouched by Lizardo's evil. But when the comet of prophecy lands on the outskirts of town, Flavio's destiny is immediately made clear. Around the peace-loving but brave Flavio. His arch-enemy Lizardo attempts to ruin the peace and harmony of their dwelling place, affecting the inhabitants. Moreover, the evil warlord challenges Flavio by capturing his beautiful lady love Maria. A series of events take place, bringing the blacksmith (panday) at the forefront of a full-blown war against Lizardo's troops.",https://image.tmdb.org/t/p/w500/wYWTkXgVomL3OLUjSB2BvCXyLDz.jpg,4.8,2009-12-25,https://www.themoviedb.org/movie/57916
Homefront,"Phil Broker is a former DEA agent who has gone through a crisis after his action against a biker gang went horribly wrong and it cost the life of his boss' son. He is recently widowed and is left with a 9-years-old daughter, Maddy. He decides to quit the turbulent and demanding life of thrill for Maddy's sake and retires to a small town. His daughter fights off a boy who was bullying her at school and this sets in motion a round of events that end in his direct confrontation with the local Meth drug lord. His past history with the biker gang also enters the arena, making matters more complex. But he has a mission in his mind to protect his daughter and he is ready to pay any cost that it demands.",https://image.tmdb.org/t/p/w500/6pF8D9bDIAmuHgCqGKEfuNWRQam.jpg,6.94,2013-11-12,https://www.themoviedb.org/movie/204082
Elevation,"Post-apocalyptic survivors find refuge in the Rocky Mountains to hide from giant, insect-like creatures that can't live above 8,000 feet. However, when one of them needs life-saving supplies, they risk it all to venture into the danger zone.",https://image.tmdb.org/t/p/w500/tnfc0NJ3BzhJrGJhkkEd6MHBdq5.jpg,6.451,2024-11-07,https://www.themoviedb.org/movie/1035048
"Gunpowder Milkshake","To protect an 8-year-old girl, a dangerous assassin reunites with her mother and her lethal associates to take down a ruthless crime syndicate and its army of henchmen.",https://image.tmdb.org/t/p/w500/56ofGPMOZCwlTjTao5fB7vnGOoj.jpg,6.276,2021-07-14,https://www.themoviedb.org/movie/574060
Knysna,"Dolf is a regular guy from a modest background in Knysna. He is content with his normal small town existence, his group of friends and his eccentric grandparents. His life is thrown upside down when he falls for a beautiful stranger Stephanie, a somewhat wealthy visitor to the sleepy coastal resort. What she has not been honest about, is that she is engaged to the Prince of Lichtenstein, but has a cold feet, and is hiding out in Knysna. Stephanie is drawn to the simplicity of Dolf's life and yearns for her own to be as uncomplicated and away from the limelight. When the lie becomes apparent, Dolf is conflicted. He is in love with Stephanie, but also feels an inferiority complex come to the fore. She is just a girl wanting a guy to love her and for her to love him back.",https://image.tmdb.org/t/p/w500/dHDE7qPWFjHwnE6pALqGZN49WhY.jpg,7.2,2014-12-25,https://www.themoviedb.org/movie/335308
"Shark Attack","When an accidental death verdict is given on discovery of the remains of a top scientist, within the stomach of a hammerhead shark his closest friend Marine Biologist Steven McRay is not happy with the explanation and travels to investigate further, where he discovers that his friend's death was not an isolated incident, and that the local population have been terrorised by a rash of shark attacks.Developments in scientific technology had allowed experts to predict the pattern and likelihood of Shark Attacks, but now it seems that they may also be able to actually control these factors, rendering at their disposal the ultimate Killing machine.Enjoy the water... you may never want to go in the sea again!",https://image.tmdb.org/t/p/w500/g3xlaPOkt1vFkJqxA32LnudEqrG.jpg,5.115,1999-11-09,https://www.themoviedb.org/movie/42185
"Gridiron Gang","Under the leadership of their counselor, teenagers at a juvenile detention center gain self-esteem by playing football together. Based on a true story.",https://image.tmdb.org/t/p/w500/miwVKL47bL8R0xjrOxIQcaR5ADU.jpg,7.043,2006-09-15,https://www.themoviedb.org/movie/9766
"Left Behind","After learning that millions have completely vanished, an airline pilot, a journalist, and others work together to unravel the mystery of those left behind.",https://image.tmdb.org/t/p/w500/5kT3kifA8Xwkjm1YmSubTw1GwK0.jpg,4.2,2000-10-30,https://www.themoviedb.org/movie/37302
Ouija,"Half-sisters Aileen and Romina, along with first cousins Ruth and Sandra, reunite in Camiguin to bury their grandmother. Accompanied by Sandra's friend, Lucy, the five girls dare to call on the spirits of the dead when they find their old Ouija board from when they were kids. The Ouija board is burned by accident before they are able to finish the ritual, trapping a murderous entity around them. As they begin to realize the terror that they have brought upon themselves, Aileen and Romina's hostile relationship even become more strained, while Lucy's sanity brings a heavy burden on Sandra, and Ruth's boyfriend, Gino, is unknowingly pulled into the danger and horror that await all of them. Confronted by imminent Death, the girls have nowhere to go unless they can identify the spirit and find out where it is buried. It is only by leading the spirit to its burial ground that they will able to release the spirit from the Ouija board and survive its fatal hauntings.",https://image.tmdb.org/t/p/w500/mx7PjbsvnhnzC6GTPo2qMaJpSZO.jpg,4.029,2007-07-25,https://www.themoviedb.org/movie/294976
"Silent Dust","A wealthy blind man is determined to build a cricket pavilion as a memorial to his dead son, who was killed in battle in World War II. Not long before the dedication ceremony is to be held, the son shows up; it turns out that he wasn't killed in battle but deserted, and has become a blackmailer and a killer. He wants to get some money to ""start a new life"", but his blind father senses that something is wrong and sets out to find out what's going on.",https://image.tmdb.org/t/p/w500/zU2Fj3dzewKsjZ33T7lYk61qLS0.jpg,7.3,1949-02-01,https://www.themoviedb.org/movie/198338
Frankenweenie,"When a car hits young Victor's pet dog Sparky, Victor decides to bring him back to life the only way he knows how. But when the bolt-necked ""monster"" wreaks havoc and terror in the hearts of Victor's neighbors, he has to convince them that Sparky's still the good, loyal friend he was.",https://image.tmdb.org/t/p/w500/yGjVbLVdZRBlZTTQVBsj2KUjL1s.jpg,7,2012-10-04,https://www.themoviedb.org/movie/62214
Chermin,"The story is about a girl name Nasrin who got herself into a tragic car accident. Her face is ruined. Her mother discovers an antique mirror. The mirror is not an ordinary mirror, a spirit trapped inside it makes the mirror able to reflect what Nasrin wants to see. Nasrin becomes obsessed with the mirror. On a quest to regain her past beauty, Nasrin submits herself to the mirror spirit by satisfying the mirror’s need for blood and revenge.",https://image.tmdb.org/t/p/w500/wsqqlk8kOMMTgzT6bTao6Xw7MHE.jpg,7.5,2007-03-22,https://www.themoviedb.org/movie/252801
"The Veil","Set in a war-torn land where tribal factions live in fear of annihilation, the film tells the story of a deadly warrior leading a destructive war campaign. When he is betrayed by his own and left for dead, he is healed by a mysterious princess and taken in by a hidden tribe that believes he was chosen to wage a final battle.",https://image.tmdb.org/t/p/w500/obO5rrYLAhq22UFECGqlnFhWLWX.jpg,4.6,2017-01-19,https://www.themoviedb.org/movie/393306
Abduction,"A horror comedy spoofing conspiracy theory moves, girl victim films, and Alien Grey abduction movies.  Melissa rescues a young woman from a mental hospital where no-one believes she is a victim of abduction by aliens. She and a colleague try to prevent the aliens from taking her but a government agent seems to be hot on her trail, and the Alien Greys and their powerful leader, The Hive Queen have no intention of being stopped. An outrageous mix of graphic horror and dark twisted humor.",https://image.tmdb.org/t/p/w500/6wr5AWNoyXM08Q3NoQXJ3JWCuYP.jpg,1.6,2017-06-28,https://www.themoviedb.org/movie/465044
"Robinson Charley","No man is an island, but Charley represents his nation in this economical cartoon tale of Britain’s economics.",https://image.tmdb.org/t/p/w500/cqDNfh4umcYwRFeIi9R1rV3VPVR.jpg,0,1948-07-16,https://www.themoviedb.org/movie/851035
"The Twilight Girls","A beautiful and sophisticated teenager is placed in a regimented French girls' boarding school after her father apparently commits suicide over a business scandal. She immediately gains admirers -- a lustful middle-aged artist, a handsome young composer, a fellow female student -- as well as a jealous rival. With the help of her schoolmates, she attempts to elope with the composer, but the adults catch on to the plot, and she is locked into her room at night.",https://image.tmdb.org/t/p/w500/vfw5EhfFrD0fEcLVNOhaUlK3KE7.jpg,3.7,1957-05-03,https://www.themoviedb.org/movie/155589
"Desperate Souls","Living in the endless void of the afterlife, Moira survives on the lust, despair and grief of men, an existence this enchantress has known for eons as a succubus. Using her exquisite beauty, she lures them with false hopes of relief from the mental pain before consuming their broken souls.  ​When Moira hears the cries of Devin, a man whose life dances on the edge of a razor blade, she’s drawn to a pain she’s never felt before. Discovering they both found what they have longed for, Moira is determined to keep them together and not let anyone stand in their way, no matter who she must kill.",https://image.tmdb.org/t/p/w500/oTaBK1AoCCWuq5zTXBxDBgSY4V8.jpg,0,2023-05-26,https://www.themoviedb.org/movie/1101839
Spaceways,"A rocket engineer, responsible for sending a satellite into space, is accused of committing the most extraordinary crime.",https://image.tmdb.org/t/p/w500/e4pPxnO5JfBrYZDej0ObVTNpX0l.jpg,4.423,1953-08-07,https://www.themoviedb.org/movie/76418
"Hostile Takeover","Follows Pete, a professional hitman, as he faces a group of assassins after the boss of a crime syndicate suspects disloyalty due to his attendance at Workaholics Anonymous meetings.",https://image.tmdb.org/t/p/w500/vntwlS3CAKfoLTs90GaoK6lymBC.jpg,7.125,2025-08-08,https://www.themoviedb.org/movie/1319895
"Dalwang Panata","The soul-searching story of a man torn between 2 Lovers, 2 Hates, 2 Vows.",https://image.tmdb.org/t/p/w500/6LFehjtRky4MZ7genEdpR0Lkn1h.jpg,0,1954-01-20,https://www.themoviedb.org/movie/977558
"Freedom Radio","Hitler's doctor is gradually realising that the Nazi regime isn't as good as it pretends to be when his friends start to ""disappear"" into the camps. His wife is courted by the party and accepts a political post in Berlin. Meanwhile Dr Karl decides to try to do something to counteract the Nazi propaganda and with the help of an engineer and a few friends he sets up the Freedom Radio to counteract the Nazi propaganda.",https://image.tmdb.org/t/p/w500/pRNp9klF2pQEY8sRM1PF9iYSgL8.jpg,6.3,1941-02-04,https://www.themoviedb.org/movie/235061
"Mimic: Sentinel","A man enclosed in a plastic bubble, his sister, and their best friend must defend an apartment complex from the mutant Judas Breed insects.",https://image.tmdb.org/t/p/w500/vNAwfgBPZXprxfgx7cF5Cji4be1.jpg,4.9,2003-04-14,https://www.themoviedb.org/movie/33005
"The Unforgiven","The neighbors of a frontier family turn on them when it is suspected that their beloved adopted daughter was stolen from the Kiowa tribe.",https://image.tmdb.org/t/p/w500/9085eJIHF1LqoKgGWK74Z3dxXpo.jpg,6.2,1960-04-06,https://www.themoviedb.org/movie/6643
"Little Monsters","A washed-up musician teams up with a teacher and a kids show personality to protect young children from a sudden outbreak of zombies.",https://image.tmdb.org/t/p/w500/oQvUq7UmumBTcAnvgFLFvegY47d.jpg,6.53,2019-08-29,https://www.themoviedb.org/movie/503125
"Senor Daredevil","Don Luis O'Flagherty (Ken Maynard), a daredevil comes to the rescue of his long-lost father, ""Tiger"" O'Flagherty (George Nichols), the supervisor of a supply-wagon train destined for the miners in Sonora. Tiger is being terrorized by Jesse Wilks (J.P. McGowan), who hopes to starve the miners out of their claims. Falling in love with Tiger's ward, Sally (Dorothy Devore), Don Luis manages to turn the tables on Wilks, who is killed attempting to rob the supply train.",https://image.tmdb.org/t/p/w500/oZWKyLUAKU6SbhUKPmOdT6U0rnX.jpg,0,1926-08-01,https://www.themoviedb.org/movie/284863
"Bloody Escape: Bats Out of Hell","After being turned into a cyborg, Kisaragi faces pursuit from vampires and vengeful yakuza.",https://image.tmdb.org/t/p/w500/lWKtVX5oEgcLbMYMaWiyes6c4IB.jpg,6.65,2024-01-05,https://www.themoviedb.org/movie/1103432
Havenhurst,"A troubled young woman takes up residence in a gothic apartment building where she must confront a terrifying evil.",https://image.tmdb.org/t/p/w500/1Q9IqznNP8fgwvdWXwvNhNP5qK5.jpg,5.1,2016-08-22,https://www.themoviedb.org/movie/403368
"Power Dive","The story concentrated on a group of test pilots, busily experimenting with a revolutionary all-plastic airplane. Ace flyboy Brad Farrell (Richard Arlen) is determined to prove the practicality of the new aircraft, designed by Professor Blake (Thomas Ross), father of Brad's sweetheart Carol (Jean Parker). Back on solid ground, Brad must vie for Carol's attentions with his own brother, engineer Doug Farrell (Don Castle).",https://image.tmdb.org/t/p/w500/9pgc8pEiHij3ZiaK7pyBf47eFLc.jpg,3.857,1941-06-04,https://www.themoviedb.org/movie/336255
Altitude,"A female FBI agent is offered millions to help a thief escape from a hijacked airplane.",https://image.tmdb.org/t/p/w500/1pSk6DU0oY7BWTK4F9keqjeCxB7.jpg,4.814,2017-04-14,https://www.themoviedb.org/movie/443700
Bloodshot,"After he and his wife are murdered, marine Ray Garrison is resurrected by a team of scientists. Enhanced with nanotechnology, he becomes a superhuman, biotech killing machine—'Bloodshot'. As Ray first trains with fellow super-soldiers, he cannot recall anything from his former life. But when his memories flood back and he remembers the man that killed both him and his wife, he breaks out of the facility to get revenge, only to discover that there's more to the conspiracy than he thought.",https://image.tmdb.org/t/p/w500/8WUVHemHFH2ZIP6NWkwlHWsyrEL.jpg,6.696,2020-03-05,https://www.themoviedb.org/movie/338762
"Blind Hearts","In 1898 friends John Thomas and Lars Larson travel to the Yukon with their wives to make their fortunes. While in Alaska Thomas' wife gives birth to a boy, and Larson's wife has a girl, Julia. However, Larson spots a birthmark on his daughter's shoulder that resembles one on Thomas' shoulder, and he begins to suspect that he may not actually be the girl's father. Over the next 20 years the two become millionaires, but Larson's wife dies. Julia and Thomas fall in love and wish to marry, but Larson is determined to oppose it.",https://image.tmdb.org/t/p/w500/zQlvdNAvJ2ZDGjMDwveQ75Xig3o.jpg,6.5,1921-10-03,https://www.themoviedb.org/movie/545361
"Mrs Brown","When Queen Victoria's husband Prince Albert dies, she finds solace in her trusted servant, Mr. John Brown. But their relationship also brings scandal and turmoil to the monarchy.",https://image.tmdb.org/t/p/w500/zFLaeGWglaWfdLiUNcvmUeg0KRJ.jpg,6.7,1997-07-18,https://www.themoviedb.org/movie/17589
"Dynamite Chicken","A collection of subversive comedy sketches and routines relating to the peace movement.",https://image.tmdb.org/t/p/w500/6JQfxYbGW5PvWWfCMju6GCFjRr.jpg,5,1971-01-20,https://www.themoviedb.org/movie/56155
Twist,"A Dickens classic brought thrillingly up to date in the teeming heartland of modern London, where a group of street smart young hustlers plan the heist of the century for the ultimate payday.",https://image.tmdb.org/t/p/w500/tw7lgyrQpEVXuwjsx94brDSRIFZ.jpg,5.8,2021-01-22,https://www.themoviedb.org/movie/644083
"The Coalition","A group of women form an unlikely alliance to get their revenge on a pro athlete and his three friends who played them. The guys are used to getting what they want when they want it, but that's all about to change.",https://image.tmdb.org/t/p/w500/cLCZhBxsyrRGJAAncJObygI433z.jpg,4.2,2013-02-04,https://www.themoviedb.org/movie/161482
Zinda,"The film is about a man, who has been imprisoned for 14 years, who has been released and has four days to figure out why he was imprisoned in the first place.",https://image.tmdb.org/t/p/w500/o5u3Rx0hFvPEGsZGTi3faAiIQMQ.jpg,3.86,2006-01-12,https://www.themoviedb.org/movie/20971
"Wolf Man","With his marriage fraying, Blake persuades his wife Charlotte to take a break from the city and visit his remote childhood home in rural Oregon. As they arrive at the farmhouse in the dead of night, they're attacked by an unseen animal and barricade themselves inside the home as the creature prowls the perimeter. But as the night stretches on, Blake begins to behave strangely, transforming into something unrecognizable.",https://image.tmdb.org/t/p/w500/wpSDzTBfF0Eeo5lzu2w9FTujGqd.jpg,6.254,2025-01-15,https://www.themoviedb.org/movie/710295
"Mamma Mia!","A spirited young bride-to-be living with her single mother on a small Greek island secretly invites three of her mother's ex-boyfriends in hope of finding her biological father to walk her down the aisle.",https://image.tmdb.org/t/p/w500/zdUA4FNHbXPadzVOJiU0Rgn6cHR.jpg,6.979,2008-07-03,https://www.themoviedb.org/movie/11631
"American Graffiti","A couple of high school graduates spend one final night cruising the strip with their buddies before they go off to college.",https://image.tmdb.org/t/p/w500/1tjLivPad2PX8FAzWko7FPIb8d2.jpg,7.027,1973-08-11,https://www.themoviedb.org/movie/838
"Malibu Rescue","When a long list of shenanigans lands Tyler in hot water, he’s forced to suit up and spend his summer training for an elite junior lifeguard program.",https://image.tmdb.org/t/p/w500/7pWOciZg6BsZytgV63oReKoHbWs.jpg,6.182,2019-05-13,https://www.themoviedb.org/movie/576040
"Cape Forlorn","William Kell, the keeper of a lighthouse on a lonely stretch of coastline, marries cabaret dancer Eileen. His young wife, however, goes on to have an affair with Henry Cass, the handsome assistant later taken on by her husband; when she then begins to flirt with a stranger who is rescued from the wreck of a motor-launch, a chain of shocking events is set in motion...",https://image.tmdb.org/t/p/w500/pl304cmcNFrB4qdeoMxrhSUizTx.jpg,7.5,1931-01-08,https://www.themoviedb.org/movie/269489
Shrapnel,"A former Marine and his old war buddy face off against the Mexican cartel behind the disappearance of his daughter.",https://image.tmdb.org/t/p/w500/gsRDrAML7hJC8ZCgRQobHIrzbxR.jpg,5.6,2023-07-28,https://www.themoviedb.org/movie/982932
"The Lost Bus","A determined father risks everything to rescue a dedicated teacher and her students from a raging wildfire.",https://image.tmdb.org/t/p/w500/zpygCOYY1DPBkeUsrrznLRN5js5.jpg,7.183,2025-09-19,https://www.themoviedb.org/movie/1236470
"Gone Girl","With his wife's disappearance having become the focus of an intense media circus, a man sees the spotlight turned on him when it's suspected that he may not be innocent.",https://image.tmdb.org/t/p/w500/ts996lKsxvjkO2yiYG0ht4qAicO.jpg,7.89,2014-10-01,https://www.themoviedb.org/movie/210577
"A Soap","32-year-old Charlotte could have it all, but she doesn't want any of it. When she moves away from her boyfriend, she happens to become the upstairs neighbour of a trans woman Veronica. Veronica prefers to keep to herself with her little dog and a romantic soap show on TV, while Charlotte gets through the nights with one-night stands. An assault, a new bed and some white curtains bring the two of them together.",https://image.tmdb.org/t/p/w500/voJjFkkn240R0ppNljTqxeuxRgO.jpg,5.192,2006-04-07,https://www.themoviedb.org/movie/15845
V/H/S/Halloween,"A collection of Halloween-themed videotapes unleashes a series of twisted, blood-soaked tales, turning trick-or-treat into a struggle for survival.",https://image.tmdb.org/t/p/w500/bvMKSZtN8KAdtlKoYbEi1Zhyaou.jpg,6.283,2025-09-19,https://www.themoviedb.org/movie/1373445
"Oliver Twist","When 9-year-old orphan Oliver Twist dares to ask his cruel taskmaster, Mr. Bumble, for a second serving of gruel, he's hired out as an apprentice. Escaping that dismal fate, young Oliver falls in with the street urchin known as the Artful Dodger and his criminal mentor, Fagin. When kindly Mr. Brownlow takes Oliver in, Fagin's evil henchman Bill Sikes plots to kidnap the boy.",https://image.tmdb.org/t/p/w500/yDiaYCe4HAuSEIXskWmDhwTY0E5.jpg,4.8,1933-02-28,https://www.themoviedb.org/movie/43125
"My Fault: London","18-year-old Noah moves from America to London, with her mother who's recently fallen in love with William, a wealthy British businessman. Noah meets William’s son, bad-boy Nick, and soon discovers there is an attraction between them neither can avoid. As Noah spends the summer adjusting to her new life, her devastating past will catch up with her while falling in love for the first time.",https://image.tmdb.org/t/p/w500/ttN5D6GKOwKWHmCzDGctAvaNMAi.jpg,7.4,2025-02-12,https://www.themoviedb.org/movie/1294203
Atmosphere,"Cecilia, Alberto, and Felipe live through a strange epidemic that plagues the abandoned streets of a coastal town. Suddenly, an uncontrollable desire forces them to leave in search of the sea.",https://image.tmdb.org/t/p/w500/3BYOSyh7Ln8pPZcUFAfINfRh6uZ.jpg,4.846,2010-03-10,https://www.themoviedb.org/movie/444167
"The Draft","In Shannon Airport, American military planes off-load a mysterious cargo destined for a secret location in Ireland. En route, one of the military trucks drops its package amongst the treacherous hillsides of Cavan. The box smashes, releasing a silver canister that ends up on 'Makeout Point', killing two young lovers in their car. From here, all hell breaks loose – Who is the mysterious Professor Wigand, and what is his role in these ghastly events? Can our young hero, Garda Cormac McKee, crack the case and save his girl, the beautiful but challenged Katie Hamelton? What has the sinister General Earl McCarthy got in store for our heroes? And just what in the hell is 'The Draft'?",https://image.tmdb.org/t/p/w500,0,2006-10-08,https://www.themoviedb.org/movie/977062
Deathstalker,"The warrior Deathstalker is tasked by an old witch lady to obtain and unite the three powers of creation – a chalice, an amulet, and a sword – lest the evil magician Munkar get them and use them for nefarious purposes. After obtaining the sword, Deathstalker joins with other travelers going to the Big Tournament to determine the strongest warrior. The false king holds the true princess in captivity, and plots to have Deathstalker killed, and Deathstalker must fight to free the princess.",https://image.tmdb.org/t/p/w500/ePpEZavm379yDhx92ekbDnpGa9a.jpg,6.4,2025-10-10,https://www.themoviedb.org/movie/1253000
"Red River","Following the Civil War, headstrong rancher Thomas Dunson decides to lead a perilous cattle drive from Texas to Missouri. During the exhausting journey, his persistence becomes tyrannical in the eyes of Matthew Garth, his adopted son and protégé.",https://image.tmdb.org/t/p/w500/jyNTsAzrIWB441OtvfbgKtx1kFS.jpg,7.332,1948-09-17,https://www.themoviedb.org/movie/3089
"Puncture Wounds","After returning home from a traumatic tour of duty in Iraq, John finds himself struggling with PTSD. What little peace he had managed to build around him is shattered one fateful day when he rescues a local call girl from a group of violent Aryan Brotherhood pimps. Having killed several of the high-ranking brotherhood during the rescue, John and his family are now the prime targets of Hollis, the ruthless criminal leader of the group.",https://image.tmdb.org/t/p/w500/AwtKX0bf7fCCeBzbCcWELhADTaH.jpg,4.5,2014-08-04,https://www.themoviedb.org/movie/252830
"False Prophets","When a young woman opts to abort a miraculous conception, a Christian Fundamentalist group intervenes. Duped into an adoption scheme, Maggie agrees to carry the baby to term but gradually comes to suspect the entire arrangement. She ends up marooned at a rural service station, where she encounters a wise old radio preacher, Isaiah, and his reluctant prophet of a son, Manny, who end up guiding her on the rest of her journey. It's not an easy journey, however, as Maggie is stalked, chased and forced off the road. In a woodsy field, she comes face to face with her assailants and herself, as she prepares to undergo a painfully unorthodox delivery and yet another unforeseen miracle...",https://image.tmdb.org/t/p/w500/OrgquUfDMGNhyjktolmyvSVRhK.jpg,4,2006-05-16,https://www.themoviedb.org/movie/456992
"12 Strong","A team of special forces head into Afghanistan in the aftermath of the September 11th attacks in an attempt to dismantle the Taliban.",https://image.tmdb.org/t/p/w500/37Qwani2g0jVPU7N4OkkTZ7aERz.jpg,6.347,2018-01-18,https://www.themoviedb.org/movie/429351
Tolkien,"England, early 20th century. The future writer and philologist John Ronald Reuel Tolkien (1892-1973) and three of his schoolmates create a strong bond between them as they share the same passion for literature and art, a true fellowship that strengthens as they grow up, but the outbreak of World War I threatens to shatter it.",https://image.tmdb.org/t/p/w500/A7eYO3t7oZQdfJj5KlJBI7GhT9H.jpg,6.941,2019-05-03,https://www.themoviedb.org/movie/468224
Tolkien,"England, early 20th century. The future writer and philologist John Ronald Reuel Tolkien (1892-1973) and three of his schoolmates create a strong bond between them as they share the same passion for literature and art, a true fellowship that strengthens as they grow up, but the outbreak of World War I threatens to shatter it.",https://image.tmdb.org/t/p/w500/A7eYO3t7oZQdfJj5KlJBI7GhT9H.jpg,6.941,2019-05-03,https://www.themoviedb.org/movie/468224
"The Hobbit: The Battle of the Five Armies","Following Smaug's attack on Laketown, Bilbo and the dwarves try to defend Erebor's mountain of treasure from others who claim it: the men of the ruined Laketown and the elves of Mirkwood. Meanwhile an army of Orcs led by Azog the Defiler is marching on Erebor, fueled by the rise of the dark lord Sauron. Dwarves, elves and men must unite, and the hope for Middle-Earth falls into Bilbo's hands.",https://image.tmdb.org/t/p/w500/xT98tLqatZPQApyRmlPL12LtiWp.jpg,7.328,2014-12-10,https://www.themoviedb.org/movie/122917
"The Cicerones","A tourist encounters some strange characters in a foreign cathedral.",https://image.tmdb.org/t/p/w500,5.2,2002-01-01,https://www.themoviedb.org/movie/143358
"Christmas Joy","Joy Holbrook, is a corporate market researcher, gunning for a promotion within her firm. Just as her company's CEO is taking notice, Joy finds out her Aunt Ruby has broken her ankle and will be undergoing surgery. Despite the less than opportune timing, Joy makes her way back home to Crystal Falls, NC to be with her Aunt. Stars seem to be aligned as Joy sees her former crush, Ben Andrews, while at the hospital. At first, Joy is focused solely on helping her Aunt heal; even taking over her position as chair of the local Cookie Crawl competition. Eventually, she begins to let Ben in and remembers there's no place like home for the holidays. The pair work together on the Cookie Crawl to make the event a success.",https://image.tmdb.org/t/p/w500/nyBL0NqfIgMrtAGTp7W2ilosvpz.jpg,6.5,2018-11-03,https://www.themoviedb.org/movie/535812
"Hopeless Romantic","Everyone has a different story to tell, especially when it comes to relationships. Lynda Boyd stars as Anna, a recently widowed cardiologist facing romantic challenges. While attending a wedding, Anna discovers she is not alone and bonds with six other women as they each share their unique stories of navigating the complex world of relationships. This anthology film weaves through the love lives of these women, charting their ups and downs in romance and rejection.",https://image.tmdb.org/t/p/w500/1Els0XqRXicIooZ9nYa6zJfZJwQ.jpg,0,2018-09-15,https://www.themoviedb.org/movie/544067
Sindak,"Sindak is a movie about four guys, security guards by night, sex maniacs by day, and in weekends, regular dudes who like to shoot the shit with gin and pulutan (gleaned from their weekend monkey-hunting trips). Unbeknownst to them, they live in a world of sin and extraordinary inexplicable weirdness (inexplicable because the movie doesn't put any effort in explaining a lot of things), made apparent when a man they killed—whom they suspect of being a serial murderer—comes back to haunt them one by one. Once they start dying, they start seeing the infidelity, the incest, and the debauchery around them, and soon they disintegrate under the pressure of the seedy world around them.",https://image.tmdb.org/t/p/w500/4l3NeVQNcjkHOQCYurHvKWaqDbM.jpg,1,1999-12-15,https://www.themoviedb.org/movie/886421
Host,"Ing is sent to Pinijkhun Reform School, an all-girls facility on a remote island. The only rule here is that everyone must obey orders.",https://image.tmdb.org/t/p/w500/3AalQRe1NQkHmvHXrDePnB8JBtt.jpg,6.125,2025-10-09,https://www.themoviedb.org/movie/1535290
"Kikaider REBOOT","In the near future, the “ARK Project” has initiated a program to increase the quality of human life through the peaceful use of robots. Dr. Komyoji, the chief scientist on the project, has developed a process to create a robot with a figurative human “heart” through the installation of a “conscience circuit”, but his plans are violently opposed by researcher Gilbert Kanzaki.  When Dr. Komyoji is killed in an apparent accident, his children Masaru and Mitsuko are targeted by mysterious forces within the ARK Project looking to gain control of the scientist’s research data. But the villains are opposed by Jiro, the android with a human conscience who fights for justice as the hero Kikaider.",https://image.tmdb.org/t/p/w500/l1zGCHYY7c7bxZVkg8HBOHOHknR.jpg,6.6,2014-05-24,https://www.themoviedb.org/movie/267046
"CONFLICT VI","To revive Tendokai, Okita (Yasukaze Motomiya) and Kurata (Yoshiyuki Yamaguchi) form the Washio-gumi, recruiting former members like Murata (Shunsaku Kudo) and Yagi (Yudai Uenishi). They are warned by retired Kozo Otani (Shun Suda) about an impending police raid on their organization. Despite Kurata's questioning, Otani remains vague. Meanwhile, Akinari Myojin (Kaneko Sho) discovers that Jinseikai was being controlled by Prime Minister Anan (Ikki Hankai).  Before they can act, Jinseikai's headquarters is destroyed by a ""mysterious man."" Hozumi (IZAM) of the police suspects Washio-gumi is behind it, but Okita and Kurata are uncertain. Hozumi suggests the conspiracy may be tied to Kazuma Washio's (Hitoshi Ozawa) past, prompting them to investigate.  Okita visits arms dealer Genkichi Hyuga (Masataka Naruse), who holds crucial information that leads Okita to a shocking truth…",https://image.tmdb.org/t/p/w500/7wRWgeSRc2N5oeDNs5R7TdKLu3j.jpg,0,2019-01-01,https://www.themoviedb.org/movie/1074071
"Europa Report","A crew of international astronauts are sent on a private mission to Jupiter's fourth moon.",https://image.tmdb.org/t/p/w500/tbsfaBjiAW5vfrV06R8KCOzVOYy.jpg,6.3,2013-06-27,https://www.themoviedb.org/movie/174772
"Whip It","In Bodeen, Texas, an indie-rock loving misfit finds a way of dealing with her small-town misery after she discovers a roller derby league in nearby Austin.",https://image.tmdb.org/t/p/w500/iRUviw0Dxs0FZI1IcSDYFX02i8s.jpg,6.696,2009-04-09,https://www.themoviedb.org/movie/22798
Transit,"In an attempt to flee Nazi-occupied France, Georg assumes the identity of a dead author but soon finds himself stuck in Marseilles, where he falls in love with Maria, a young woman searching for her missing husband.",https://image.tmdb.org/t/p/w500/mk9Kuqtdvs2bxsBTLhAMOg8XI1l.jpg,6.7,2018-04-05,https://www.themoviedb.org/movie/471853
"Cuando los amos duermen","Samuel and Lourdes are a humble marriage that go out of their way taking care of the land and their Lord properties. The owner of the house is Víctor, an ancient vampire that only feeds himself with the blood of bad people. Generation over generation, Samuel's family has been in charge of the duty of protecting their Lord but now, Samuel and Lourdes have two problems: they can not have a baby and a mysterious vampire relative arrives to the place turning everything upside down.",https://image.tmdb.org/t/p/w500/6YNscZbeUoZgAQmZ0Z8zoMhpFpR.jpg,3.7,2023-10-15,https://www.themoviedb.org/movie/1152393
"Straw Dogs","A young couple moves to a quaint southern town. Soon their perfect getaway turns out to become a living hell when dark secrets and lethal passions spiral out of control.",https://image.tmdb.org/t/p/w500/hSW5Msz5Cr6vUQxChPSPdxufnss.jpg,5.918,2011-09-16,https://www.themoviedb.org/movie/64639
"Graffiti Bridge","It's got that Purple Rain feeling through and though. And it's got The Kid, too! For the first time since Purple Rain, Prince is back as The Kid. And where he goes , there's music! With Thieves in the Temple, New Power Generation, Elephants and Flowers and more red-hot Prince tunes from the Platinum-selling Graffiti Bridge soundtrack. What time is it? Party time! Morris Day and the Time play Release It, Shake! and more. And you'll also see and hear George Clinton, Tevin Campbell, Robin Power, Mavis Staples and other hot performers, too. Graffiti Bridge is where the movie meets the music. Cross over on it now.",https://image.tmdb.org/t/p/w500/AiZ9vWZfHtdtMxnx14Dgeo5aH91.jpg,5.082,1990-11-02,https://www.themoviedb.org/movie/41762
"Nevada Smith","Nevada Smith is the young son of an Indian mother and white father. When his father is killed by three men over gold, Nevada sets out to find them and kill them. The boy is taken in by a gun merchant. The gun merchant shows him how to shoot and to shoot on time and correct.",https://image.tmdb.org/t/p/w500/4QJLqSZRnhAb9pezEEIxidVINes.jpg,6.7,1966-06-10,https://www.themoviedb.org/movie/5921
"Allulu Vasthunnaru","Allullostunnaru is comedy family based movie in which, Prabhakar Reddy as a rich affluent person with 2 daughters Geeta and Sulakshana.He fixes their marriages with his friend’s sons and they plan to arrive at his house to meet his daughters.But two other imposters (Chiranjeevi and Chandramohan) arrive portraying themselves as would be son-in-laws and play drama at his house.Both girls fall in love with these men and by the time their father realises the true identity of imposters he gets into trouble.Heros Chiru and Chandramohan play their game and save him from trouble and marry his daughters in the end.",https://image.tmdb.org/t/p/w500/fwjw6SRqgWeEpMKNDB7mt4tm1B6.jpg,0,1984-02-10,https://www.themoviedb.org/movie/279321
Wishmaster,"The Djinn, having been released from his ancient prison, seeks to capture the soul of the woman who discovered him, thereby opening a portal and freeing his fellow Djinn to take over the earth.",https://image.tmdb.org/t/p/w500/t7rep7SCqiy4COUsq2cOcdQwzU0.jpg,6.09,1997-09-19,https://www.themoviedb.org/movie/10351
"Radio America","""After being discovered at a music competition, two young famers find themselves living the rock star life. As their national tour becomes a massive success, they begin to lose track of their true selves until a tragic accident brings everything back into focus.""",https://image.tmdb.org/t/p/w500/2CB6cjjKSTIv0fOK4azVaOkqiw6.jpg,6.5,2015-10-01,https://www.themoviedb.org/movie/599783
"Gun Runner","Kate Diamond owns the Roaring Falls Trading Post from where she directs her gang's gun-smuggling to the Indians. After she short-changes smuggler Stacey, his men attempt to steal the hidden guns, and attack her foreman Nebraska, but he is saved by Jimmy and ""Cannonball"" on their way to file a homestead claim at Canyon City. Jimmy renews a long acquaintance with Sheriff Harris and his daughter Jessica. The sheriff is wounded by half-breed Danny when he finds a rifle hidden in the latter's wagon, but Jimmy captures the outlaw, a go-between for Kate and the Indians.Wounded and in bed, Sheriff Harris ask Jimmy not to tell Jessica that she is only adopted and that Nebraska is really her father, although he believes her to be dead.",https://image.tmdb.org/t/p/w500/5Jwnsw33jcmorUWFQj9o3J7cIsr.jpg,0,1949-01-30,https://www.themoviedb.org/movie/1002188
Interceptor,"A U.S. Army Captain uses her years of tactical training to save humanity from sixteen nuclear missiles launched at the U.S. as a violent attack threatens her remote missile interceptor station.",https://image.tmdb.org/t/p/w500/jBKNAfANo4e3rzJtb7aHfYNd7b3.jpg,6.065,2022-05-26,https://www.themoviedb.org/movie/831946
Macbeth,"Entirely shot on green screen, Shakespeare’s Macbeth has been reinvented by director Kit Monkman (The Knife That Killed Me) in an exciting new film adaptation. Starring Mark Rowley, (The Last Kingdom, Luther). Monkman’s unique adaptation successfully bridges the gap between theatre and film to create a wholly new type of imaginative space. This radical new adaptation puts the audience’s engagement with the story centre-stage, amplifying the theatrical context of the original and creating truly innovative and thrilling cinematic vistas, whilst maintaining the language and themes of Shakespeare’s original play. Using background matte painting and computer modelling to generate the world in which the action plays out, the green screen allows Monkman to create his vision of a multi-tiered globe in which the characters play out their various fates.",https://image.tmdb.org/t/p/w500/pHWfFhwG2sTKFQBSx9z8lwDMsPV.jpg,6.8,2018-03-13,https://www.themoviedb.org/movie/510397
Satanic,"Four friends on their way to Coachella stop off in Los Angeles to tour true-crime occult sites, only to encounter a mysterious young runaway who puts them on a terrifying path to ultimate horror.",https://image.tmdb.org/t/p/w500/me74BRzuDvzD5LuAPU4EZOJtsyU.jpg,4.321,2016-07-01,https://www.themoviedb.org/movie/400411
"Kira's Reason: A Love Story","Kira and Mads try to work out their marriage, after Kira has been two years in a mental institution, but is she really ready for the real world?",https://image.tmdb.org/t/p/w500/wr26nFLM7AeV2Zy31hiwvtvmMsD.jpg,5.5,2001-10-26,https://www.themoviedb.org/movie/15842
"The Fabelmans","Growing up in post-World War II era Arizona, young Sammy Fabelman aspires to become a filmmaker as he reaches adolescence, but soon discovers a shattering family secret and explores how the power of films can help him see the truth.",https://image.tmdb.org/t/p/w500/h7llKkqkkJtJrTOaDLuVeUYDQ7I.jpg,7.575,2022-11-11,https://www.themoviedb.org/movie/804095
"Punk Love","Set in the rainy environs of Oregon and Washington, Punk Love is the story of two forlorn lovers, searching for that elusive Hollywood Ending to the story of their dreams. Sarah is a lost 15-year-old, trapped in an unloving home, in a dreary small paper mill town. When she meets Spike, she envisions a new life for herself. Falling in love, Sarah and Spike go on a crime spree of small-time con jobs, both to support themselves and their drug habit. Spike has dreams of his own, and when he successfully auditions for a band, he can't help but feel that he and Sarah are starting on the road to escaping their ill-fated existence. But just as things are looking up, everything goes uncontrollably wrong, and Spike and Sarah have only their undying love for each other as a means of survival against all odds. Director/writer Nick Lyon's Punk Love is a modern-day fairy tale about two fallen angels searching for meaning in a world without pity...",https://image.tmdb.org/t/p/w500/qz98uCgBLL3WHFGYtT9xFXCB1Uc.jpg,4.389,2006-03-04,https://www.themoviedb.org/movie/83939
"Tarot Curse","After a Tarot reading in New Orleans, a group of students are horrified to realize the cards are predicting their gruesome deaths one by one.",https://image.tmdb.org/t/p/w500/gAUyxtELzgi1HrcGTHMyqgMkErK.jpg,0,2025-02-21,https://www.themoviedb.org/movie/1433114
"Rest Area","Five crazy rich people are stranded at a remote rest area during their nighttime journey. What was supposed to be a stopover turns into a nightmare when they are attacked by the Kresek Ghost, a wandering spirit with a face covered in black plastic, seeking revenge for past sins. One by one, they begin to lose control, terrorized relentlessly in every dark corner. The dark secrets they have been hiding are slowly revealed. What fatal mistake have they committed? And… can they survive the revenge that comes from beneath the ground?",https://image.tmdb.org/t/p/w500/zSYFVNZ2QqzqEBgLD2btALCkMGu.jpg,4.2,2025-10-02,https://www.themoviedb.org/movie/1288608
Olvídame,"Víctor Terx is a young, attractive, and mysterious man, preacher and leader of a spiritualist sect. He compulsively murders his occasional partners with cruelty. Ámbar Atlas is a young stripper at a brothelly nightclub, her beauty is unconventional and her sexuality exultant and perturbing. Christlike, she uses sex as a vehicule to her own destruction due to her inevitable death drive. Ámbar and Víctor will fall in love viscerally and passionately while they become aware of the proximity of an ineluctable danger that preys on them both. Together they will tortuously travel an esoteric underworld of mediums, witches and false shamans in the search for Ámbar's miraculous ""cure"".",https://image.tmdb.org/t/p/w500/sKluEL7DnWsMIpxsrQSi6GcfrwF.jpg,0,2013-10-31,https://www.themoviedb.org/movie/580536
"Hunting Season","When two campers on a peaceful weekend excursion are suddenly confronted, harassed, and molested by a pack of heavily armed outdoorsman, a brutal series of events ensues. A struggle for survival and sanity drives the surviving victim into a bloody vendetta of rage. The hunters become the hunted in a malicious game of cat and mouse.",https://image.tmdb.org/t/p/w500/aOWGN74O8FJzs45LlXENcinpo6Q.jpg,2,2000-01-01,https://www.themoviedb.org/movie/341833
"Perjamuan Iblis","Kala and Radit are a husband and wife who live happily and feel perfect with their only child named Bima. One day, this happiness slowly disappeared after they had to go to Radit's old house because their long-lost mother was found to have mysteriously committed suicide in Radit's old house. The death of the grandmother made this family experience a lot of terror by creatures beyond reason in the house. And strangely, all the terror was aimed at their only child, Bima. Kala and Radit decided to leave that place. They thought leaving that place was the best way to save Bima, however, they never thought that it was just the beginning of a series of nightmares that would soon happen, and the dark secret behind their grandmother's death was related to with the rise of a demonic figure.",https://image.tmdb.org/t/p/w500/w3fmiiYedaltbDPpIBRecNZAS2g.jpg,4.7,2023-11-16,https://www.themoviedb.org/movie/1192160
"Sun Dogs","A man eager to serve his country but rejected by the Marines pairs up with a young runaway to form an unlikely team on a misguided adventure.",https://image.tmdb.org/t/p/w500/hiEHsguMwMyZMRXgjgQaB2Vpbzj.jpg,6.557,2017-06-18,https://www.themoviedb.org/movie/403068
"Dancing Eurynome","Dancing eurynome (Mytho-Clip) is dedicated to the Greek goddess Eurynome, the child of Oceanus and Tethys. She was the mother of the Graces and of the river-god Aesopus. Eurynome dances on water - and to the music of der Plan. Astrological symbols (an egg, a bird and the suchlike) are added to the image of her mythical dance. In Mytho-Clip (as in Philo-Clip and Lyric-Clip), Bódy exploits video's considerable potential to transform the image.",https://image.tmdb.org/t/p/w500,4,1985-01-01,https://www.themoviedb.org/movie/329925
Ecstasy,"Eva has just gotten married to an older gentleman, but discovers that he is obsessed with order in his life and doesn't have much room for passion. She becomes despondent and leaves him, returning to her father's house. One day while bathing in the lake, she meets a young man and they fall in love. The husband has become grief stricken at the loss of his young bride, and fate brings him together with the young lover that has taken Eva from him.",https://image.tmdb.org/t/p/w500/nwCNnXnw0iYsMdWqp4qyGrzHTh0.jpg,6.3,1933-01-20,https://www.themoviedb.org/movie/43124
"The Unseen","A trio of female reporters find themselves staying overnight in a house occupied by a hostile being lurking in the basement",https://image.tmdb.org/t/p/w500/66BAwSfIef99UztzXgVBt8sNR4W.jpg,4.8,1980-09-01,https://www.themoviedb.org/movie/40241
"Gladiator II","Years after witnessing the death of the revered hero Maximus at the hands of his uncle, Lucius is forced to enter the Colosseum after his home is conquered by the tyrannical Emperors who now lead Rome with an iron fist. With rage in his heart and the future of the Empire at stake, Lucius must look to his past to find strength and honor to return the glory of Rome to its people.",https://image.tmdb.org/t/p/w500/2cxhvwyEwRlysAmRH4iodkvo0z5.jpg,6.655,2024-11-13,https://www.themoviedb.org/movie/558449
Frameup,"Ricky, a dim-witted ex-con, meets Beth, a dim-witted waitress, in an Idaho diner. They take off in his car to Washington and begin an affair. Beth, a lonely romance-novel addict, is hopelessly enamored; Ricky is just in it for the (constant) sex. Beth's longing to visit California and Ricky's longing for quick cash leads them into a desperate situation. Director Jost uses a variety of avant-garde visual and narrative techniques, such as montage, collages, split screens and lengthy, tongue-in-cheek monologues to tell the tragicomic story of two complete losers in love.",https://image.tmdb.org/t/p/w500/xxEbhuPsB5bydYYynDFegJJvVqU.jpg,5.778,1993-01-19,https://www.themoviedb.org/movie/345143
"Le Divorce","While visiting her sister in Paris, a young woman finds romance and learns her brother-in-law is a philanderer.",https://image.tmdb.org/t/p/w500/ucBJrWKCJ1naTylSFN8jpaEqwwe.jpg,4.9,2003-08-08,https://www.themoviedb.org/movie/9499
Slalom,"15 year-old Lyz, a high school student in the French Alps, has been accepted to a highly selective ski club whose aim is to train future professional athletes. Taking a chance on his new recruit, Fred, ex-champion turned coach, decides to make Lyz his shining star regardless of her lack of experience. Under his influence, Lyz will have to endure more than the physical and emotional pressure of the training. Will Lyz’s determination help her escape his grip?",https://image.tmdb.org/t/p/w500/qAXJ1Z3wkXGYYk0mcEh8JiAfXz6.jpg,6.629,2020-10-17,https://www.themoviedb.org/movie/585744
"Ladies' Doctor","Dr. Lo Bianco, debt load, flees abroad and the headquarters avviatissimo study gynecological colleague Giovannaldi. These are adept at gaining the trust of high society and, thanks to the relationship established with the wife of a wealthy manufacturer (enough to get her pregnant), she becomes finance, own the cuckolded husband, a luxury clinic. And there will be a prize for Lobianco.",https://image.tmdb.org/t/p/w500/8KwEjKVFoz6B9oRXgeSastYUUUz.jpg,4.294,1977-09-13,https://www.themoviedb.org/movie/292610
"Inglourious Basterds","In Nazi-occupied France during World War II, a group of Jewish-American soldiers known as ""The Basterds"" are chosen specifically to spread fear throughout the Third Reich by scalping and brutally killing Nazis. The Basterds, lead by Lt. Aldo Raine soon cross paths with a French-Jewish teenage girl who runs a movie theater in Paris which is targeted by the soldiers.",https://image.tmdb.org/t/p/w500/7sfbEnaARXDDhKm0CZ7D7uc2sbo.jpg,8.2,2009-08-02,https://www.themoviedb.org/movie/16869
"The Crazies","Four friends find themselves trapped in their small hometown after they discover their friends and neighbors going quickly and horrifically insane.",https://image.tmdb.org/t/p/w500/ggtG9DZELyTtM2Y0DRJDOJa5iP8.jpg,6.3,2010-02-26,https://www.themoviedb.org/movie/29427
"Big Brother","A soldier-turned-high school teacher uses unusual methods to reach to a class of poor students, while dealing with a greedy entrepreneur and his gang of fighters as well as the government.",https://image.tmdb.org/t/p/w500/z6Y6uQn2fORr7o43EggQrTsp08o.jpg,7.3,2018-08-16,https://www.themoviedb.org/movie/504056
Junoon,"Nita lives a middle-class lifestyle with her mom and dad in Bombay, India, and works as a Surgeon in a hospital. She is of marriageable age, &amp; is in love with a struggling Musician/Singer named Ravi, much to the chagrin of her mom, who wants her to marry someone who is wealthy. One day a badly wounded male is admitted into the hospital, is pronounced dead, but recovers, and with Nita's help recuperates and is discharged. He visits Nita's home, introduces himself as wealthy Vikram Chauhan and asks her parents for the hand of Nita, who immediately accept. But Nita wants to marry Ravi and plans to elope with him. On that fateful day, Ravi fails to keep his appointment and a heartbroken Nita decides to get married to Vikram. The marriage takes place with great pomp and ceremony. When Ravi attempts to re-enter Nita's life, she forbids him. Little does she know that Ravi's plans had been sabotaged by none other than Vikram - who is in reality a human during daytime...",https://image.tmdb.org/t/p/w500/uDLGI6LfkgxtvHsXdTyFRcHVoZU.jpg,5.2,1992-09-18,https://www.themoviedb.org/movie/101820
"Still Mine","Craig, a fiercely determined New Brunswick farmer, sets out to build a more suitable house for his ailing wife, Irene, despite their children's concerns. As he starts building, he is blindsided by the bureaucratic codes and officials. As Irene becomes increasingly ill, Craig fights back. Based on a true story.",https://image.tmdb.org/t/p/w500/mbSCfkLnGrxMqOkny5SrLiqfCav.jpg,6.9,2012-09-10,https://www.themoviedb.org/movie/128215
"Disturbing Behavior","Steve Clark is a newcomer in the town of Cradle Bay, and he quickly realizes that there's something odd about his high school classmates. The clique known as the ""Blue Ribbons"" are the eerie embodiment of academic excellence and clean living. But, like the rest of the town, they're a little too perfect. When Steve's rebellious friend Gavin mysteriously joins their ranks, Steve searches for the truth with fellow misfit Rachel.",https://image.tmdb.org/t/p/w500/uAhvaueOUUQ6ORCRdsJr1WXz1w0.jpg,5.759,1998-07-24,https://www.themoviedb.org/movie/9424
"Balak Palak","BP is about four teenage friends (Avya, Bhagya, Chiu and Dolly), who over hear that, a friend, a resident of their colony, Jyoti tai, has left their colony, as she has brought disgrace to her family.  Having received unsatisfactory explanations from their parents for Jyoti tai's exit. It becomes imperative to find out what exactly was her disgraceful act. Kids decide to take up this challenge.  In this journey to discover, they end-up bonding little too much with their over mature school-mate 'Vishu', the guiding star for the foursome. He enlightens them by throwing his divine light upon blue films. He feels, one has to read, watch, and if need be, perform to understand the true meaning of life (read SEX).",https://image.tmdb.org/t/p/w500/4evbEDDJuprAVUNxxtFeg2ejWWN.jpg,7.6,2013-01-04,https://www.themoviedb.org/movie/139586
"Beach House","Emma's quiet beach retreat takes an unsettling turn with the arrival of an enigmatic artist out of her mother's past. He challenges, enthralls, and frightens her, as she comes to suspect him of a terrible crime.",https://image.tmdb.org/t/p/w500/nYz6aON2AvKXZNZAnI0pAiV0ZeX.jpg,4.9,2017-10-20,https://www.themoviedb.org/movie/421879
"Without Mercy","After terrorizing the people of Nodaway County and repeatedly escaping justice for years, the town bully finally meets his demise at the hands of the townspeople of Skidmore, Missouri. Immediately, law enforcement at all levels mount an intense investigation to find and arrest the shooters. But the townspeople refuse to cooperate, even defiantly challenging the FBI to make good on their threats to arrest every adult male in town for murder and conspiracy.",https://image.tmdb.org/t/p/w500/e76gKEjCDNSxP0EEZsr5dkx7z8V.jpg,6,2005-01-01,https://www.themoviedb.org/movie/879912
"Witch Hunt","Magic and murder connect an actress, a private eye, a senator and a witch in 1950s Hollywood.",https://image.tmdb.org/t/p/w500/dmOXxbrAN013vKE2BJXIyl46hLL.jpg,5.102,1994-12-10,https://www.themoviedb.org/movie/41595
Fractured,"Driving cross-country, Ray and his wife and daughter stop at a highway rest area where his daughter falls and breaks her arm. After a frantic rush to the hospital and a clash with the check-in nurse, Ray is finally able to get her to a doctor. While the wife and daughter go downstairs for an MRI, Ray, exhausted, passes out in a chair in the lobby. Upon waking up, they have no record or knowledge of Ray's family ever being checked in.",https://image.tmdb.org/t/p/w500/paZNRffT3kUckuRFKbeDBuX1YcZ.jpg,6.748,2019-09-22,https://www.themoviedb.org/movie/568091
"The Lovers","The Lovers is an epic romance time travel adventure film. Helmed by Roland Joffé from a story by Ajey Jhankar, the film is a sweeping tale of an impossible love set against the backdrop of the first Anglo-Maratha war across two time periods and continents and centred around four characters — a British officer in 18th century colonial India, the Indian woman he falls deeply in love with, an American present-day marine biologist and his wife.",https://image.tmdb.org/t/p/w500/6esL8UH2sXXqbfbaV6bFEUBCDOr.jpg,4.716,2015-03-13,https://www.themoviedb.org/movie/79698
"To Olivia","In 1962, Patricia Neal and Roald Dahl retreat to the English countryside to bring up their young family. The seemingly unlikely pair find their relationship put to the test by a tragic loss.",https://image.tmdb.org/t/p/w500/ldrwhZLKac9z6jhD5M80mUH9rcU.jpg,6.9,2021-02-19,https://www.themoviedb.org/movie/656584
"Freedom Besieged","Freedom Besieged is a feature-length documentary concerning the economic and political climate of Greece and specifically how such has impacted the development and psychology of the nation's youth. Treading fearlessly into what has been called a ""humanitarian catastrophe"", the film explores the pursuits of Greek youth living within the country's crisis. Freedom Besieged is an intimate portrait of a young Greek generation who serve as the focal point for the future of European youth today.",https://image.tmdb.org/t/p/w500/vaV7nbnux8mOGCcSkkrzDVjXlb3.jpg,0,2017-01-27,https://www.themoviedb.org/movie/1509457
Aladdin,"A kindhearted street urchin named Aladdin embarks on a magical adventure after finding a lamp that releases a wisecracking genie while a power-hungry Grand Vizier vies for the same lamp that has the power to make their deepest wishes come true.",https://image.tmdb.org/t/p/w500/ykUEbfpkf8d0w49pHh0AD2KrT52.jpg,7.091,2019-05-22,https://www.themoviedb.org/movie/420817
Aftermath,"A fatal plane crash changes the lives of Roman and Jake forever. Roman loses his wife and daughter in the accident, while Jake loses his mind—as he happens to be the air traffic controller who failed to avert the nightmare. Rage and revenge engulfs Roman and Jake finds himself swamped with guilt and regret.",https://image.tmdb.org/t/p/w500/25oWTCGqIik4gUTMidx3L8DI4Bt.jpg,5.74,2017-02-28,https://www.themoviedb.org/movie/390051
Wyvern,"The residents of a small Alaskan town find themselves under attack by a flying reptile known in medieval mythology as a Wyvern. It has thawed from its ancient slumber by melting icecaps caused by global warming.",https://image.tmdb.org/t/p/w500/eH6pRwiSfPSsheZavFNMkmLbDEI.jpg,5,2009-01-31,https://www.themoviedb.org/movie/21864
"Metal Lords","For teenage misfits Hunter and Kevin, the path to glory is clear: Devote themselves to metal. Win Battle of the Bands. And be worshipped like gods.",https://image.tmdb.org/t/p/w500/r97txZRmBb75SGsIAWqmplWJnO3.jpg,6.891,2022-04-08,https://www.themoviedb.org/movie/739993
"Crash Drive","Paul Dixon (Dermot Walsh) is a fiercely competitive racing driver whose meteoric career is cut short after he is paralyzed in a collision. Ann, Paul's conflicted, estranged wife (Wendy Williams), tries to help her husband overcome his self-pity to become productive once again. Paul's perception of himself as a cripple is challenged by his new friend, a former dancer (Anton Rodgers), who urges Paul to strive for rehabilitation and new goals. [Netflix]",https://image.tmdb.org/t/p/w500,0,1959-11-13,https://www.themoviedb.org/movie/141591
"Unlocking Christmas","When a mysterious key and a holiday riddle arrive on their doorsteps, Kate and Kevin embark on a Christmas romance adventure they’ll never forget.",https://image.tmdb.org/t/p/w500/gFhoJx9JJBea5ADYqCAC1WkMBlD.jpg,7.1,2020-12-13,https://www.themoviedb.org/movie/746476
"Unlocking Christmas","When a mysterious key and a holiday riddle arrive on their doorsteps, Kate and Kevin embark on a Christmas romance adventure they’ll never forget.",https://image.tmdb.org/t/p/w500/gFhoJx9JJBea5ADYqCAC1WkMBlD.jpg,7.1,2020-12-13,https://www.themoviedb.org/movie/746476
"Train to Busan","When a zombie virus pushes Korea into a state of emergency, those trapped on an express train to Busan must fight for their own survival.",https://image.tmdb.org/t/p/w500/vNVFt6dtcqnI7hqa6LFBUibuFiw.jpg,7.749,2016-07-20,https://www.themoviedb.org/movie/396535
"Dark Blue Almost Black","Jorge is a young man whose plans for the future are put on hold when his father has a stroke. For seven years, he diligently nurses his father and works as a janitor while studying part time to get a business degree. When Natalia, his childhood crush, returns from a stint studying abroad, Jorge begins to yearn for something better. He is desperate to find a new and better job, but finds that no one will hire him because he has experience only as a janitor. Antonio, Jorge’s older brother, soon to be released from jail, is an opportunist who has never gotten along with their father. In prison, at a theater workshop, Antonio meets Paula, a beautiful young woman in jail on drug charges. Paula has a problem because she flirted with another inmate's boyfriend.",https://image.tmdb.org/t/p/w500/b84WFI8ffMKyexc4L7oUIenci79.jpg,6.786,2006-03-24,https://www.themoviedb.org/movie/3865
"fff -Fortississimo- / Silk Road ~A Bandit and a Jewel~","FFF - Ludwig van Beethoven instigated a musical revolution of such historical proportions that we still know his name today. And yet the man bearing that name was visited by misfortune of all kinds: lost love, loneliness, hearing loss... Even so, he was able to produce his Ninth Symphony featuring the singing of ""Ode to Joy."" But how?  Silk Road - From west to east, from east to west, the Silk Road, a trade route carrying culture, civilization, and people, connected Western Europe with Asia over land and sea.  A bandit preying on merchants traveling the route obtains a blue diamond. However, it is in fact the lost eye of the Indian goddess Sita. The jewel has changed hands on countless occasions, at times bringing good fortune to its owner, at other times tragic doom. Having roamed the Silk Road since the long distant past, the Eye of Sita invites the bandit on a journey through the copious memories dwelling behind its dazzling facets.",https://image.tmdb.org/t/p/w500/whLtg5AuoVJ1BAdS1D8lpwZhvfh.jpg,8,2021-04-20,https://www.themoviedb.org/movie/970329
"Assault Platoon","In 1973 Vietnam, gas bombs are dropped on villages, killing men, women, and children. Two downed American pilots, accused of the bombings, are captured and tortured. Both men give name, rank, and serial number but neither one confesses. Elsewhere, a team of seven diverse individuals is hired to rescue the two pilots. These individuals manage to free the pilots from the river-cages where they've been imprisoned, (with water up to their shoulders), but the Vietnamese counterattack proves deadly. Only one rescuer survives and he's burdened by the knowledge that the U.S. Government wanted the pilots rescued and then silenced to order to conceal their role in dropping gas-bombs.",https://image.tmdb.org/t/p/w500/uBsqrAaUVxmT7qMM04EJcpiHtnU.jpg,2.25,1990-01-01,https://www.themoviedb.org/movie/274475
"Transformers: Age of Extinction","As humanity picks up the pieces after the battle of Chicago, a shadowy group reveals itself in an attempt to control the direction of history…while an ancient, powerful new menace sets Earth in its crosshairs. With help from Cade Yeager, Optimus Prime and the Autobots rise to meet their most fearsome challenge yet.",https://image.tmdb.org/t/p/w500/jyzrfx2WaeY60kYZpPYepSjGz4S.jpg,5.95,2014-06-25,https://www.themoviedb.org/movie/91314
"Dangerous Touch","A promiscuous radio sex therapist is dragged into blackmail by a young hustler.",https://image.tmdb.org/t/p/w500/ffz93TvSA02QumNvn2kysJw3UyO.jpg,3.462,1995-05-17,https://www.themoviedb.org/movie/219832
Madness,"An escaped convicted murderer invades the cottage of a man, his wife and the wife's sister, whereupon he proceeds to torment this already dysfunctional trio with rape and violence.",https://image.tmdb.org/t/p/w500/gV0J0Fqw2mYMtQbzb0ruxv9MAeZ.jpg,4.771,1980-03-20,https://www.themoviedb.org/movie/28322
"Christmas Crash","A husband, wife and their two daughters take a Christmas break at a lodge in the woods. There's evident tension between the couple. He's pulled by attention to his corporation and negotiations about a merger. Even on their vacation he's on the phone. She's feeling abandoned. He takes her on a light plane flight to a cabin across the lake, but their plane suddenly loses altitude. They crash into the lake before they can notify anyone. The husband is more seriously hurt but with his wife's assistance they navigate cross-country towards a distant highway.. While they struggle to cross a ridge, the husband's business partner moves behind the scenes to sell the company to raiders, apparently assuming Frank is dead. Attacked by rogue wolves, the husband and wife are rescued in the nick of time. The FAA begins an investigation of the plane crash while the family begins to heal the emotional and physical wounds.",https://image.tmdb.org/t/p/w500/cN1CeIyQ3xGBTgYLD8UZlMJqN43.jpg,4.1,2009-01-01,https://www.themoviedb.org/movie/140662
"Tyrannosaurus Azteca","The Aztecs summoned a Tyrannosaurus Rex to keep Cortes and his army out of Mexico. Now they need the Conquistadors' help to stop the T-Rex from killing them all.",https://image.tmdb.org/t/p/w500/dFdEkhljyVJfjSqbf7qTGqdpyKO.jpg,4.8,2007-05-05,https://www.themoviedb.org/movie/30771
"Second Chorus","Danny O'Neill and Hank Taylor are rival trumpeters with the Perennials, a college band, and both men are still attending college by failing their exams seven years in a row. In the midst of a performance, Danny spies Ellen Miller who ends up being made band manager. Both men compete for her affections while trying to get the other one fired.",https://image.tmdb.org/t/p/w500/qo20sq732j5dIbgmNYveJITwvna.jpg,5.824,1941-01-03,https://www.themoviedb.org/movie/23627
"Blue Tiger","Gena is a sweet and dedicated mother to her little son. One day, whilst shopping with him for a halloween mask, her son is accidently shot through the chest by a Japanese Gunman, trying to kill an opposing gang of bus operators. Gena notices that the gunman has a picture of a blue tiger on his chest. She is turned into an obsessed person and has an identical red tiger etched into her skin. She then tracks down the killer and plots his death. This leads her into the world of the Japanese Mafia",https://image.tmdb.org/t/p/w500/5wHnOCUj6q2Ag6M7okiirexjTnv.jpg,5,1994-04-03,https://www.themoviedb.org/movie/37023
"Peddinti Alludu","Raja (Suman) is an unemployed educated guy, his mother (Dubbing Janaki) is a serious heart patient and requires a major operation. But due to poverty, Raja decides to shift to Hyderabad for his mother's treatment and search of a job. On the way, he meets a retired music teacher Srinivasa Rao (Babu Mohan) on a train who is traveling going to join as a tuition master Island Estate for Rs. 3000 salary monthly. While alighting with the suitcases of Raja & Srinivasa Rao interchanges. After reaching the room, Raja finds the appointment letter and address cover of Srinivasa Rao. Due to the critical situation of his mother, Raja joins the post as a disguise old man.",https://image.tmdb.org/t/p/w500/jVn88yjvi5ItDqINvveHz1KjyHx.jpg,6,1991-01-01,https://www.themoviedb.org/movie/707781
"Country Threshing","This short documentary records the rural sights and sounds of the Eastern Townships of Quebec. The day of the big stationary threshing machine is almost over, as the machine is pushed into obscurity by the combine harvester. But there are still parts of Canada where crops are gathered in the old-fashioned way as the men work out in the fields and the women manage the kitchen. This film offers a rare and charming glimpse into mid-20th-century rural and family life in Canada.",https://image.tmdb.org/t/p/w500,0,1958-01-01,https://www.themoviedb.org/movie/372024
"Shrek 2","Shrek, Fiona, and Donkey set off to Far, Far Away to meet Fiona's mother and father, the Queen and King. But not everyone is happily ever after. Shrek and the King find it difficult to get along, and there's tension in the marriage. The Fairy Godmother discovers that Fiona has married Shrek instead of her son Prince Charming and plots to destroy their marriage.",https://image.tmdb.org/t/p/w500/2yYP0PQjG8zVqturh1BAqu2Tixl.jpg,7.303,2004-05-19,https://www.themoviedb.org/movie/809
"Nylon Noose","A company's stockholders hold their meeting at a lonely mansion. A mad doctor conducting experiments in the mansion starts to strangle them one at a time with a nylon noose. The survivors must figure out a way to stop him.",https://image.tmdb.org/t/p/w500/y7fcdbonbVp19Jdd9Cummr6z0KR.jpg,7,1963-07-30,https://www.themoviedb.org/movie/245505
"Totally Awesome","Do you prefer to wax on or wax off? Preacher won't let you dance? Well then, put Baby in the corner and come on down, 'cause VH1 is bringing back more of the '80s you love in this feature-length film, Totally Awesome. The Gundersons have just moved across the country and the kids - Charlie, Lori, and Max - are trying their best to acclimate themselves into a new school and all kinds of dilemmas therein: the need to dance, the pitfalls of young love, the quest for popularity, scientific genius and of course the quirky but loveable Japanese gardener. Totally Awesome takes all your favorite '80s-flick mainstays and weaves them into the biggest and baddest plotline ever conceived. Tot say it is radical would be an understatement.",https://image.tmdb.org/t/p/w500/2OGYEK2Jl5E520LHJ51a2IryVDw.jpg,4.852,2006-11-07,https://www.themoviedb.org/movie/23134
"Alice, Darling","Pushed to the breaking point by Simon, her psychologically abusive boyfriend, Alice becomes an unwitting participant in an intervention staged by her two closest friends while on vacation. As she rediscovers the essence of herself and gains some much-needed perspective, she slowly starts to fray the cords of codependency that bind her. However, Simon's vengeance is as inevitable as it is shattering, and once unleashed, it tests her strength, her courage, and the bonds of deep-rooted friendships.",https://image.tmdb.org/t/p/w500/3QpO7dxLXBdPgWpNLKvRNojz7bv.jpg,5.658,2022-12-30,https://www.themoviedb.org/movie/850028
Capsule,"Guy is an experienced British fighter pilot who is in command of Britain's first manned mission to space. He has trained for this for three years at the height of the Cold War and now he is alone in space with a malfunctioning capsule. He has limited contact with the UK, some unusual communication with the US and some unorthodox communication with Roscosmos deep in Soviet Russia. Who will help him? Will he make the right choice?",https://image.tmdb.org/t/p/w500/9X01Tq2U9mFCdJSdkUkRKnbJQcV.jpg,5.1,2015-12-23,https://www.themoviedb.org/movie/395560
"Kill Her Goats","Audra's graduation gift is her dream house, but it soon becomes a living nightmare when some uninvited guests come to her homecoming party who aren't very subtle about the fact they don't approve of the home's new owner.",https://image.tmdb.org/t/p/w500/mFzyMEQvKwf2rXxB1GsSocJfL11.jpg,2.957,2023-04-28,https://www.themoviedb.org/movie/1073079
"Black Snake","On a 19th century Caribbean island, slaves revolt against their beautiful and sadistic mistress.",https://image.tmdb.org/t/p/w500/92WK6MVknFcyBoYmhkH59jS3Xpv.jpg,5.279,1973-03-28,https://www.themoviedb.org/movie/5656
"Sixteen Candles","With the occasion all but overshadowed by her sister's upcoming wedding, angst-ridden Samantha faces her 16th birthday with typical adolescent dread. Samantha pines for studly older boy Jake, but worries that her chastity will be a turnoff for the popular senior. Meanwhile, she must constantly rebuff the affections of nerdy Ted, who is unfortunately the only boy in school who seems to take an interest in her.",https://image.tmdb.org/t/p/w500/A3WGCAgJF33kZdlxUdyXHYdbYax.jpg,6.758,1984-05-04,https://www.themoviedb.org/movie/15144
"Going Back","A remote stone house nestles peacefully on the edge of the Yorkshire moors. In the garden. Faith Armstrong describes the flowers and the late afternoon skies to Jack, her blind husband. ""The sun is almost setting. The sky is blue, with ... those little puffy clouds like meringues. There are still leaves on the trees. Oh . quite a few birds are gathering . "" All is peaceful. As they talk, a small figure appears walking towards the cottage on the moorland road. Slowly it becomes recognisable as the Armstrong's son David. David's arrival is unexpected. He left home three years ago, and Faith and Jack have heard nothing from him until now. Things at home have changed a lot in those three years. His father has gone blind, and his brother Malcolm is now engaged 'to Heather. David's former girlfriend. The family are curious. Why has David suddenly decided to return home? How long is he staying? Is he in trouble?",https://image.tmdb.org/t/p/w500,0,1979-07-24,https://www.themoviedb.org/movie/1271488
"In Embryo","Sean lives a harsh but successful life as a criminal in Los Angeles's rough suburbs. He has, in spite of a chaotic and violent childhood, created some order in his life. As long as order is maintained, he - along with his partner in crime Peter - can ensure that his criminal life does not fall apart. But like in any Greek tragedy, things are doomed to go wrong when he one day falls in love with the waitress Lilly. Sean thinks he can bring order to her life too, but the all-consuming heroin addiction can not be tamed so easily.",https://image.tmdb.org/t/p/w500/8IA7M8yNgyjcX1QEvYr8dKMfqzp.jpg,5.7,2016-06-16,https://www.themoviedb.org/movie/428400
"The Silence","13-year-old Sinikka vanishes on a hot summer night. Her bicycle is found in the exact place where a girl was killed 23 years ago. The dramatic present forces those involved in the original case to face their past.",https://image.tmdb.org/t/p/w500/scq7YgLu0Ltz4KITWj8e3QePvRA.jpg,6.6,2010-08-13,https://www.themoviedb.org/movie/60534
"Santa Switch","A struggling dad gets a new start after a strange encounter replaces his mall Santa gig with the real thing.",https://image.tmdb.org/t/p/w500/qdofjYeV4YPB4zaJem1mKZCgxU1.jpg,5.2,2013-12-07,https://www.themoviedb.org/movie/249059
"Ruby Gentry","A sexy but poor young girl marries a rich man she doesn't love, but carries a torch for another man.",https://image.tmdb.org/t/p/w500/bFFDqnL6mK2epcaFb1BNInKpq8N.jpg,6.343,1952-12-25,https://www.themoviedb.org/movie/50085
"Harry Potter and the Half-Blood Prince","As Lord Voldemort tightens his grip on both the Muggle and wizarding worlds, Hogwarts is no longer a safe haven. Harry suspects perils may even lie within the castle, but Dumbledore is more intent upon preparing him for the final battle fast approaching. Together they work to find the key to unlock Voldemorts defenses and to this end, Dumbledore recruits his old friend and colleague Horace Slughorn, whom he believes holds crucial information. Even as the decisive showdown looms, romance blossoms for Harry, Ron, Hermione and their classmates. Love is in the air, but danger lies ahead and Hogwarts may never be the same again.",https://image.tmdb.org/t/p/w500/z7uo9zmQdQwU5ZJHFpv2Upl30i1.jpg,7.682,2009-07-15,https://www.themoviedb.org/movie/767
Damage,"The life of a respected British politician at the height of his career crumbles when he becomes obsessed with his son's lover.",https://image.tmdb.org/t/p/w500/alf3JOPP7EYP0iO24gwe5YfRnqo.jpg,6.6,1992-12-02,https://www.themoviedb.org/movie/11012
"Colorado Sunset","When his well-meaning sidekick (Smiley Burnette) buys a cow farm instead of a cattle ranch, singing cowpoke Gene Autry prepares to embrace the dairy business. But with a corrupt association bent on driving up milk prices, it's up to newly elected Sheriff Gene to clean up the mess. Country music icon Patsy Montana sings ""I Want to Be a Cowboy's Sweetheart,"" while radio crooners the Texas Rangers perform alongside Autry.",https://image.tmdb.org/t/p/w500/fhqzs2v3qdK2TdQm9jayl6foua2.jpg,0,1939-07-30,https://www.themoviedb.org/movie/320897
"The Struggle","In The Struggle (Broncho, 1913) a prospector and his son Bob depart from home in the morning, while the wife, at home, offers food to a passing stranger. His shifting eyes reveal his nature; he assaults her, and although her husband and son return in time to save her, the father is killed in the ensuing fight. The stranger gets away, but five years later Bob, now a government scout, recognizes the stranger just as he is accused of cheating at cards.",https://image.tmdb.org/t/p/w500/16JxxqssKHzxZ4Fu9UaXvsRn0MR.jpg,5,1913-01-20,https://www.themoviedb.org/movie/192054
Lawman,"While passing through the town of Bannock, a bunch of drunken cattlemen go overboard with their celebrating and accidentally kill an old man with a stray shot. They return home to Sabbath unaware of his death. Bannock lawman Jered Maddox later arrives there to arrest everyone involved on a charge of murder. Sabbath is run by land baron Vince Bronson, a benevolent despot, who, upon hearing of the death, offers restitution for the incident.",https://image.tmdb.org/t/p/w500/88DTPi738IZD4epYGj58yCm3WTz.jpg,6.452,1971-03-11,https://www.themoviedb.org/movie/42500
Hidden,"A family takes refuge in a fallout shelter to avoid a dangerous outbreak.",https://image.tmdb.org/t/p/w500/mPuaHaczkoJDzlYD9GyXiDjMXig.jpg,6.905,2015-09-15,https://www.themoviedb.org/movie/360784
"Beyond Death","Rai Bahadur Bhujanga Choudhury married Smritikana many years after the death of her first wife. Often she remembers the incidents in her previous life and she behaves in extremely unnatural way. Tanima (Suchitra Sen) is the daughter of Bhujanga from his first marriage. Tanima takes his stepmother Smritikana to the hospital for treatment. There Tanima fell in love with the Doctor Ashok (Uttamkumar) who was treating Smritikana. When she saw Dr. Ashok first time, Smritikana behaved in an weird way and she thought Ashok is his Son. Although in love with Tanima, Ashok refused to marry her because he himself is an orphan and doesn't know his parents. One day while Dr. Ashok was talking to his senior Dr (who looked after Ashok since his childhood) and Tanima, suddenly they heard some people chasing a thief (Gurudas). When the thief entered, Smritikana devi saw him and instantly recognized him as Gurudas. Then the story from her previous birth unfolded.",https://image.tmdb.org/t/p/w500/oK9pjibvM3r6Nk7Cn1ksYmiHVUV.jpg,0,1954-06-25,https://www.themoviedb.org/movie/1116854
"Sweet Genevieve","The biggest town problem is worrying whether the high school basketball team will win the championship...until racketeers move into town and the kids begin to bet on horses, become overly fond of stripped-down racing cars, and Genevieve Rogers (Jean Porter) suspects her father of being too fond of the school principal's secretary. Town nerd Bill Kennedy (Jimmy Lydon) invents a new fuel amidst rumors that - horrors - the basketball game might be fixed. River City is not the only town that has trouble starting with a ""T"" and there's not a pool hall in sight.",https://image.tmdb.org/t/p/w500/4O94MmuUMhOg8kDy6M8bZ12imk2.jpg,4.5,1947-10-23,https://www.themoviedb.org/movie/601487
"Occasional, Strong","A man signs up as a driver for a group of criminals on a dangerous job. On the way to the hit the man hears the lottery numbers and realises he's got the winning ticket on him. However the job goes badly and the lottery ticket is collected as litter by a street cleaner. The leader of the gang goes after the cleaner while on a picnic with his daughter to get the ticket back.",https://image.tmdb.org/t/p/w500,0,2002-12-12,https://www.themoviedb.org/movie/418913
Gladiatress,"Three unlikely heroines set out to thwart a Roman invasion and save Celtic Britain in their own unique and outrageous style.",https://image.tmdb.org/t/p/w500/mbiaH8jDBaHJrpkTiKOd9GGmqoD.jpg,3.72,2004-08-19,https://www.themoviedb.org/movie/20125
"Unsung Hero","When David Smallbone's successful music company collapses, he moves his family from Australia to the United States in search of a brighter future. With nothing more than their six children, their suitcases, and their love of music, David and his pregnant wife Helen set out to rebuild their lives from the ground up. Based on a remarkable true story, a mum's faith stands against all odds; and inspires her husband and children to hold onto theirs.",https://image.tmdb.org/t/p/w500/mtkAdP8l8Hx9bIF2JChLdpy3VQL.jpg,6.965,2024-04-26,https://www.themoviedb.org/movie/1115009
"In the Basement","Filmmaker Ulrich Seidl explores of the dark underside of the human psyche by entering Austrian basements fitted out as private domains for secrets and fetishes.",https://image.tmdb.org/t/p/w500/1SuEqvXLeKhmOTnwRW6FHZm9tPi.jpg,6.099,2014-09-26,https://www.themoviedb.org/movie/288708
Barracuda,"Little coastal town is being terrorized by deadly Barracudas.",https://image.tmdb.org/t/p/w500/razrwhyLx7Nx1CWRCUayyeQQ2sI.jpg,4.1,1978-10-16,https://www.themoviedb.org/movie/29957
Alien,"During its return to the earth, commercial spaceship Nostromo intercepts a distress signal from a distant planet. When a three-member team of the crew discovers a chamber containing thousands of eggs on the planet, a creature inside one of the eggs attacks an explorer. The entire crew is unaware of the impending nightmare set to descend upon them when the alien parasite planted inside its unfortunate host is birthed.",https://image.tmdb.org/t/p/w500/vfrQk5IPloGg1v9Rzbh2Eg3VGyM.jpg,8.2,1979-05-25,https://www.themoviedb.org/movie/348
"Flight Angels","Federal Airlines ace pilot Chick Faber is grounded by Flight Superintendent Bill Graves when a doctor says his eyesight is failing. Aided by Mary Norvell and Nan Hudson, Graves persuades Chick to take a job as teacher in the school for airline hostesses, and Chick and Mary get married. He learns that the Army is going to test a stratosphere plane that he and Artie Dixon designed and feels that he should make the first flight but permission is refused.",https://image.tmdb.org/t/p/w500/mYpq6aOX9CIFCQehi3HQPYZvmMk.jpg,3.5,1940-05-18,https://www.themoviedb.org/movie/99863
"Pale Rider","A mysterious preacher protects a humble prospector village from a greedy mining company trying to encroach on their land.",https://image.tmdb.org/t/p/w500/kpAN5WnDEVWYzMDPkXHTbrDQuak.jpg,7.2,1985-06-28,https://www.themoviedb.org/movie/8879
"Enna Nu Rehna Sehna Ni Aaunda","Kiran lives in a quiet Canadian neighborhood with her family until some fun-loving international students move in next door.",https://image.tmdb.org/t/p/w500/gm0BcnnxiHVGgnO5xczlyp5mXCw.jpg,0,2025-08-22,https://www.themoviedb.org/movie/1523579
"The Aerodrome","In the future England is ruled by a fascist government, and one day the leaders begin the construction of a heavily guarded, mysterious airport. BBC adaptation of  Rex Warner's 1941 novel of the same name. A stereotypical village in a somewhat alternative England is taken over wholesale by 'The Air Force.' Living in the village is young Roy, who has just learned he is not who he thought he was. Attempting to forge a new sense of identity, he joins the dashing Air Force, seduced by its dynamism and direct and brutal ways.",https://image.tmdb.org/t/p/w500/jDm8fWvgkqU4HZHyY0LXqdQylsR.jpg,7,1983-12-13,https://www.themoviedb.org/movie/370487
"Fast Romance","The interweaving stories of seven very different people in the cosmopolitan city of Glasgow who decide that, in their pursuit of love, it is time to try something new. Little do they know that after one night of speed dating their lives will take dramatic new twists - and we'll be there to witness each and every one of them.",https://image.tmdb.org/t/p/w500/flommTAjfAY5G8R6A2vL8B1mz32.jpg,4,2011-02-10,https://www.themoviedb.org/movie/231554
Hondo,"Army despatch rider Hondo Lane discovers a woman and her son living in the midst of warring Apaches, and he becomes their protector.",https://image.tmdb.org/t/p/w500/ziHGGNGd9SEcrPgd1sdxJ9JPHWO.jpg,6.578,1953-11-26,https://www.themoviedb.org/movie/6529
"Blade II","Blade forms an uneasy alliance with the vampire council in order to combat the Reapers, who are feeding on vampires.",https://image.tmdb.org/t/p/w500/azzTa03g0Fb8HC7O3521qq0oc8Q.jpg,6.556,2002-03-22,https://www.themoviedb.org/movie/36586
"The Yearling","Jody convinces his parents to allow him to adopt a young deer, but what will happen if the deer misbehaves?",https://image.tmdb.org/t/p/w500/4N8oYLpY82ev7waXz7zwu7Ph1o1.jpg,6.6,1946-12-18,https://www.themoviedb.org/movie/19049
"California Suite","The misadventures of four groups of guests at the Beverly Hills Hotel.",https://image.tmdb.org/t/p/w500/fvS3cG46xStDuUYoP7wAx1ieXsO.jpg,5.782,1978-12-15,https://www.themoviedb.org/movie/26686
"Breaking Barbi","A Tinder date gone astray leaves famous fitness selfie queen, Barbi, lost in the wilderness trying to survive despite Homeland Security, alien death rays and zero cell service.",https://image.tmdb.org/t/p/w500/kDmRRbaKgsdWbAqM1LxRysE5CsI.jpg,2.2,2019-02-15,https://www.themoviedb.org/movie/506826
"Do Revenge","A dethroned queen bee at a posh private high school strikes a secret deal with an unassuming new student to enact revenge on one another’s enemies.",https://image.tmdb.org/t/p/w500/akIjKJDHcVN4bzifcEarKVPNpoa.jpg,6.4,2022-09-14,https://www.themoviedb.org/movie/762968
"Five Nights at Freddy's","Recently fired and desperate for work, a troubled young man named Mike agrees to take a position as a night security guard at an abandoned theme restaurant: Freddy Fazbear's Pizzeria. But he soon discovers that nothing at Freddy's is what it seems.",https://image.tmdb.org/t/p/w500/4dKRTUylqwXQ4VJz0BS84fqW2wa.jpg,7.373,2023-10-25,https://www.themoviedb.org/movie/507089
"Kicking Off","Kicking Off starts with the most important game of the season. Loyal fans Wigsy and Cliff watch in trepidation as their football team score the goal that will save them from relegation. Victory is bliss as a chorus of supporters chant and cry with elation. However, this frenzy of happiness quickly turns ugly as the referee disallows the deciding goal. With their hearts and fists pumping, adrenalin running and fury racing through their bloodstream, the fans take matters into their own hands and Cliff makes the fatal mistake of planning while intoxicated. Wigsy, a confirmed idiot, follows through with the said plan and in the darkest hours of the night he commits a crime that will cause chaos and catastrophe for him and his best mate Cliff. Kicking Off is cleverly filmed with split screen shots and slow motion montages. The characters are lovable thugs who will leave you laughing and grimacing at their lack of common sense.  The beautiful game just got ugly.",https://image.tmdb.org/t/p/w500/pHzVWzyyBHNil44ge1aMYqGlcSx.jpg,3.5,2015-09-30,https://www.themoviedb.org/movie/386891
"Solitary Man","A car magnate watches his personal and professional life hit the skids because of his business and romantic indiscretions.",https://image.tmdb.org/t/p/w500/5Dpm8QDoL3w3ZOwVl6rgvjRWxrj.jpg,5.904,2009-09-07,https://www.themoviedb.org/movie/36691
"American Satan","A young rock band, half from England and half from the US, drop out of college and move to the Sunset Strip to chase their dreams.",https://image.tmdb.org/t/p/w500/hM9dOYWPh5pcQ3ruFXDayXsqgHw.jpg,7.2,2017-10-13,https://www.themoviedb.org/movie/451751
"The Super Mario Bros. Movie","While working underground to fix a water main, Brooklyn plumbers—and brothers—Mario and Luigi are transported down a mysterious pipe and wander into a magical new world. But when the brothers are separated, Mario embarks on an epic quest to find Luigi.",https://image.tmdb.org/t/p/w500/qNBAXBIQlnOThrVvA6mA2B5ggV6.jpg,7.604,2023-04-05,https://www.themoviedb.org/movie/502356
Heaven,"Cate Blanchett stars as Philippa, a British teacher living in Turin, Italy, who has seen many friends, including her husband, fall victim to drug overdoses. Philippa has repeatedly contacted the police with information about Turin's biggest drug dealer but, complicit in his dealings, they have completely ignored her. So Philippa decides to dole out her own form of justice with a homemade bomb -- setting her off on a journey from young widow to fugitive on the run.",https://image.tmdb.org/t/p/w500/xPdtOuGtcQt655uRrmIdBkSRmVx.jpg,6.4,2002-02-06,https://www.themoviedb.org/movie/10575
Startup.com,"Friends since high school, 20-somethings Kaleil Isaza Tuzman and Tom Herman have an idea: a Web site for people to conduct business with municipal governments. This documentary tracks the rise and fall of govWorks.com from May of 1999 to December of 2000, and the trials the business brings to the relationship of these best friends. Kaleil raises the money, Tom's the technical chief. A third partner wants a buy out; girlfriends come and go; Tom's daughter needs attention. And always the need for cash and for improving the site. Venture capital comes in by the millions. Kaleil is on C-SPAN, CNN, and magazine covers. Will the business or the friendship crash first?",https://image.tmdb.org/t/p/w500/ognPQebXUCRfKwAyRodR0j0xLjd.jpg,6.569,2001-01-21,https://www.themoviedb.org/movie/14268
"Kim Possible","Everyday teen hero Kim Possible and her best friend Ron Stoppable embark on their freshman year of high school, all while saving the world from evil villains. While Kim and Ron have always been one step ahead of their opponents, navigating the social hierarchy of high school is more challenging than the action-hero ever imagined. With Drakken and Shego lurking in the wings, Kim must rely on her family and Team Possible—Ron, tech-genius Wade, new friend Athena, and Rufus, a Naked mole-rat.",https://image.tmdb.org/t/p/w500/t37Xa74GFO1R3kebocqSV4hFrPO.jpg,5.5,2019-02-15,https://www.themoviedb.org/movie/520720
"Darling Mine","Persuaded by a letter from her Aunt Agnes in America, Kitty McCarthy ( Olive Thomas ) travels from Ireland to New York City, there she meets Gordon Davis, a successful playwright, who directs her to her aunt's address on the East Side. Kitty soon discovers her aunt living in a tenement, a confirmed alcoholic. Through her niece's care, Agnes is cured, and one day Davis appears and offers Kitty a part in a comedy that he has written. She accepts, and once backstage meets Vera Maxwell, the victim of an unhappy affair with Oscar Savoy. Kitty brings the lovelorn couple back together but is unsuccessful in arranging her own romance with Davis' nephew Roger until Davis finally intervenes, and a happy ending prevails for all.",https://image.tmdb.org/t/p/w500/gcvctjxuSXeHdvC5RfLGbCUjymT.jpg,0,1920-08-16,https://www.themoviedb.org/movie/848096
Knife,"Set in rural Texas the story chronicles an unnamed man with a broken spirit. In the beginning we see him returning to his family. Where he’s been is unknown. Wherever it was – prison, maybe war – the years have not been kind to him. In spite of his family’s warm welcome the man can’t shake an anger that builds in him so he must leave them again. This time to return to the land that was once theirs, a land that had been in the family for generations, a land that has been stolen, plundered, and sewn with seeds of greed. There’s a force at work, a corruption that destroys homes, nature, families, and memories. The Man decides to lay his stakes down and pits himself against it all. He is on a ruinous mission to sate the hatred in his heart with the knife he carries in his hand.",https://image.tmdb.org/t/p/w500,5.5,2011-12-31,https://www.themoviedb.org/movie/361559
"My Spy","A hardened CIA operative finds himself at the mercy of a precocious 9-year-old girl, having been sent undercover to surveil her family.",https://image.tmdb.org/t/p/w500/n2C6jRK9PtPIs99RQhKtqGlsnsO.jpg,6.871,2020-01-09,https://www.themoviedb.org/movie/592834
"Busy Bodies","In this short film, Laurel and Hardy wage battle with inanimate objects, their co-workers, and the laws of physics during a routine work day at a sawmill.",https://image.tmdb.org/t/p/w500/mbMflFt5S2ZJFJXgJCmXYXAziIz.jpg,7.3,1933-10-07,https://www.themoviedb.org/movie/42299
"101 Dalmatians","An evil, high-fashion designer plots to steal Dalmatian puppies in order to make an extravagant fur coat, but instead creates an extravagant mess.",https://image.tmdb.org/t/p/w500/8o2ADoAyG796UwTjwBFjPyBz0yG.jpg,5.937,1996-11-27,https://www.themoviedb.org/movie/11674
Gladiator,"After the death of Emperor Marcus Aurelius, his devious son takes power and demotes Maximus, one of Rome's most capable generals who Marcus preferred. Eventually, Maximus is forced to become a gladiator and battle to the death against other men for the amusement of paying audiences.",https://image.tmdb.org/t/p/w500/ty8TGRuvJLPUmAR1H1nRIsgwvim.jpg,8.22,2000-05-04,https://www.themoviedb.org/movie/98
"Holiday Rush","After his sudden firing, a popular radio DJ moves in with his aunt, bringing along his four spoiled children, and a plan to return to the airwaves.",https://image.tmdb.org/t/p/w500/daQuZ1tC16KmXw9SPpfVqlNxrJi.jpg,5.6,2019-11-28,https://www.themoviedb.org/movie/639609
"Hit Man","A mild-mannered professor moonlighting as a fake hit man in police stings ignites a chain reaction of trouble when he falls for a potential client.",https://image.tmdb.org/t/p/w500/oil3EZwKFp3CWxZnfGfGglesvm9.jpg,6.793,2024-05-16,https://www.themoviedb.org/movie/974635
Awakenings,"Dr. Malcolm Sayer, a shy research physician, uses an experimental drug to ""awaken"" the catatonic victims of a rare disease. Leonard is the first patient to receive the controversial treatment. His awakening, filled with awe and enthusiasm, proves a rebirth for Sayer too, as the exuberant patient reveals life's simple but unutterably sweet pleasures to the introverted doctor.",https://image.tmdb.org/t/p/w500/9gztZXuHLG6AJ0fgqGd7Q43cWRI.jpg,7.774,1990-12-04,https://www.themoviedb.org/movie/11005
Gilda,"A gambler discovers an old flame while in Argentina, but she's married to his new boss.",https://image.tmdb.org/t/p/w500/46eKPjoWEyNBAQKDoXEcDFBcaUw.jpg,7.469,1946-04-25,https://www.themoviedb.org/movie/3767
"She Demons","A couple wash up on an uncharted island where Nazi experiments are going on.",https://image.tmdb.org/t/p/w500/bGKjXNw7dPXqpevlNsMjIHcIXH1.jpg,4.6,1958-01-03,https://www.themoviedb.org/movie/44586
"The Lover","A poor French teenage girl engages in an illicit affair with a wealthy Chinese heir in 1920s Saigon. For the first time in her young life she has control, and she wields it deftly over her besotted lover throughout a series of clandestine meetings and torrid encounters.",https://image.tmdb.org/t/p/w500/lgBGy8QaIFD9jQJWgi837czobEp.jpg,6.997,1992-01-22,https://www.themoviedb.org/movie/10995
"The Eagle","In 140 AD, twenty years after the unexplained disappearance of the entire Ninth Legion in the mountains of Scotland, young centurion Marcus Aquila arrives from Rome to solve the mystery and restore the reputation of his father, the commander of the Ninth. Accompanied only by his British slave Esca, Marcus sets out across Hadrian's Wall into the uncharted highlands of Caledonia - to confront its savage tribes, make peace with his father's memory, and retrieve the lost legion's golden emblem, the Eagle of the Ninth.",https://image.tmdb.org/t/p/w500/e7rcJQWplGZWz57yGlP87rlPmI.jpg,6.246,2011-02-08,https://www.themoviedb.org/movie/49494
"The Dealer","Hard-core villain Danny ""The Dealer"" Dempsey, awakes one morning, in his heavily secured home, to find a letter resting on his pillow. The dealer is totally bewildered how it got there, as there are no signs of an intruder or a break in. The mystery of who the letter is from (and what it contains) is something the dealer will not share, even with his closest friends or his very dear sister Sally.",https://image.tmdb.org/t/p/w500/pG9KzDlG3WlULrjA8Lpr5bz3vym.jpg,0,2006-01-10,https://www.themoviedb.org/movie/1074243
Aferim!,"Set in early 19th century Wallachia, Romania, a policeman, Costandin, is hired by a nobleman to find a Gypsy slave who has run away from his estate after having an affair with his wife.",https://image.tmdb.org/t/p/w500/fQyRszfnlXPFqQSWlqvdDDo42Ze.jpg,7.3,2015-03-06,https://www.themoviedb.org/movie/319993
"The Lion King","Young lion prince Simba, eager to one day become king of the Pride Lands, grows up under the watchful eye of his father Mufasa; all the while his villainous uncle Scar conspires to take the throne for himself. Amid betrayal and tragedy, Simba must confront his past and find his rightful place in the Circle of Life.",https://image.tmdb.org/t/p/w500/sKCr78MXSLixwmZ8DyJLrpMsd15.jpg,8.256,1994-06-15,https://www.themoviedb.org/movie/8587
"The Sword of Doom","Ryunosuke, a gifted swordsman plying his trade during the turbulent final days of Shogunate rule, has no moral code and kills without remorse. It’s a way of life that leads to madness.",https://image.tmdb.org/t/p/w500/yjHbIihqpuAXlZVoPbWdqaukllB.jpg,7.723,1966-02-25,https://www.themoviedb.org/movie/19884
"The Temp","A series of mysterious accidents at a food company lead a manager to suspect his impressive new temporary secretary.",https://image.tmdb.org/t/p/w500/87h7OsuTWZURTZ1oSNfLl8bqfbO.jpg,4.685,1993-02-12,https://www.themoviedb.org/movie/17168
"Descendants 2","When the pressure to be royal becomes too much for Mal, she returns to the Isle of the Lost where her archenemy Uma, Ursula's daughter, has taken her spot as self-proclaimed queen.",https://image.tmdb.org/t/p/w500/qoNlGfQmFZ37Gf5fRBaCTLlOZtx.jpg,7.343,2017-07-21,https://www.themoviedb.org/movie/417320
"Easter Yeggs","Bugs gets roped into delivering the Easter Rabbit's eggs for him.",https://image.tmdb.org/t/p/w500/18noK73D7RrvqeHw6gOHVNtOkqw.jpg,6.5,1947-06-28,https://www.themoviedb.org/movie/122084
Olivia,"Nightmares of the past haunt the beautiful, mysterious Olivia, a London resident who begins a passionate affair with American businessman Mike. Trapped in a loveless marriage and traumatized by memories of her mother's brutal murder, Olivia hopes her lover will offer a chance at a new life. However, ghostly voices and brutal murders ignite a fiendish, twist-filled story of double identities, deception, and erotic terror.",https://image.tmdb.org/t/p/w500/1CXHkW4ugxo18vlCGIuNVK7mGsU.jpg,5.107,1983-03-01,https://www.themoviedb.org/movie/224626
Aufzug,"The story is set some time in the past, or maybe some time in the future. Given a time-frame, we would say somewhere between the American moonwalk, and Coca- Cola's serious ambition to turn the moon into an advertising logo. Our central character, the young lift operator, is formed by experience into cynicism, detachment, and apathy. The story builds to its crescendo: of public outrage and state crackdown; the banality of commercial interest and the monumental rape of nature. Set in a large newspaper office, the Lift is a place of relative safety. But floor by floor, with each passenger in his or her tableau, the atmosphere of mayhem seeps in. Finally our young character leaves the situation, far-gone in hopelessness and disinterest.",https://image.tmdb.org/t/p/w500/6Js91MFnkgMDmQZIo2GaaNE0391.jpg,8,2012-02-07,https://www.themoviedb.org/movie/681343
"The Way","When his son dies while hiking the famed Camino de Santiago pilgrimage route in the Pyrenees, Tom flies to France to claim the remains. Looking for insights into his estranged child’s life, he decides to complete the 500-mile mountain trek to Spain. Tom soon joins up with other travelers and realizes they’re all searching for something.",https://image.tmdb.org/t/p/w500/uaRfG7n92IiuYcKLl7LJo2gr6qO.jpg,7.119,2010-09-10,https://www.themoviedb.org/movie/59468
"The Squeeze","Harry Berg is both a con artist and an actual artist -- he constructs large sculptures out of television sets -- but he is not particularly successful in either role. He owes some money, which gets him involved with Rachel Dobs, a police detective who works with a collection agency. When Harry comes into possession of a strange parcel, both the con man and the detective find themselves wrapped up in a sinister corporate plot to fix the lottery.",https://image.tmdb.org/t/p/w500/sJEuDQ64KTXQhxfwGltZrhHBfJP.jpg,4.9,1987-07-10,https://www.themoviedb.org/movie/109161
"The Duellists","In 1800, as Napoleon Bonaparte rises to power in France, a rivalry erupts between Armand and Gabriel, two lieutenants in the French Army, over a perceived insult. For over a decade, they engage in a series of duels amidst larger conflicts, including the failed French invasion of Russia in 1812, and shifts in the political and social systems of Europe.",https://image.tmdb.org/t/p/w500/s9sPhcfD4LtrIGwix11bKtl9VLR.jpg,7.2,1977-08-31,https://www.themoviedb.org/movie/19067
"Borrowed Finery","Dress model Sheila Conroy loses her job after ruining a gown she borrowed from her employer. Harlan, a criminal posing as a government agent, offers Sheila work as his assistant. She accepts for the sake of her brother-in-law, Billy, who embezzled money from his firm and is in danger of discovery. Her assignment is to obtain the necessary ""evidence"" on Mrs. Bordon, a wealthy widow who smuggled a valuable jewel into the country. Channing Maynard, a real government agent, reveals the truth to Sheila, and after they bring Harlan to justice, Channing takes Sheila for his bride.",https://image.tmdb.org/t/p/w500,0,1925-10-01,https://www.themoviedb.org/movie/1360365
"En plein dans le mille","Octave Laburette only makes blunders in his job with a backroom worker. He buys ten thousand shares of the Compagnie Générale des Cacahuètes, when the client wanted to sell them. His boss registers them on his own account: Octave then owes the agency sixty thousand francs and his wife informs him that she is joining her lover.",https://image.tmdb.org/t/p/w500/vGcgreikpNmAT3JgDJ7iq8fDR1g.jpg,0,1933-06-23,https://www.themoviedb.org/movie/557396
"Dark Tide","A traumatized shark expert must battle her own fears to lead a thrill-seeking businessman on a dive into a dangerous section of water known as ""Shark Alley.""",https://image.tmdb.org/t/p/w500/gx56ZanaWd4pG930Z44eDLvnQ8N.jpg,4.769,2012-03-28,https://www.themoviedb.org/movie/59963
"Theatre Royal","The Theatre Royal is a struggling London venue battling to keep its doors open. When the bank threatens to close it, the workers fear that they will soon be forced out of their jobs. The Royal's property master, Bob Parker (Bud Flanagan), recruits the rest of the staff to stage a benefit gala. They hope their show, featuring songs and dances, can raise enough cash to stave off the end. Meanwhile, they seek investors who can keep the Theatre Royal and its staff in business permanently.",https://image.tmdb.org/t/p/w500/fCMNoPNbKPu4LRm8nAwiW9YzBzX.jpg,3.5,1943-07-26,https://www.themoviedb.org/movie/453286
"Snow White","Following the benevolent King's disappearance, the Evil Queen dominated the once fair land with a cruel streak. Princess Snow White flees the castle when the Queen, in her jealousy over Snow White's inner beauty, tries to kill her. Deep into the dark woods, she stumbles upon seven magical dwarves and a young bandit named Jonathan. Together, they strive to survive the Queen's relentless pursuit and aspire to take back the kingdom.",https://image.tmdb.org/t/p/w500/xWWg47tTfparvjK0WJNX4xL8lW2.jpg,4.298,2025-03-19,https://www.themoviedb.org/movie/447273
Exhuma,"After tracing the origin of a disturbing supernatural affliction to a wealthy family's ancestral gravesite, a team of paranormal experts relocates the remains—and soon discovers what happens to those who dare to mess with the wrong grave.",https://image.tmdb.org/t/p/w500/6dasJ58GGFcC62H9KuukAryltUp.jpg,7.541,2024-02-22,https://www.themoviedb.org/movie/838209
"I, Philip","A Virtual Reality Movie - In early 2005, David Hanson, an American robotics, is developing its first android human. His name is Phil and it is simply the copy of the famous science fiction author Philip K. Dick. In a few weeks Phil became famous on the Web and in the author's fan circles. It is presented in several conferences around the world. In late 2005, the head of the android disappeared during a flight America West Airlines between Dallas and Las Vegas. Through the memories of the android and those of the author, the film offers an interpretation of Phil's life.",https://image.tmdb.org/t/p/w500/a0zqFDxWJvRfwJFPakazbtqLHJP.jpg,0,2016-02-01,https://www.themoviedb.org/movie/1227873
Hairspray,"'Pleasantly plump' teenager Tracy Turnblad achieves her dream of becoming a regular on the Corny Collins Dance Show. Now a teen hero, she starts using her fame to speak out for the causes she believes in, most of all integration. In doing so, she earns the wrath of the show's former star, Amber Von Tussle, as well as Amber's manipulative, pro-segregation parents. The rivalry comes to a head as Amber and Tracy vie for the title of Miss Auto Show 1963.",https://image.tmdb.org/t/p/w500/n78VVWG1jsEpMCtcye13wy1RiAx.jpg,6.8,1988-02-26,https://www.themoviedb.org/movie/11054
R100,"Ruthless dominatrixes pursue a mild-mannered salesman who wants to get out of his unbreakable contract with a secret bondage club.",https://image.tmdb.org/t/p/w500/qFdPIMXSBraNyMWwrWvYtJ9fT8g.jpg,5.721,2013-10-05,https://www.themoviedb.org/movie/193722
"The Wolves","Left quad. Right quad. Lunge. A girls indoor soccer team warms up. From the safety of their suburban stretch circle, the team navigates big questions and wages tiny battles with all the vim and vigor of a pack of adolescent warriors. The Wolves is a portrait of life, liberty, and the pursuit of happiness for nine American girls who just want to score some goals.",https://image.tmdb.org/t/p/w500/fzZ8JbGHfx13kkioYPc1oXqqJ3F.jpg,0,2021-07-22,https://www.themoviedb.org/movie/807367
"The Candidate","The story of the film The Candidate takes place during two months of campaigning before a non-specific presidential election in one specific country. The author of the diary entries has no idea for whom he is recording the eavesdropping and enthusiasm for an interesting job in which he follows a bishop, a crazy owner of an advertising agency and a bland presidential candidate with the eloquent name Peter Potôň and an even sweeter-sounding family history, soon give way to disgust and confusion. His diary becomes a file with transcripts of conversations, information about characters and characters, emails, scraps from psychiatric medical records and pictures, which he scribbles at first out of boredom, later because words and rational explanations are no longer enough. The candidate is a political farce, a sad-funny depiction of what happened, is happening, and could very easily happen in this small country.",https://image.tmdb.org/t/p/w500/w7ovuhR2BZhvxiOV8mDorRMshAG.jpg,6.6,2013-10-10,https://www.themoviedb.org/movie/268898
"Closed Circuit","A high-profile terrorism case unexpectedly binds together two ex-lovers on the defense team - testing the limits of their loyalties and placing their lives in jeopardy.",https://image.tmdb.org/t/p/w500/keW2sLB9yJbdkRy9yHQjqUjmzbB.jpg,5.911,2013-08-28,https://www.themoviedb.org/movie/146223
"Extra Ordinary","A driving instructor must use her other-worldly gifts to save a lonely man’s daughter from a rock star looking to use her for Satanic purposes.",https://image.tmdb.org/t/p/w500/z3IRiGKXx2eMhxtV8GktKwvWkhm.jpg,6.444,2019-09-13,https://www.themoviedb.org/movie/538227
"Moving Target","A teenage musician goes on the run from killers and the police when he returns home to find his home empty and his family gone.",https://image.tmdb.org/t/p/w500/hJ4ag21dBZcNRWEdOMVLokBlrha.jpg,6.028,1988-02-08,https://www.themoviedb.org/movie/77625
"Experiment Perilous","In 1903, Doctor Huntington Bailey meets a friendly older lady during a train trip. She tells him that she is going to visit her brother Nick and his lovely young wife Allida. Once in New York, Bailey hears that his train companion suddenly died. Shortly afterward, he meets the strange couple and gets suspicious of Nick's treatment of his wife.",https://image.tmdb.org/t/p/w500/ERezpLYUc1SEKP3wGYixUAPhUh.jpg,5.6,1944-12-18,https://www.themoviedb.org/movie/30574
"Experiment Perilous","In 1903, Doctor Huntington Bailey meets a friendly older lady during a train trip. She tells him that she is going to visit her brother Nick and his lovely young wife Allida. Once in New York, Bailey hears that his train companion suddenly died. Shortly afterward, he meets the strange couple and gets suspicious of Nick's treatment of his wife.",https://image.tmdb.org/t/p/w500/ERezpLYUc1SEKP3wGYixUAPhUh.jpg,5.6,1944-12-18,https://www.themoviedb.org/movie/30574
"The Whirled","Ken Jacobs writes: ""The first two sections were shot around Jack's loft on Reade Street on two 100' 16 mm rolls. Sunday morning, following Saturday's sacrifice, I saw there was another 50 feet left. In an impromptu way, very different from my initial fastidious art-film approach, I quickly filmed Jack on the roof alongside his loft. The results had us falling onto the floor and I would never be an art-film true-believer again. After years of shooting my raging epic STAR SPANGLED TO DEATH starring Jack as The Spirit Not of Life But of Living, and after a few months of being on the outs with each other, we got together -- summer of '61 in Provincetown -- for one last stab at friendship and the making of a film. In 1963, a snatch of Saturday Afternoon Blood Sacrifice was shown on TV. I had somehow been invited to participate in a TV quiz program called Back Your Hunch. (Or was it Hunch Your Back?)""",https://image.tmdb.org/t/p/w500/lKMEjIBynuWU2NfMal1oJTiNCXO.jpg,0,1961-02-15,https://www.themoviedb.org/movie/481235
"Skateboard Party","Skateboard Party is a collection of skate footage from the 2004 Red Dragons (RDS) skate tour, making up the second skateboarding video from RDS. It's a mix of awesome skate clips and partying. It opens with Tom Green trashing a mirrored closet door and they guys smack him around over it. I didn't know he still had a career... interesting. Aboard two boats the team go to an island, with a lot of beer, to celebrate the finish of their 2004 tour.",https://image.tmdb.org/t/p/w500/8Yhchgbwoo6J7wMAsGsNNvft0vu.jpg,0,2005-09-07,https://www.themoviedb.org/movie/931062
"Class Dismissed","It's official; class is back! Riots on the street, old-Etonians in government, a workforce on strike, ""Downton Abbey"", ""The King's Speech"", the royal wedding and vajazzling. In this one-off special, Frank Skinner is joined by comedians Micky Flanagan, Roisin Conaty and Miles Jupp to assess whether class is still relevant in the 21st century. Probing analysis meets comedy chat, as our comics become intrepid reporters, examining the subject through their own unorthodox reports.",https://image.tmdb.org/t/p/w500,0,2011-12-14,https://www.themoviedb.org/movie/505044
"King Richard","The story of how Richard Williams served as a coach to his daughters Venus and Serena, who will soon become two of the most legendary tennis players in history.",https://image.tmdb.org/t/p/w500/2dfujXrxePtYJPiPHj1HkAFQvpu.jpg,7.617,2021-11-18,https://www.themoviedb.org/movie/614917
"American Yakuza","When Nick Davis leaves prison after one year in solitairy, he is hired to operate a forklift in a warehouse in the harbor owned by the Japanese Yakuza patriarch Isshin Tendo. The place is assaulted by the Italian Mafia lead by Dino Campanela and Nick rescues and saves the life of Shuji Sawamoto, who is the representative of Yakuza interests in America. Shuji hires Nick to work for Yakuza and becomes his godfather in the family after his oath to join Yakuza. However, Nick is a lonely FBI undercover agent assigned to penetrate the criminal organization. When the FBI discovers that Campanela is organizing a massive attack to destroy the Yakuza, Nick's boss Littman calls off the operation to leave the dirty work to the Italian Mafia. But the connection of Nick with Shuji and his goddaughter Yuko forces him to help his Japanese family.",https://image.tmdb.org/t/p/w500/LDMQeNTasGcQKRahLMJEtB8E3V.jpg,5.588,1993-12-22,https://www.themoviedb.org/movie/36909
"Monsters 103 Mercies Dragon Damnation","A samurai's path leads him to a young waitress whose hometown was destroyed by a dragon. He doesn't want any trouble — but it finds them anyway.",https://image.tmdb.org/t/p/w500/yG8QKnaiz7JoIMh3oxdm0JJN6IG.jpg,7.138,2024-01-21,https://www.themoviedb.org/movie/1230393
"Duck Soup","Rufus T. Firefly is named president/dictator of bankrupt Freedonia and declares war on neighboring Sylvania over the love of wealthy Mrs. Teasdale.",https://image.tmdb.org/t/p/w500/31t63plEGKHhYuuCpC9bFWO9SBS.jpg,7.3,1933-11-12,https://www.themoviedb.org/movie/3063
"Finding Faith","The Garretts are the envy of most families in their small town. But when their 14-year-old daughter falls victim to a skillful online predator, the family's strength is tested as they search with Sherriff Brown and the Internet Crimes Against Children task force to find their missing child.",https://image.tmdb.org/t/p/w500/jzZMtGktGqC2z9jjHiQTpMZkVa7.jpg,6.8,2013-01-15,https://www.themoviedb.org/movie/255168
"Sherlock Holmes","Sherlock Holmes and Watson are on the trail of a criminal and scientific mastermind who seems to control monsters and creations which defy belief.",https://image.tmdb.org/t/p/w500/wsJkEzktZV83DXlQItsO1ooGGq0.jpg,5.144,2010-01-26,https://www.themoviedb.org/movie/33555
"Long Weekend","Peter and Carla, a couple whose marriage is faltering, decide to go on a camping weekend. When they become lost, the pair sets up camp on a remote beach that doesn't seem to be on any map. At first the trip is the romantic getaway they imagined – then slowly things begin to go wrong. After Peter disrespects the unspoiled habitat, it seems as if the surroundings are exacting revenge on the couple, as insects, animals, and then nature itself become the enemy.",https://image.tmdb.org/t/p/w500/szfiY3ycr0SBAjb81og8tIzKgGj.jpg,5.132,2009-08-14,https://www.themoviedb.org/movie/20323
"High Society","With socialite Tracy Lord about to remarry, her ex-husband - with the help of a sympathetic reporter - has 48 hours to convince her that she really still loves him.",https://image.tmdb.org/t/p/w500/4H224rVxChPrYVvR3E0VPV8zdlO.jpg,6.85,1956-07-17,https://www.themoviedb.org/movie/11424
Trapped,"When their daughter is abducted by experienced kidnappers, the Jennings turn the tables on their seemingly fool-proof plan.",https://image.tmdb.org/t/p/w500/4sujD0KP5O90TXAWrTjqDPBTnfQ.jpg,6.162,2002-09-20,https://www.themoviedb.org/movie/9039
"Avalon High","Elaine ""Ellie"" Harrison has just moved from Minnesota to Annapolis, Maryland while her parents take a year-long sabbatical to continue their medieval studies in nearby Washington D.C. Her new high school, Avalon High, seems like a typical high school with the stereotypical students: Lance the jock, Jennifer the cheerleader, Marco, the bad boy/desperado, and Will, the senior class president, quarterback, and all around good guy. But not everyone at Avalon High is who they appear to be, not even Ellie herself. Eventually, it becomes apparent that Avalon High is a situation where the ancient Arthurian legend is repeating itself.",https://image.tmdb.org/t/p/w500/A0VRhkL3l7YWHH4FTWMCki55rfx.jpg,6.173,2011-01-28,https://www.themoviedb.org/movie/50479
"A Family","Vincent was born near Paris, but has cut off every link with his roots. Maria, fifteen years younger, grew up in Ostia, but no longer sees her family. Together they form a couple that does not seem to need anyone. They lead a secluded life in contemporary Rome, indolent and distracted. Furthermore, Vincent and Maria are good at blending in with their environment. When they return home, they make love with the passion of young lovers in a suburban apartment that she has carefully furnished. Yet, on closer inspection, their everyday life betrays what lies behind their seemingly normal appearance: a project carried out by him with a clear determination and accepted by her only by virtue of unconditional love. A plan to help couples who cannot have children. Maria decides that it is time to create a real family. This choice has an inevitable consequence: the rebellion against Vincent, the man of her life.",https://image.tmdb.org/t/p/w500/94S1RcilGRqlYQoYMaHnkcf2Hrg.jpg,5.8,2017-09-28,https://www.themoviedb.org/movie/460060
"Frances Ha","An aspiring dancer moves to New York City and becomes caught up in a whirlwind of flighty fair-weather friends, diminishing fortunes and career setbacks.",https://image.tmdb.org/t/p/w500/jrq1NoKvsxWCcffVOjegiYwloFN.jpg,7.3,2013-05-17,https://www.themoviedb.org/movie/121986
Sleepwalkers,"Charles Brady and his mother, Mary, are the last of a dying breed whose needs are not of this world.  They are Sleepwalkers - able to stay alive only by feeding on the life-force of the innocent, but destined to roam the earth, avoiding discovery while searching for their next victim.  That search takes them to the sleepy little town of Travis, Indiana, where beautiful teenager Tanya Robertson is about to become an unwilling pawn in their nightmarish fight for survival.",https://image.tmdb.org/t/p/w500/iiwplv5pET2HgMog6otunohIiSr.jpg,6,1992-04-10,https://www.themoviedb.org/movie/11428
"Campfire Stories","Two teens on their way to a backwoods party come across a beautiful young woman having car trouble. Their search for help only gets them lost, deep in the woods, where they meet Forest Ranger Bill with a penchant for scary stories. The campfire flickers long into the night as the ranger uses words to weave his tapestry of terror, filling their young minds with a host of horrific images that will be burned into your consciousness long after the fire's last embers have gone out. Insane doctors, Indian ghosts, bad drugs, a deranged handyman with shiny new shears - all that and more awaits anyone brave enough to stay until sunrise... if you live that long! - Written by Schleppy",https://image.tmdb.org/t/p/w500/iZ9lSMpdA82hn1MiIGKC6J9syUN.jpg,2.3,2001-10-01,https://www.themoviedb.org/movie/57950
Nosferatu,"A gothic tale of obsession between a haunted young woman and the terrifying vampire infatuated with her, causing untold horror in its wake.",https://image.tmdb.org/t/p/w500/5qGIxdEO841C0tdY8vOdLoRVrr0.jpg,6.697,2024-12-25,https://www.themoviedb.org/movie/426063
"Head Space","Spectacle is proud to present HEAD SPACE, a showcase of animated works exploring dimensions both interior and outlying. Featuring an extremely talented and creative group working in a diverse array of styles, the shorts wander through strange and sometimes sketchy landscapes, including alternate-universe appliance stores, the ramblings of Charles Manson, environmental catastrophes in the Dutch style of painting, and a houseplant’s musings. Some, like Sally Cruikshank’s Make Me Psychic, are established classics; others feature newer animators working in looping GIF format, presented away from the small screen’s momentary pleasures to fully appreciate the art that it is. Occasionally gross, often beautiful, and always interesting, HEAD SPACE is a sampler of the thoughts happening inside and out of each frame.",https://image.tmdb.org/t/p/w500,0,2015-05-09,https://www.themoviedb.org/movie/376769
"The Ring","Rachel Keller is a journalist investigating a videotape that may have killed four teenagers. There is an urban legend about this tape: the viewer will die seven days after watching it. Rachel tracks down the video... and watches it. Now she has just seven days to unravel the mystery of the Ring so she can save herself and her son.",https://image.tmdb.org/t/p/w500/AeRpUynJKDpJveklBJipOYrVxCS.jpg,6.69,2002-10-18,https://www.themoviedb.org/movie/565
Shera,"Jai is a peaceful man and doesn't partake in violence. However, when the drug mafia kills his sister, he is left with no choice but to defend himself and his family.",https://image.tmdb.org/t/p/w500/qI6TKB6u8g0ZbncKGIaRtxAQzUH.jpg,0,1999-01-01,https://www.themoviedb.org/movie/499247
Mirage,"In New York City, David Stillwell struggles to recover his memory before the people who are trying to kill him succeed. Who is he, who are they, and why is he surrounded by murder?",https://image.tmdb.org/t/p/w500/dMDgPPaBvyed07YZOV98ge2igLL.jpg,7,1965-10-29,https://www.themoviedb.org/movie/19661
Prey,"After being put on a supposedly uninhabited island as a form of behavioral rehabilitation, a high school senior finds that he's not alone on the island, and that getting discovered could be deadly.",https://image.tmdb.org/t/p/w500/13Wsjb9tnvwSZP6kllLxphiWZWh.jpg,4.696,2019-07-18,https://www.themoviedb.org/movie/401410
"Operation 67","The silver masked Santo tries to stop a gang of counterfeiters who conspire to ruin the economy.",https://image.tmdb.org/t/p/w500/aUET6sT1PaNaXuoXv5Z6oE3IgGH.jpg,6.3,1967-11-16,https://www.themoviedb.org/movie/276177
"County Court","An absurdist court drama where a mother and a father, ex-spouses, fight over the custody of their 5-year old son. However, the whole process takes place in the middle of a grain field instead of the classic court room. On that field the courtroom has no boundaries much like the mother and father whose actual goal is to exact vengeance on each other with no regard to the means used, forgetting their child entirely.",https://image.tmdb.org/t/p/w500/2NizFQqZd7lG4Qh2WB9TAEeSkXe.jpg,0,2021-11-12,https://www.themoviedb.org/movie/887025
"LA Apocalypse","For 5 billion years the Earth's core has operated like a giant, nuclear reactor. Now it's overheated, melting down like a bomb that's about to explode. The earth is being ripped apart at the seams and beneath LA, pressure is building. After a mass evacuation, Calvin Crawford is one of few left, desperately searching for his fiancée, Ashley Pace, who unbeknownst to him, has been kidnapped and is being held hostage. With LA becoming more unstable by the minute, Calvin, must find a way to save Ashley and get them both to safety before the city is completely annihilated.",https://image.tmdb.org/t/p/w500/6hC3Yw7hu7G87HY0avTGQyKboLT.jpg,4.514,2014-06-20,https://www.themoviedb.org/movie/321662
"Neon Genesis Evangelion: The End of Evangelion","SEELE orders an all-out attack on NERV, aiming to destroy the Evas before Gendo can advance his own plans for the Human Instrumentality Project. Shinji is pushed to the limits of his sanity as he is forced to decide the fate of humanity.",https://image.tmdb.org/t/p/w500/j6G24dqI4WgUtChhWjfnI4lnmiK.jpg,8.3,1997-07-19,https://www.themoviedb.org/movie/18491
"The Maze Runner","A teenager with no memory of his past finds himself among a group of boys living in a walled enclosure surrounded by a massive, ever-changing maze. As he struggles to adapt to their rules and society, he begins to uncover clues that may lead to escape and the truth behind their confinement.",https://image.tmdb.org/t/p/w500/ode14q7WtDugFDp78fo9lCsmay9.jpg,7.192,2014-09-10,https://www.themoviedb.org/movie/198663
"Critically Acclaimed","""Critically Acclaimed"" is a movie featuring the world's greatest surfers. Two years in the making and a trip around the world Critically Acclaimed brings the most exotic surf locations and exciting surfers into your living room. Featuring exclusive free surfing sections of Joel Parkinson, Mick Fanning, Dane Reynolds, Geoff Brack, Dean Morrison, Jamie O'Brien, Chris Ward, Bruce Irons, Andy Irons, Tim Curran, Kelly Slater. Filmed on Location in Tahiti, Australia, France, Hawaii, California, East Coast",https://image.tmdb.org/t/p/w500/djO46r10LsoYqU5kFMXzjjX8ViB.jpg,0,2006-01-01,https://www.themoviedb.org/movie/1047130
"Everything, Everything","A teenager who's lived a sheltered life because she's allergic to everything, falls for the boy who moves in next door.",https://image.tmdb.org/t/p/w500/gukkmf3W5Cev7winxBa8FHvKLql.jpg,7.242,2017-05-18,https://www.themoviedb.org/movie/417678
Excision,"An outcast teenager, Pauline, practices surgical skills and harbors increasingly violent psychosexual fantasies.",https://image.tmdb.org/t/p/w500/3aLgB6FTQlNanER0RpckbKdwyh9.jpg,6.219,2012-09-12,https://www.themoviedb.org/movie/84194
"Carnival Nights","Jack Benny presents a variety hour with a carnival theme that stars Lucille Ball, Johnny Carson, Ben Blue, and Paul Revere and The Raiders. Cameos by The Smothers Brothers (as Joe-Joe, the two-headed boy), George Burns (as Martine, the Bearded Lady), and Dean Martin (as Rip Van Rinkle, the sleeping man). Songs include Lucille Ball singing ""It's So Nice To Have a Man Around the House"" and ""Cleo"" (to the tune of ""Mame""), ""Too Much Talk"" and ""Him or Me"" sung by Paul Revere and The Raiders.",https://image.tmdb.org/t/p/w500/vqpHzMqL6An9Fn2uYg0C01ExgnL.jpg,0,1968-03-20,https://www.themoviedb.org/movie/1188337
"His Bogus Uncle","A scheming suitor ends up losing his girl to a rival even after he receives an inheritance.",https://image.tmdb.org/t/p/w500/zewgMbCoDLzlr5mTAbtakJoYsw9.jpg,0,1911-01-30,https://www.themoviedb.org/movie/762297
"Arabian Nights","Two half brothers battle each other for the power of the throne and the love of sensual, gorgeous dancing girl Scheherazade.",https://image.tmdb.org/t/p/w500/w5ZurZi5LEyY9sGsl5iKzaCyEeC.jpg,6,1942-12-25,https://www.themoviedb.org/movie/60488
"Dead Men","Jesse Struthers and his brother Jake find themselves on the run after a band of men begin murdering their family.",https://image.tmdb.org/t/p/w500/u1lXnVFMAX1XBfINN9BFVAXK5V9.jpg,4.9,2018-01-02,https://www.themoviedb.org/movie/500321
"Madras Cafe","An Indian intelligence agent journeys to a war-torn coastal island to break a resolute rebel group and meets a passionate journalist.",https://image.tmdb.org/t/p/w500/3cfFqEuj2ynHUb0FTBThTh0gQB9.jpg,6.574,2013-08-23,https://www.themoviedb.org/movie/215776
"Fly Me Away","Thomas, a blasé young man, spends his nights in clubs and his days in bed. Until his father, Dr. Reinhard, fed up with his son’s escapades, cuts him off completely and forces him to take care of one of his young patients. Mar- cus, 12, was born with a serious congenital disorder. He lives with his mother in the poor suburbs of Paris and spends his days either at the hospital or in a center for sick children. This encounter will disrupt their lives and change them both, profoundly and forever.",https://image.tmdb.org/t/p/w500/i5brVH61okbGfeQntpvMu3Vgha2.jpg,6.717,2021-05-19,https://www.themoviedb.org/movie/783558
"Mr. and Mrs. Iyer","A bus is setting out to Calcutta from a village in West Bengal. Meenakshi Iyer, who is from a strict orthodox Hindu background, is leaving to Chennai for her husband, with her young child, after the vacation with her parents. By chance, she gets a co-passenger who is also to Chennai, Rajah, a photographer, introduced by one of the friends of her father. During the journey they build a good relationship. But a Hindu-Muslim communal riot sets out in the meantime, in some areas they had to travel. Then she comes to face the fact that Rajah is not a Hindu but a Muslim whose real name is Jehangir. Even though she curses herself at that time while some Hindu fanatics evade their bus she saves him introducing as Mr. Iyer. But they have to reach their destination while the other passengers know Rajah as no one else but Mr. Iyer.",https://image.tmdb.org/t/p/w500/ge3B43rnPktTcFAHZ2wF7Dsonhj.jpg,6.7,2002-07-19,https://www.themoviedb.org/movie/41184
Next,"Las Vegas showroom magician Cris Johnson has a secret which torments him: he can see a few minutes into the future. Sick of the examinations he underwent as a child and the interest of the government and medical establishment in his power, he lies low under an assumed name in Vegas, performing cheap tricks and living off small-time gambling ""winnings."" But when a terrorist group threatens to detonate a nuclear device in Los Angeles, government agent Callie Ferris must use all her wiles to capture Cris and convince him to help her stop the cataclysm.",https://image.tmdb.org/t/p/w500/wtBOCJBCP0MWNjmBwjMAzbwgtTK.jpg,6.116,2007-04-25,https://www.themoviedb.org/movie/1738
Rustin,"Activist Bayard Rustin faces racism and homophobia as he helps change the course of Civil Rights history by orchestrating the 1963 March on Washington.",https://image.tmdb.org/t/p/w500/lCawCmTJhKT7c2ZOzLBTXDIR8JS.jpg,6.551,2023-11-03,https://www.themoviedb.org/movie/898713
"The Accused","Simone is the owner of a strip club. She believes that her new hostess, Sharon has been stealing from her. So she lures the unsuspecting girl to her place under false pretenses. Simone convinces Sharon that she needs her to be her new magician's assistant for a charity event. But what Sharon doesn't know is that it's all a ruse to get the girl tied up and helpless. But a twist will have Simone sorry she ever kidnapped the girl!",https://image.tmdb.org/t/p/w500/u6JOf3UMYjZ6XnYw7Z4ObP9IAHW.jpg,0,2007-01-01,https://www.themoviedb.org/movie/1405604
Gunslingers,"When the most wanted man in America surfaces in a small Kentucky town, his violent history -- and a blood-thirsty mob seeking vengeance and a king’s ransom -- soon follow. As brothers face off against one another and bullets tear the town to shreds, this lightning-fast gunslinger makes his enemies pay the ultimate price for their greed.",https://image.tmdb.org/t/p/w500/O7REXWPANWXvX2jhQydHjAq2DV.jpg,6.4,2025-04-11,https://www.themoviedb.org/movie/1293286
"Star Wars","Princess Leia is captured and held hostage by the evil Imperial forces in their effort to take over the galactic Empire. Venturesome Luke Skywalker and dashing captain Han Solo team together with the loveable robot duo R2-D2 and C-3PO to rescue the beautiful princess and restore peace and justice in the Empire.",https://image.tmdb.org/t/p/w500/6FfCtAuVAW8XJjZ7eWeLibRLWTw.jpg,8.204,1977-05-25,https://www.themoviedb.org/movie/11
Phenomenon,"An ordinary man sees a bright light descend from the sky, and discovers he now has super-intelligence and telekinesis.",https://image.tmdb.org/t/p/w500/roUYK9EXmgyDO48Qje7rZI4Qgav.jpg,6.471,1996-07-05,https://www.themoviedb.org/movie/9294
"American Siege","An ex-NYPD officer-turned-sheriff of a small rural Georgia town has to contend with a gang of thieves who have taken a wealthy doctor hostage.",https://image.tmdb.org/t/p/w500/daeVrgyj0ue8qb3AHyU3UeCwoZz.jpg,5.389,2022-01-07,https://www.themoviedb.org/movie/766907
Primrose,"A cross-species love affair plays out against the Alaskan wilderness.",https://image.tmdb.org/t/p/w500/6xEyh3BIrwOwA03AQCbSs1AHFqo.jpg,0,2015-03-14,https://www.themoviedb.org/movie/469521
"Tristan & Isolde","An affair between the second in line to Britain's throne and the princess of the feuding Irish spells doom for the young lovers.",https://image.tmdb.org/t/p/w500/r7TpY5hJ4jQGH7c8yzJgBnTwPH6.jpg,6.7,2006-04-07,https://www.themoviedb.org/movie/9044
"Jesse James","After railroad agents forcibly evict the James family from their family farm, Jesse and Frank turn to banditry for revenge.",https://image.tmdb.org/t/p/w500/s85NggId22ntp4pbYwTbtHdalnY.jpg,6.4,1939-01-14,https://www.themoviedb.org/movie/43829
"Running Out","A young woman, unable to handle the stress of raising a family, runs out on her husband and young daughter. 12 years later, she returns in hopes of rekindling a bond with them.",https://image.tmdb.org/t/p/w500/wYQK2u7X2equ5VIYkHbbKZyUetX.jpg,0,1983-01-26,https://www.themoviedb.org/movie/848210
"The ChubbChubbs!","A janitor at an alien night-club gets his wish to be a singer.",https://image.tmdb.org/t/p/w500/1MtQFiKWSlr5D8jUqYtfDVTld6J.jpg,6.8,2002-07-03,https://www.themoviedb.org/movie/27042
Equilibrium,"In a dystopian future, a totalitarian regime maintains peace by subduing the populace with a drug, and displays of emotion are punishable by death. A man in charge of enforcing the law rises to overthrow the system.",https://image.tmdb.org/t/p/w500/eW3YrxOh3rd6PnRgMSftYoflvfe.jpg,7.046,2002-12-06,https://www.themoviedb.org/movie/7299
Helvetica,"Helvetica is a feature-length independent film about typography, graphic design and global visual culture. It looks at the proliferation of one typeface (which will celebrate its 50th birthday in 2007) as part of a larger conversation about the way type affects our lives. The film is an exploration of urban spaces in major cities and the type that inhabits them, and a fluid discussion with renowned designers about their work, the creative process, and the choices and aesthetics behind their use of type.",https://image.tmdb.org/t/p/w500/s47TOnvnwfSnAflQvsBxJbOLnmP.jpg,7.2,2007-09-12,https://www.themoviedb.org/movie/13348
Companion,"During a weekend getaway at a secluded lakeside estate, a group of friends finds themselves entangled in a web of secrets, deception, and advanced technology. As tensions rise and loyalties are tested, they uncover unsettling truths about themselves and the world around them.",https://image.tmdb.org/t/p/w500/oCoTgC3UyWGfyQ9thE10ulWR7bn.jpg,7,2025-01-22,https://www.themoviedb.org/movie/1084199
"Iron Man","After being held captive in an Afghan cave, billionaire engineer Tony Stark creates a unique weaponized suit of armor to fight evil.",https://image.tmdb.org/t/p/w500/78lPtwv72eTNqFW9COBYI0dWDJa.jpg,7.7,2008-04-30,https://www.themoviedb.org/movie/1726
Experimenter,"Yale University, 1961. Stanley Milgram designs a psychology experiment that still resonates to this day, in which people think they’re delivering painful electric shocks to an affable stranger strapped into a chair in another room. Despite his pleads for mercy, the majority of subjects don’t stop the experiment, administering what they think is a near-fatal electric shock, simply because they’ve been told to do so. With Nazi Adolf Eichmann’s trial airing in living rooms across America, Milgram strikes a nerve in popular culture and the scientific community with his exploration into people’s tendency to comply with authority. Celebrated in some circles, he is also accused of being a deceptive, manipulative monster, but his wife Sasha stands by him through it all.",https://image.tmdb.org/t/p/w500/kMTLGbekuHkpw4M8XKdN2d7n2aF.jpg,6.494,2015-10-16,https://www.themoviedb.org/movie/309299
"The Dry","Aaron Falk returns to his drought-stricken hometown to attend a tragic funeral. But his return opens a decades-old wound - the unsolved death of a teenage girl.",https://image.tmdb.org/t/p/w500/zM12bfL2TEqVRXjiQIFUWUMLcCg.jpg,6.82,2021-01-01,https://www.themoviedb.org/movie/567797
"High Voltage","After unknowingly robbing a money laundering operation the heist crew must avoid mobsters.",https://image.tmdb.org/t/p/w500/f26ClqwwDzC1ql6d7PpAbhWj3N7.jpg,5.2,1997-11-01,https://www.themoviedb.org/movie/220428
Vicious,"When Polly receives a mysterious box, it comes with one rule: place inside something she needs, something she hates, and something she loves. If she doesn’t obey, it will consume everything—and everyone—she’s ever known.",https://image.tmdb.org/t/p/w500/dYxrsyUEdFOOq7xzIuvEb1858Sg.jpg,5.965,2025-09-19,https://www.themoviedb.org/movie/1251717
Allonsanfan,"After the 1815 Restoration, an aging revolutionary finds himself reluctantly involved in an attempted insurrection in Southern Italy while growing increasingly disillusioned with his cause.",https://image.tmdb.org/t/p/w500/3tJu2LKI81r7aZRVQ1B3s3qLgds.jpg,6.679,1974-09-06,https://www.themoviedb.org/movie/49125
Beast,"A recently widowed man and his two teenage daughters travel to a game reserve in South Africa. However, their journey of healing soon turns into a fight for survival when a bloodthirsty lion starts to stalk them.",https://image.tmdb.org/t/p/w500/f18rGcLlawKjNC5KRh36S0mvRlY.jpg,6.544,2022-08-11,https://www.themoviedb.org/movie/760741
Catfish,"Nev, a 24-year-old New York-based photographer, has no idea what he's in for when Abby, an eight-year-old girl from rural Michigan, contacts him on Facebook, seeking permission to paint one of his photographs. When he receives her remarkable painting, Nev begins a friendship and correspondence with Abby's family. But things really get interesting when he develops a cyber-romance with Abby's attractive older sister, Megan, a musician and model. Prompted by some startling revelations about Megan, Nev and his buddies embark on a road trip in search of the truth.",https://image.tmdb.org/t/p/w500/mXNxee2ix6Ke0bSIqFST0UhbVLR.jpg,6.819,2010-09-17,https://www.themoviedb.org/movie/42296
"A Swedish Love Story","The puppy love of two teenagers is set against a backdrop of adults struggling with their own lives. As a couple in love, they don't care about anything but themselves and seem totally unaware about everything that surrounds them.",https://image.tmdb.org/t/p/w500/nNp4pLSYolObA4pVWvUW5cbIG1v.jpg,7.013,1970-04-24,https://www.themoviedb.org/movie/31304
"Big Nothing","A frustrated, unemployed teacher joins forces with a scammer and his girlfriend in a blackmailing scheme.",https://image.tmdb.org/t/p/w500/nBqD9k5UECzHRwuc0Gt9SgkI1YN.jpg,6.44,2006-12-01,https://www.themoviedb.org/movie/9843
"The Beauty and the Dumb","Anatole France's The Man Who Married a Dumb Wife has been adapted into three different Hong Kong films in the 1950s alone. These two adaptations stray from the source material considerably in genre, characterisation and plot, turning a farce about married life into localised romantic comedies that emphasise family values.  The Beauty and the Dumb follows the couple from their meet-cute to the misunderstandings they encounter before the inevitable happy ending. The heir of a bank (Huang He) falls in love at first sight with one of the employees' daughter (Li Lihua), but their burgeoning relationship is nearly derailed when the girl's father intervenes to help his dumb daughter land a rich husband.",https://image.tmdb.org/t/p/w500,0,1954-12-18,https://www.themoviedb.org/movie/629108
"Finding ʻOhana","Two Brooklyn siblings' summer in a rural Oahu town takes an exciting turn when a journal pointing to long-lost treasure sets them on an adventure, leading them to reconnect with their Hawaiian heritage.",https://image.tmdb.org/t/p/w500/tTWl37oAYRXS3D5mEHmjveXXyrN.jpg,6.248,2021-01-29,https://www.themoviedb.org/movie/644092
"The In-Laws","Is a party after a canceled wedding a recipe for disaster? It is. And what a disaster it is! Two families differ in everything - origin, status, wallet content, taste. The parents of the groom and bride are initially shocked. What did such a thing happen? Who was at fault? What about the wedding party? Should they welcome the guests? Play music? Pour the vodka? Who will cut the cake? From word to word, polite smiles turn into public washing of dirt. And finally a real bomb goes off... And in the meantime, the wedding party turns into a wild party. And no one is bothered by the absence of the newlyweds.",https://image.tmdb.org/t/p/w500/kl4rfmSqtGshvV99S6K1TKWxHLH.jpg,6.542,2021-09-10,https://www.themoviedb.org/movie/842050
Doghouse,"A group of men, heading to a remote village to help one of their friends get over his divorce, soon discover that all the women have been infected with a virus that makes them man-hating cannibals.",https://image.tmdb.org/t/p/w500/8XBd0TLZRcnSpbeEyoYRxxDCafJ.jpg,5.8,2009-06-11,https://www.themoviedb.org/movie/20606
CODA,"As a CODA (Child of Deaf Adults), Ruby is the only hearing person in her deaf family. When the family's fishing business is threatened, Ruby finds herself torn between pursuing her love of music and her fear of abandoning her parents.",https://image.tmdb.org/t/p/w500/BzVjmm8l23rPsijLiNLUzuQtyd.jpg,7.9,2021-08-13,https://www.themoviedb.org/movie/776503
"JUJUTSU KAISEN: Execution -Shibuya Incident x The Culling Game Begins-","A veil abruptly descends over the busy Shibuya area amid the bustling Halloween crowds, trapping countless civilians inside. Satoru Gojo, the strongest jujutsu sorcerer, steps into the chaos. But lying in wait are curse users and spirits scheming to seal him away. Yuji Itadori, accompanied by his classmates and other top-tier jujutsu sorcerers, enters the fray in an unprecedented clash of curses — the Shibuya Incident. In the aftermath, ten colonies across Japan are transformed into dens of curses in a plan orchestrated by Noritoshi Kamo. As the deadly Culling Game starts, Special Grade sorcerer Yuta Okkotsu is assigned to carry out Yuji's execution for his perceived crimes. A compilation movie of Shibuya Incident including the first two episodes of the Culling Games arc.",https://image.tmdb.org/t/p/w500/tc7RrVW5FGvyO2tsgW6LIN1esHI.jpg,0,2025-11-07,https://www.themoviedb.org/movie/1539104
"In Vino","Its a special night for the Buoitton Family. Charles and Linda, extremely wealthy couple, invite their closest friends and family members to dinner. Before dinner is served Charles raises the glass for a toast to his family and falls face forward on his plate DEAD. Linda confesses that she had poisoned him and she had poisoned everyone in the room to get the money. The guests have one choice: Kill one person among them and take the blame for both murders to get the antidote or - DIE in one hour. What follows is an hysterical exchange between the over stressed members of the group who, in an attempt to establish who should die and who should be the killer, reveal all the skeletons in the closet they have been hiding from each-other for years.",https://image.tmdb.org/t/p/w500/ld8lrK4met4hhGKRUATTAppBsXF.jpg,5.9,2019-11-01,https://www.themoviedb.org/movie/686872
"Tell Me What You Want","After his father's death, Eric Zimmerman travels to Spain to oversee his company's branches. In Madrid, he falls for Judith and engage in an intense, erotic relationship full of exploration. However, Eric fears his secret may end their affair.",https://image.tmdb.org/t/p/w500/k82T5L1utX1G2LhNWeza9nGUKPk.jpg,6.204,2024-11-29,https://www.themoviedb.org/movie/1252309
"The Pickup","A routine cash pickup takes a wild turn when mismatched armored truck drivers Russell and Travis are ambushed by ruthless criminals led by savvy mastermind Zoe.",https://image.tmdb.org/t/p/w500/vFWvWhfAvij8UIngg2Vf6JV95Cr.jpg,6.45,2025-07-27,https://www.themoviedb.org/movie/1106289
Amsterdam,"In the 1930s, three friends—a doctor, a nurse, and an attorney—witness a murder, become suspects themselves and uncover one of the most outrageous plots in American history.",https://image.tmdb.org/t/p/w500/6sJcVzGCwrDCBMV0DU6eRzA2UxM.jpg,6.062,2022-09-27,https://www.themoviedb.org/movie/664469
"La madre","Miguel is a 14-year-old kid about to go back to a centre for minors. His mother, out of work and with an unstable personal life, is incapable of taking care of him. This is why Miguel lives in a state of constant urgency, doing the housework, selling Kleenex or stealing from supermarkets. All this ends when Social Services come for him again, and his mother makes him seek refuge in the house of Bogdan, a Rumanian ex-lover of hers who lives in a nearby town. At the same time, María, the owner of a bar, sympathizes with the boy and gives him the virtually maternal treatment that he does not get in his own home. However, everything is thrust forward when the mother suddenly disappears",https://image.tmdb.org/t/p/w500/sR7yrYPY0zpggsJmR0MGZCsN5Z5.jpg,5.7,2016-10-28,https://www.themoviedb.org/movie/420333
Lovelace,"Story of Linda Lovelace, who is used and abused by the porn industry at the behest of her coercive husband, before taking control of her life.",https://image.tmdb.org/t/p/w500/ibt7chnBsaDbE6ZVwyneuZwYfsC.jpg,6.017,2013-08-08,https://www.themoviedb.org/movie/77805
Lockout,"Set in the near future, Lockout follows a falsely convicted ex-government agent , whose one chance at obtaining freedom lies in the dangerous mission of rescuing the President's daughter from rioting convicts at an outer space maximum security prison.",https://image.tmdb.org/t/p/w500/i5QfNIcg6hc327IWUerea0EczP4.jpg,5.9,2012-04-12,https://www.themoviedb.org/movie/81796
"El padrecito","Young priest Father Sebastián is assigned to a parish in San Jeronimo el Alto, where he is not welcomed by the community, particularly the resident priest Father Damián. The newcomer gradually earns the trust of the people through humor, but firmly captures their hearts by saving the town fiesta by fighting a bull when the hired torero failed to show. Father Sebastián counsels the townspeople, lecturing them on their duties in a modern society. He used the collection plate to redistribute the town's wealth more evenly.",https://image.tmdb.org/t/p/w500/7Te95tnimtKo2pNsmwAzsvhi0Md.jpg,8,1964-09-03,https://www.themoviedb.org/movie/41308
"For a Woman's Sake","A young nobleman arrives at Frederiksborg Castle where a mayor lives with his beautiful daughter. He immediately falls in love with the daughter, who – much to her fiancée's resentment – reciprocates his feelings. Sick with jealousy, the fiancée spies on the new lovers and plans how to get rid of his rival once and for all. (stumfilm.dk)",https://image.tmdb.org/t/p/w500/a1f48TDm9dDG7kgOspY5ScXYZ3y.jpg,0,1907-08-27,https://www.themoviedb.org/movie/747428
Unplugging,"Think a rustic getaway with no cell service, Internet or social media is a romantic way to repair your marriage and sex life? Think again. Meet Dan and Jeanine Dewerson. The only spark in their bedroom is from the wall socket. Their daughter's best friend is her iPad. Dan's not going to take it anymore and plans a quiet, relaxing weekend in a remote mountain town. No kids, no phones, no social media, only clean fresh air and lots of romance. But what starts as the perfect weekend quickly becomes disastrous with unearthly encounters, strong edibles, and cranky odd locals. Without GPS to guide them or social media to stave off their boredom, Dan and Jeanine are forced to reconnect with each other. Can a ""digital detox"" really save their marriage and their sanity?",https://image.tmdb.org/t/p/w500/tFL9lRtVUEmsVcggoag0u4H14mJ.jpg,5,2022-04-22,https://www.themoviedb.org/movie/606237
"Chasing Buddha","In his inspired first film, Chasing Buddha, Amiel Courtin-Wilson (who happens to be Robina’s nephew) provides an intimate portrait of a unique individual whose own search for inner peace helps guide others to transcend their arduous circumstances. An Australian expatriate, ex-Catholic, and ex-leftist radical with a penchant for speeding, espresso coffee, and four letter profanities, Robin Courtin hardly seems a likely candidate for a Buddabist nun.  And yet, since her conversion, Robina has traveled the globe, teaching her very unique brand of Buddhism to an international following of passionate devotees.",https://image.tmdb.org/t/p/w500/hNaZfMKRwVBjDszBkgZP4z8QjK3.jpg,0,2000-09-07,https://www.themoviedb.org/movie/933406
Orlando,"England, 1600. Queen Elizabeth I promises Orlando, a young nobleman obsessed with poetry, that she will grant him land and fortune if he agrees to satisfy a very particular request.",https://image.tmdb.org/t/p/w500/otSCGdKzEeVgbfNl0YslOpRZHgk.jpg,6.89,1992-12-11,https://www.themoviedb.org/movie/9300
"Strike Commando","The sole survivor of a Vietnam mission is ordered by his commanding officer to photograph Soviets.",https://image.tmdb.org/t/p/w500/bwjLhZ781E6tOHPT3TEaAjcUU7e.jpg,4.6,1987-08-26,https://www.themoviedb.org/movie/86251
Tycho,"The year 1601: At the funeral of the eccentric yet brilliant astronomer Tycho Brahe, an illustrious group of mourners congregate to receive their parts of the inheritance. When the Holy ...   »",https://image.tmdb.org/t/p/w500,0,,https://www.themoviedb.org/movie/780022
Gen,"A suicide case is informed to the police from a mental hospital in a rocky district. Two policemen comes to hospital to investigate the case. In the same morning, Dr. Deniz comes to hospital as the new psychiatrist. Because of the heavy rain and landslide the only road and telephone connections that provide access to hospital from the city are damaged.There is no transportation to hospital and none can leave hospital. During three days, three patients are killed wildly in the hospital. Everyone becomes anxious. The police deepen the investigation. A mystical patient attracts attention.",https://image.tmdb.org/t/p/w500/aqSTTHj98cIdAfJWsXkOkke0Xu8.jpg,3.8,2006-04-07,https://www.themoviedb.org/movie/52131
"Becoming Blond","Sebastian works for the lazy combo of frienemies Rosetta (Reno) and Professor Morey (Mink Stole) translating dead romance languages. He lives with his roommate Ida, a cyber-chick agoraphobic nudist who realizes Hippo, a Boy George look-alike she's only ever met online. Ida's Aunt Gertrude, misunderstanding their BFF relationship, wills the house to Ida and her ""husband"" Sebastian. Not actually being married, Ida discovers she could lose her home to Noodles the poodle; her grandmother's dog!!! She decides to seek out the exotic Hippo whom she has only seen in the pictures Meanwhile, Sebastian offers to sacrifice his gayness by marrying Ida.",https://image.tmdb.org/t/p/w500/cF6shPfs1Ty6nR6Q2YcRxASClix.jpg,3.4,2012-10-16,https://www.themoviedb.org/movie/279572
"Phony Boy","Here is a very rare short film from 1937 called Phony Boy with Cass Daly.  There are 3 couples that are dancing Collegiate Shag at the beginning of the short. The couple in the white jacket in the center of the dance floor is John and Ruth Englert the 1937 Harvest Moon Collegiate Shag dance champions.  The couple on the left of the screen is Virginia Hart and William Ledger.  The 3rd couple on the right of the screen is believed to be Joan and Gene Biggins.",https://image.tmdb.org/t/p/w500,0,1937-11-19,https://www.themoviedb.org/movie/512099
Irresistible,"A Democratic political consultant helps a retired Marine colonel run for mayor in a small, conservative Wisconsin town.",https://image.tmdb.org/t/p/w500/hUpYDriYa5YkwwxeafUsowTweBg.jpg,6.038,2020-07-01,https://www.themoviedb.org/movie/595148
Restoration,"An aspiring young physician, Robert Merivel found himself in the service of King Charles II and saves the life of someone close to the King. Merivel joins the King's court and lives the high life provided to someone of his position. Merivel is ordered to marry his King's mistress in order to divert the queens suspicions. He is given one order by the king and that is not to fall in love. The situation worsens when Merivel finds himself in love with his new wife. Eventually, the King finds out and relieves Merivel of his position and wealth. His fall from grace leaves Merivel where he first started. And through his travels and reunions with an old friend, he rediscovers his love for true medicine and what it really means to be a physician.",https://image.tmdb.org/t/p/w500/z1YM3WFZnF2NwHT5IRGYUcvZBSl.jpg,6,1995-12-29,https://www.themoviedb.org/movie/35196
"Celestial Body","When two enemy sides ex-change the captives in the middle of a minefield, a nameless man without identity and memory, subsequently named Jakov, leaves the column unnoticed and wanders around in order to minimize other people's sufferings. On his dangerous journey, he meets a female first-fighter who runs an orphanage, a commander who got back from Foreign legion and runs a defense line from a disco club, and goes through many other adventures only to end up in the endless backwaters of the Neretva river where war threats to arrive.",https://image.tmdb.org/t/p/w500/tbWB2ouDBYBZ9w36PykLw8YJDtg.jpg,3.8,2000-01-01,https://www.themoviedb.org/movie/284157
"Asian Three-Fold Mirror 2018: Journey","This omnibus film consists of three films made by three directors from three countries. With “Journey” as the theme, each of these films tells about a journey. “The Sea” is a film by Degena Yun (China), telling about mother and child’s trip to the sea from Beijing. “Hekishu,” a film by Daishi Matsunaga (Japan), tells about the journey of a Japanese businessman involved in infrastructure development in Yangon. The film depicts the entrepreneur’s emotional feelings in the face of Yangon residents who lost their homes due to the construction of the new infrastructure. The last is a film titled “Variable No. 3” by Edwin (Indonesia), which tells the story of a couple’s journey to Tokyo. There they meet a mysterious man. The man who works as a tour guide and rents out the inn, gives a strange advice to the husband and wife.",https://image.tmdb.org/t/p/w500/k4b6A74qqzciNUSK7IStTaNpkJp.jpg,0,2018-10-26,https://www.themoviedb.org/movie/566163
"Enemy Within","When a Japanese pilot crash-lands on the tiny remote Hawaiian island of Ni'ihau, he is met with courtesy and traditional Hawaiian hospitality from the locals - until they discover he was part of the recent attack on Pearl Harbor.  Soon the community is split between those of Japanese ancestry who support the pilot and those of Hawaiian ancestry who oppose them.",https://image.tmdb.org/t/p/w500/wqO2M2AzQW09PyX8cgaxQIJXEzQ.jpg,3.7,2019-04-19,https://www.themoviedb.org/movie/622764
Generation,"Futuristic prospective series pilot, a distant cousin the 1975 theatrical violent sport movie ""Rollerball,"" revolves around a turn-of-the-millennium family on the Great Eve (the night before the year 2000 begins) planning for a reunion. Son Richard Beymer is an inventor working with prosthetic devices to help young athlete brother Drake Hogestyn perfect his game of combat hockey to maintain his skills as a national hero, and Cristina Raines is a socially conscious doctor who wants nothing to do with their prideful father, Bert Remsen, to the distress of their loving mother, Priscilla Pointer.",https://image.tmdb.org/t/p/w500/nZWhaC43RILv8k7X4diw13HUWmV.jpg,4.5,1985-05-24,https://www.themoviedb.org/movie/293634
Traps,"Working for the first time with sound, I made TRAPS, a film scripted in jail on hearing of an acquaintance’s suicide, and LEAH. Both are “portraits” of alienated young women. TRAPS is harsh in both form and content, with long takes speaking to the camera juxtaposed against long silent sequences as, in an argument by accretion, the grounds for alienation are piled up. Ostensibly a “documentary self-portrait” made by the woman of the film, TRAPS’ seemingly uncohesive segments crystallize only at the last moment when the neutral narrator (and alleged “editor” ) informs the viewer that the woman committed suicide.",https://image.tmdb.org/t/p/w500/ApanSNxT55tWdLS7eYi7HEKppSa.jpg,6,1967-09-01,https://www.themoviedb.org/movie/464187
"When a Man Comes Home","A small provincial town is buzzing with excitement: the town´s most illustrious son, a world-famous opera singer, is coming home. Meanwhile, Sebastian, a kitchen boy who is as good as married, falls head over heels in love with the new maid, Maria. Their love affair, along with rumours that the opera singer and the kitchen boy are related, turns the town upside down, threatening to ruin everyone´s high expectations and the opera singer´s triumphant return.",https://image.tmdb.org/t/p/w500/qGmqIsXsuWWECweqtgRW0Wltn3u.jpg,4.9,2007-09-14,https://www.themoviedb.org/movie/15844
"Scary Movie","A familiar-looking group of teenagers find themselves being stalked by a more-than-vaguely recognizable masked killer! As the victims begin to pile up and the laughs pile on, none of your favorite scary movies escape the razor-sharp satire of this outrageously funny parody!",https://image.tmdb.org/t/p/w500/fVQFPRuw3yWXojYDJvA5EoFjUOY.jpg,6.4,2000-07-07,https://www.themoviedb.org/movie/4247
Cinderella,"Cinderella, an orphaned girl with an evil stepmother, has big dreams and with the help of her Fabulous Godmother, she perseveres to make them come true.",https://image.tmdb.org/t/p/w500/clDFqATL4zcE7LzUwkrVj3zHvk7.jpg,6.3,2021-09-03,https://www.themoviedb.org/movie/593910
"Lucky Break","Half-way through his 12-year prison sentence for an incompetent armed robbery, Jimmy Hands gets a lucky break: he's transferred to a prison from which he can probably escape. He convinces the governor to stage a musical in an old chapel next to the prison's outer wall. He rounds up volunteer actors and puts his escape plan into production. Two other barriers, besides the wall, confront him: the arrival of a nasty inmate, John Toombes, who insists on joining the escape, and Jimmy's feelings of attraction for Anabel, a social worker who agrees to appear in the play. Opening night approaches: is this Jimmy's breakout performance?",https://image.tmdb.org/t/p/w500/63JHVXD2bkPBdIFgprqXKu3k8bw.jpg,6.1,2001-08-24,https://www.themoviedb.org/movie/35944
Revival,"Two robbers on the run end up in the clutches of a doctor who experiments on people to navigate the afterlife. What seems to be an innocuous foray into a scientific and existential revolution for humanity soon takes a turn for the worse.",https://image.tmdb.org/t/p/w500/1XiRapIjZwJBOVj2ZH3kx74jyVb.jpg,6,2024-11-28,https://www.themoviedb.org/movie/1383557
"The Trust","A pair of cops investigating a drug invasion stumble upon a mysterious bank vault.",https://image.tmdb.org/t/p/w500/ps5FhW4WQuH1Ure2msdZkH7psqK.jpg,5.162,2016-04-29,https://www.themoviedb.org/movie/301608
"Nightmare at Shadow Woods","Twins Todd and Terry seem like sweet boys -- that is, until one of them takes an axe to the face of a fellow patron at the local drive-in.",https://image.tmdb.org/t/p/w500/3OLaf4IHUbhBBrDLKjLrucsxiEt.jpg,5.811,1987-03-29,https://www.themoviedb.org/movie/28264
"First Reformed","A pastor of a small church in upstate New York starts to spiral out of control after a soul-shaking encounter with an unstable environmental activist and his pregnant wife.",https://image.tmdb.org/t/p/w500/8HKA3Hwf8jQWy8TCYWr7C8Wft23.jpg,6.98,2018-05-18,https://www.themoviedb.org/movie/458737
"True Confessions","A cop clashes with his priest brother while investigating the brutal murder of a young prostitute.",https://image.tmdb.org/t/p/w500/qwTwHKesH4QcvSBkS1dE89AIFst.jpg,6.057,1981-09-25,https://www.themoviedb.org/movie/32077
"Desert Saints","Banks is a hit man, the best, usually working for Latin American drug cartels. He picks up solitary women, uses them briefly for a job, then kills them. He's in the Southwest, headed toward Mexico, when he picks up Bennie, a woman leaving an abusive marriage, going to Paradise, Arizona. The film follows three tracks: Banks's slow recruitment of Bennie, the set-up for the hit at a swank resort in Mexico, and the FBI's close pursuit of Banks, whom they want alive in hopes he'll rat out his bosses. Bennie may not be who she seems, and there may be a chink in Banks's tough-guy armor. Guns, money, and a chance at Paradise.",https://image.tmdb.org/t/p/w500/2as5ytuOjrT01xr4wmqJBhfUNlV.jpg,5.657,2002-03-10,https://www.themoviedb.org/movie/2095
"Lost Angels","Lost Angels is a music/drama set to the soulful sounds of Oliver Pigott, the contestant Canadian Idol judges stated was perhaps the most talented person to ever audition for the show. Other name talent include, Alimi Ballard (NUMBERS, The Fast Five) and Robert Pralgo (The Vampire Diaries). Hollywood has always held a universal fascination for audiences but rarely is its true nature honestly exposed. Lost Angels pulls no punches in revealing the unique and treacherous world that has no rules except those created by the power players within.",https://image.tmdb.org/t/p/w500/ft5cZbnfJVLwn2kgggD1HIuy9ZK.jpg,1,2014-08-23,https://www.themoviedb.org/movie/633450
"Flying Colors","Brent Brewster, formerly a Yale athlete known for his pole vaulting prowess, is unsuccessful in business. When his wealthy relatives send him out to fend for himself, Brent joins a detective agency. After Craig Lansing, a family friend, hires Brent to investigate the numerous jewel thefts in Poughkeepsie, Brent works undercover at Lansing's house party and recognizes Captain Drake, an English crook. Although Brent temporarily forgets detective work when he meets Ann, the beautiful sister of Lansing's wife Ruth, Ann's remark that $40,000 a year would be enough for her to live on brings Brent back to the job.",https://image.tmdb.org/t/p/w500/vJNzxWZaJwlDeyGCeafNQvm1CLN.jpg,0,1917-09-23,https://www.themoviedb.org/movie/1394014
Rigoletto,"To elevate a jester to a tragic stature comparable to a Macbeth or a Lear is no easy feat. The dramatic essence of Shakespeare runs in the veins of this Rigoletto, although the story is based on the controversial Le roi s’amuse by Victor Hugo. While the play was prohibited in France for more than fifty years, Verdi himself fought with the censors who initially prevented the publication of his opera. Multi-faceted, perhaps more than any other opera by Verdi - tender, cruel, interspersed with remarkable strokes of black humour -, Rigoletto is also a heart-wrenching study about the love between a parent and a child. Given the helplessness of a woman in the face of a group of men, Teatro Real’s production, which is directed by Miguel del Arco, also considers society's concept of masculinity. Nicola Luisotti conducts some of the great voices of our day, including Javier Camarena, Ludovic Tézier, Marina Viotti and Adela Zaharia.",https://image.tmdb.org/t/p/w500/iQAWsFRc6mHoQmdjbgQnApdciFx.jpg,0,2024-12-17,https://www.themoviedb.org/movie/1445601
Twisters,"As storm season intensifies, the paths of former storm chaser Kate Carter and reckless social-media superstar Tyler Owens collide when terrifying phenomena never seen before are unleashed. The pair and their competing teams find themselves squarely in the paths of multiple storm systems converging over central Oklahoma in the fight of their lives.",https://image.tmdb.org/t/p/w500/pjnD08FlMAIXsfOLKQbvmO0f0MD.jpg,6.793,2024-07-10,https://www.themoviedb.org/movie/718821
"The Garfield Movie","Garfield, the world-famous, Monday-hating, lasagna-loving indoor cat, is about to have a wild outdoor adventure! After an unexpected reunion with his long-lost father – scruffy street cat Vic – Garfield and his canine friend Odie are forced from their perfectly pampered life into joining Vic in a hilarious, high-stakes heist.",https://image.tmdb.org/t/p/w500/xYduFGuch9OwbCOEUiamml18ZoB.jpg,7,2024-04-30,https://www.themoviedb.org/movie/748783
Acceleration,"After being double crossed by his most trusted operative, a ruthless crime lord takes revenge by kidnapping the her son. Overwhelmed with fear, the operative is given one night to make up for her misdeeds by systematically eliminating his enemies. As the hours rush by, the steaks begin to rise and the darkened city streets turn into a brutal and bloody battle ground.",https://image.tmdb.org/t/p/w500/50F3NSV89s13oN43h1wXpCoqY5t.jpg,5.5,2019-11-08,https://www.themoviedb.org/movie/646150
"Mother Mountain","A young, restless Jewish mother and her family move to an idyllic country property at the base of a mystical and sacred Aboriginal mountain (Gulaga, or “Mother Mountain”), with the hope of starting a new life. Still haunted by a marriage break-up and a strained relation with her parents, she struggles to find a meaningful connection with her new partner. When her daughter is bullied at the local school, an enigmatic Indigenous boy Ren comes to her aid and opens her eyes to the magic of the mountain and its bucolic surrounds. But an unexpected visit from her parents reopens old wounds, with unexpected consequences.",https://image.tmdb.org/t/p/w500/gGMArd48cG3vbku9LRLQ8y8hMzZ.jpg,0,2022-04-28,https://www.themoviedb.org/movie/916538
Bird,"Saxophone player Charlie ‘Bird’ Parker comes to New York in 1940 and is quickly noticed for his remarkable way of playing. He becomes a drug addict but his loving wife Chan tries to help him.",https://image.tmdb.org/t/p/w500/rTCp6M98RQAxRl0x0guU9GlH7HS.jpg,6.818,1988-06-01,https://www.themoviedb.org/movie/24679
"The Sleepover","Two siblings who discover their seemingly normal mom is a former thief in witness protection. Mom is forced to pull one last job, and the kids team up to rescue her over the course of an action-packed night.",https://image.tmdb.org/t/p/w500/9iEc34Qje2V3FZnrSXKfZsbiHjW.jpg,6.4,2020-08-21,https://www.themoviedb.org/movie/626393
"M. Butterfly","In 1960s China, French diplomat Rene Gallimard falls in love with an opera singer, Song Liling – but Song is not at all who Gallimard thinks.",https://image.tmdb.org/t/p/w500/vfutnJ9sgpAtNuPemksd26gd5dC.jpg,6.6,1993-10-01,https://www.themoviedb.org/movie/1413
"Traveling Light","On May 30th, 2020, Uber and delivery driver Caddy searches for his missing son who has been living on the Los Angeles streets during the early days of the pandemic. Along the way, his path crosses that of Harry, a cult leader who is holding a bizarre ceremony up on Mulholland Drive. All the while, news of the horrific murder of George Floyd reverberates around the city and the social fabric collapses.",https://image.tmdb.org/t/p/w500/4DpvHJAF64oGMWd97U86b4vMIkn.jpg,2,2021-10-10,https://www.themoviedb.org/movie/874907
Viktor,"Victor is the story of a conscientious if somewhat withdrawn traffic warden who through a series of mishaps finally finds his place in life. While the setting is unusual the film addresses a wide range of emotions and morality; Love, deceit, frustrated longings and human dignity.  Victor, the eponymous hero of the film, is torn between his desire for the supermodel Kate le Font and the genuine affection of his co-worker Herdis. Victor's story comes to a head when a crooked traffic warden accuses him to hide his own crimes. With Herdis' help our hero narrowly avoids disaster.  In a surprisingly complex plot, the film illustrates the dangers of repressed emotions, the liberating power of love and the ultimate triumph of good. All this takes place within the microcosmic context of the traffic warden's world which becomes a reflection of all human drama.",https://image.tmdb.org/t/p/w500/nhdD6Ui0eDBxMaW86iUgaAwhvLU.jpg,0,2000-01-01,https://www.themoviedb.org/movie/1085515
"Imagine That","A financial executive who can't stop his career downspiral is invited into his daughter's imaginary world, where solutions to his problems await.",https://image.tmdb.org/t/p/w500/lyCTP5C3raH46hJNS9WfBSnWHsG.jpg,5.973,2009-06-19,https://www.themoviedb.org/movie/19724
"The Palace","A comedy set on New Year’s Eve 1999 in a luxurious hotel in the Swiss Alps where the lives of various guests and those who work for them intersect.",https://image.tmdb.org/t/p/w500/anfnDmeUuiYJgZ3h57Se0UShaSr.jpg,5.309,2023-09-28,https://www.themoviedb.org/movie/824016
"Bullett Raja","A common man who transforms into a gangster revolts against the very system he once obediently followed by declaring war on the police, the government, and the industrialists.",https://image.tmdb.org/t/p/w500/9IkcVLgAdDvbycaOkb0t6PCIYbd.jpg,5.8,2013-11-29,https://www.themoviedb.org/movie/220495
"Shark River","Nobody has an easy time of it in the costume actioner Shark River. Wanted for murder, Clay Webley (Warren Stevens) and his wounded cellmate Curtis Parker (Robert Cunningham) hack their way through the Florida swampland. With the help of Clay's brother Dan (Steve Cochran), Clay is able to elude the authorities, but Parker dies of a snakebite. Subsisting on alligator meat, Dan and Clay make their way to the tiny cabin inhabited by widowed Jane Daughterty (Carole Mathews), her mother-in-law, and her son Johnny (Spencer Fox). The brothers rest here awhile, formulating plans to cross the Gulf of Mexico and head for Cuba.",https://image.tmdb.org/t/p/w500/lSL3epwZqiAFaswsz84s8DBHhMq.jpg,0,1953-11-13,https://www.themoviedb.org/movie/459639
"Mom's Friend","Seong Soo, a twenty years old boy, decided to move to Seoul after being accepted into Seoul University. However, he was a victim of real estate scam. He then moves into his mother's friend's house. Moreover, it turns out that his mother's friend is a sexy self-employed mother and Seong Soo is attracted to her.",https://image.tmdb.org/t/p/w500/uHTE5QiHfPQLfvqgfYsgISpaqD8.jpg,7,2015-08-20,https://www.themoviedb.org/movie/387824
"Saw III","Jigsaw has disappeared. Along with his new apprentice Amanda, the puppet-master behind the cruel, intricate games that have terrified a community and baffled police has once again eluded capture and vanished. While city detectives scrambles to locate him, Doctor Lynn Denlon and Jeff Reinhart are unaware that they are about to become the latest pawns on his vicious chessboard.",https://image.tmdb.org/t/p/w500/4iO9n24Rb10peXV0JH2EldIOrAp.jpg,6.42,2006-10-26,https://www.themoviedb.org/movie/214
"Boogie Nights","Set in 1977, back when sex was safe, pleasure was a business and business was booming, idealistic porn producer Jack Horner aspires to elevate his craft to an art form. Horner discovers Eddie Adams, a hot young talent working as a busboy in a nightclub, and welcomes him into the extended family of movie-makers, misfits and hangers-on that are always around. Adams' rise from nobody to a celebrity adult entertainer is meteoric, and soon the whole world seems to know his porn alter ego, ""Dirk Diggler"". Now, when disco and drugs are in vogue, fashion is in flux and the party never seems to stop, Adams' dreams of turning sex into stardom are about to collide with cold, hard reality.",https://image.tmdb.org/t/p/w500/wnE24UPCPQsQnbBOu4zVE2qaDNm.jpg,7.626,1997-10-10,https://www.themoviedb.org/movie/4995
Memories,"History - and natural history - filmed on location in Selborne, East Hampshire. This unusual edition of the long-running series Secrets of Life tells the story of the village's famous son, Rev Gilbert White, whose 1789 book The Natural History and Antiquities of Selborne is a classic of natural history. The film follows in his footsteps, with camera rather than quill in hand, focusing on nature but also taking in views of the village and its human inhabitants.  The ingenious close coverage of bird, reptile and other wildlife was the stock-in-trade of the filmmakers at Gaumont-British Instructional, producers of the series. Under the direction of the redoubtable Mary Field, the behind-screen talent here includes legendary 'cine-biologists' Percy Smith and Oliver Pike. A tribute by one generation of pioneering naturalists to another, it's a quietly moving film in spite of its clipped English reserve - or perhaps partly because of it.",https://image.tmdb.org/t/p/w500,0,1944-01-01,https://www.themoviedb.org/movie/1220215
"The Postman","In 2013, there are no highways, no I-ways, no dreams of a better tomorrow, only scattered survivors across what was once the United States. Into this apocalyptic wasteland comes an enigmatic drifter with a mule, a knack for Shakespeare, and something yet undiscovered: the power to inspire hope.",https://image.tmdb.org/t/p/w500/piVzOuKFLHNGLxnjwNtibC26lTy.jpg,6.259,1997-12-25,https://www.themoviedb.org/movie/9922
Collision,"Over the course of one fateful day, a corrupt businessman and his socialite wife race to save their daughter from a notorious crime lord.",https://image.tmdb.org/t/p/w500/k4KWmmV51Cc7bIFbaS4jzz9PYGf.jpg,5.812,2022-06-16,https://www.themoviedb.org/movie/975714
"The Antichrist","An Italian nobleman seeks help after his paralyzed daughter becomes possessed by the spirit of a malevolent ancestress.",https://image.tmdb.org/t/p/w500/wsl0CCmhs1DNkqG9v45V2qqCv2N.jpg,6.073,1974-11-22,https://www.themoviedb.org/movie/78546
Coyotes,"Trapped in their Hollywood Hills home, a family fights for survival when caught between a raging wildfire and a pack of savage coyotes. As the city loses power and chaos spreads, nature turns feral - and what starts as isolated attacks escalates into a terrifying siege they may not all survive.",https://image.tmdb.org/t/p/w500/fSzs9ZXYcrln0FRrjGIPCjuB6En.jpg,5.9,2025-10-02,https://www.themoviedb.org/movie/1386827
"Dune: Part Two","Follow the mythic journey of Paul Atreides as he unites with Chani and the Fremen while on a path of revenge against the conspirators who destroyed his family. Facing a choice between the love of his life and the fate of the known universe, Paul endeavors to prevent a terrible future only he can foresee.",https://image.tmdb.org/t/p/w500/1pdfLvkbY9ohJlCjQH2CZjjYVvJ.jpg,8.131,2024-02-27,https://www.themoviedb.org/movie/693134
"Fifty Shades of Grey","When college senior Anastasia Steele steps in for her sick roommate to interview prominent businessman Christian Grey for their campus paper, little does she realize the path her life will take. Christian, as enigmatic as he is rich and powerful, finds himself strangely drawn to Ana, and she to him. Though sexually inexperienced, Ana plunges headlong into an affair -- and learns that Christian's true sexual proclivities push the boundaries of pain and pleasure.",https://image.tmdb.org/t/p/w500/63kGofUkt1Mx0SIL4XI4Z5AoSgt.jpg,5.879,2015-02-11,https://www.themoviedb.org/movie/216015
Labyrinth,"A massive explosion rips though a busy street in Istanbul, Turkey. 95 people are dead; 30 Americans and 5 British. The massacre sends shock waves from Turkey to London and Washington, DC. A new terrorist organization is behind the attack. The explosion is just the beginning. Labyrinth' is the code name of the operation conducted by Turkish intelligence to stop a second, more devastating attack that will plunge Turkey, the only democratic Muslim country in the region, into chaos and destroy the fragile balance of the Middle East. After the initial attack, Turkey becomes a battlefront for terrorists and Turkish, British and American intelligence officers. Everyone has his own agenda in the fight that stretches from Istanbul to Eastern Turkey and from Frankfurt to Northern Iraq.",https://image.tmdb.org/t/p/w500/wzvw5Z7NvUDHaJBt4AHMMubB2R3.jpg,6.8,2011-12-23,https://www.themoviedb.org/movie/83103
"Keeping Mum","A pastor preoccupied with writing the perfect sermon fails to realize that his wife is having an affair and his children are up to no good.",https://image.tmdb.org/t/p/w500/nkyS4lkiEOCx7mtlMtWLYodbVpb.jpg,6.65,2005-12-02,https://www.themoviedb.org/movie/9687
"Dead to Rights","In the Nanjing Massacre of 1937, in order to save his life, postman A Chang pretended to be a photo developer in a photo studio and developed photos for the Japanese army. He also took in a group of Chinese soldiers and civilians, turning the studio into a temporary shelter. However, in the face of the Japanese army's cruel atrocities, A Chang risked his life to safely transfer the refugees and exposed the evidence of the massacre to the public.",https://image.tmdb.org/t/p/w500/nSkSkP2DeIvoaa7B5Q9mLxLQd4K.jpg,8.442,2025-07-19,https://www.themoviedb.org/movie/1500536
"The Plan","The Plan - youth centric, high energy, prison break, suspense thriller, social and political film treated on world cinema treatment. The film is portrayed on a canvas of a prison amidst of a dense forest. Where, in, trapped lives, battling between Rage, Fear, Revenge and deceit that finally unfolds in to a climax that reflects the ugliness of the social face today's world... It talks about the friendship of four guys, how they live life and a moment of thoughtlessness changes their lives and they find themselves in prison.. What happens next forms the crux of the story.",https://image.tmdb.org/t/p/w500/yvsnHWBmRKHMcClEGOkgmGunGtF.jpg,6,2015-11-27,https://www.themoviedb.org/movie/561312
"The Awakened","Five friends have a party to ride out a hurricane in Miami. As if it were not bad enough being trapped inside the house while natural forces wreak havoc outside, something is trapped inside with them. The storm is the least of their worries trying to make it through the night.",https://image.tmdb.org/t/p/w500/h9tDLNxO1BigDS1DrkEiIVbz2DI.jpg,5.8,2012-09-08,https://www.themoviedb.org/movie/131668
"Back Trail","Back Trail is one of the livelier entries in Monogram's Johnny Mack Brown western series. Brown rides into a small town where he becomes embroiled in a blackmail scheme. The town's banker (Ted Adams), a pillar of respectability, once served a jail term. Outlaw leader Pierce Lyden threatens to reveal Adams' secret if the banker doesn't let him know in advance when the gold shipments are going through. Adams tearfully tells Brown the whole story, whereupon Johnny rides shotgun on the next shipment himself. Back Trail was one of the last films directed by workhorse Christy Cabanne, whose career stretched all the way back to the D.W. Griffith days.",https://image.tmdb.org/t/p/w500/ANW57hALLt3PWKg4e9usFQVvF.jpg,0,1948-07-18,https://www.themoviedb.org/movie/455698
Stardom,"A young girl is plucked from small-town obscurity and thrust into the spotlight of the glamorous world of super-models.",https://image.tmdb.org/t/p/w500/tmvVAym5DE15R9ZdRMe49GOVps.jpg,5.31,2000-10-13,https://www.themoviedb.org/movie/47302
"The Uninvited","Anna returns home after spending time in a psychiatric facility following her mother's tragic death and discovers that her mother's former nurse, Rachel, has moved into their house and become engaged to her father. Soon after she learns this shocking news, Anna is visited by her mother's ghost, who warns her that Rachel has evil intentions.",https://image.tmdb.org/t/p/w500/1xQlzKUDLuCe3SUGIGL6K1PtldH.jpg,6.454,2009-01-30,https://www.themoviedb.org/movie/14254
ConMom,"After separating from an abusive husband, a former theater actress resorts to using disguises in a desperate attempt to spend time with her only child.",https://image.tmdb.org/t/p/w500/7ZfQiEOSmF0xtkSLqGImkjcNHgo.jpg,0,2025-05-21,https://www.themoviedb.org/movie/1481456
Ash,"On the mysterious planet of Ash, Riya awakens to find her crew slaughtered. When a man named Brion arrives to rescue her, an ordeal of psychological and physical terror ensues while Riya and Brion must decide if they can trust one another to survive.",https://image.tmdb.org/t/p/w500/nRa8B3tQCUK6pVwjasIyQehbvpF.jpg,5.202,2025-03-20,https://www.themoviedb.org/movie/931349
Sayang,"The film narrates Datin Zaharah had two sons, Herman and Noni, studying in a college. Herman always concerned about her sister Noni. The girl was not allowed to mix freely and attend social functions.  Herman not only act as red but also as head of the house after his father's death a year ago. Noni, through kawawn class, Eda, can get acquainted with Don have agreed to attend a birthday party with their classmates Hussein.  Don tries to seduce Noni but the girl refused, Hamzah has warned Don not to be friends with her sister again.",https://image.tmdb.org/t/p/w500/mLLcT8U3YEVrA3SqDwUQQNSO0gj.jpg,0,1987-01-01,https://www.themoviedb.org/movie/303142
"6 Underground","After faking his death, a tech billionaire recruits a team of international operatives for a bold and bloody mission to take down a brutal dictator.",https://image.tmdb.org/t/p/w500/lnWkyG3LLgbbrIEeyl5mK5VRFe4.jpg,6.34,2019-12-10,https://www.themoviedb.org/movie/509967
Overboard,"A spoiled, wealthy yacht owner is thrown overboard and becomes the target of revenge from his mistreated employee.",https://image.tmdb.org/t/p/w500/41Rzkgo9y7n6BNGD6O8j0LVs8Yu.jpg,6.653,2018-04-13,https://www.themoviedb.org/movie/454619
"Bad Boys: Ride or Die","After their late former Captain is framed, Lowrey and Burnett try to clear his name, only to end up on the run themselves.",https://image.tmdb.org/t/p/w500/oGythE98MYleE6mZlGs5oBGkux1.jpg,7.347,2024-06-05,https://www.themoviedb.org/movie/573435
"The Switch","Kassie is a smart, fun-loving single woman who, despite her neurotic best friend Wally’s objections, decides it’s time to have a baby – even if it means doing it herself… with a little help from a charming sperm donor. But, unbeknownst to her, Kassie’s plans go awry because of a last-minute switch that isn’t discovered until seven years later… when Wally gets acquainted with Kassie’s cute, though slightly neurotic, son.",https://image.tmdb.org/t/p/w500/oJdMT6RGtbvQ26Tk7EHGfG8xZ6.jpg,6.23,2010-05-11,https://www.themoviedb.org/movie/41210
"Lady Bloodfight","Jane is a beautiful but troubled American girl backpacking through Japan, when her raw street fighting skills draw the attention of Oshima, Japanese karate champion, who recruits and trains her to fight in the vicious, all-female, underground martial arts tournament known as ""The Kumite"". After months of rigorous preparation, Jane is ready to face off against the deadliest female fighters in the world, including Ling, the Chinese apprentice of Oshima's nemesis. But other nefarious forces lie in the shadows, and Jane and Ling will have to unite on a journey that will take them from the gritty underworld of Hong Kong to the glitz of Macao, before deciding who really is the best female fighter on the planet.",https://image.tmdb.org/t/p/w500/hDZzETrYegrB6pYpHKKzdwux6Km.jpg,6.577,2016-11-11,https://www.themoviedb.org/movie/289269
"Playing with Love","Laura and Fabrizio have been meeting every summer in the forest by her parent's summer home. Fabrizio is a solitary boy with only his dog for company; Laura a sweet but unconfident child. This summer new aspects enter into their story as both are growing up. Laura is falling in love with Fabrizio, while he displays a new sexual awareness of her masked by his malice. Things develop further when they meet Sylvia who, unlike the innocent Laura, is confident and assertive. Fabrizio develops a fascination with her, eventually bribing Laura to fetch her to the forest to join them in play.",https://image.tmdb.org/t/p/w500/nu5uj47KSF73VPEiIRYdPLJ96j7.jpg,5.131,1977-05-17,https://www.themoviedb.org/movie/46853
Hagedorn,"A biopic movie based on the titular figure.",https://image.tmdb.org/t/p/w500/lsxyp5TIqfGH03YHg9HlXVXTYed.jpg,0,1996-01-09,https://www.themoviedb.org/movie/663072
"Black Oasis","Shut out, left alone… which way will Emily turn? This drama gets to the heart of difficulties that many post-modern teens are dealing with today: Peer pressure, cutting, suicide, divorced parents. In this story, we meet Emily, a girl struggling with the pain of her parents’ failed marriage and the dark temptations of a new friend.  This is an authentic, hard-hitting and ultimately compassionate story about the forces that tear at today’s families. The intense emotion of Emily’s journey will motivate discussion on a wide range of issues relevant to today’s teens and parents.",https://image.tmdb.org/t/p/w500,0,2005-10-28,https://www.themoviedb.org/movie/35223
"Land Raiders","An outlaw committing a string of robberies and murders manages to blame the crimes on Apaches, bringing about an Indian war.",https://image.tmdb.org/t/p/w500/jfIgw9PSZCMvNichbDJyYnoBGZy.jpg,5.4,1969-07-27,https://www.themoviedb.org/movie/5700
"Očovské pastorále","The story of a peasant whose harshness and bluntness only provoke disputes and anger, and his honesty and sense of truth and honor in conjunction with the previous qualities only exacerbate these disputes. The Slovak village with its collective farming, confronted with the habits of a square nature, raised by private farming, creates the main plot and conflict. In parallel, there is a lyrical motif of the young generation, whose love relationships do not care about the old ridiculous anger of the old generation.",https://image.tmdb.org/t/p/w500/vVR16KPm1ZWkK7c8Gz4B99XzWje.jpg,0,1973-11-23,https://www.themoviedb.org/movie/596916
Blow,"A boy named George Jung grows up in a struggling family in the 1950's. His mother nags at her husband as he is trying to make a living for the family. It is finally revealed that George's father cannot make a living and the family goes bankrupt. George does not want the same thing to happen to him, and his friend Tuna, in the 1960's, suggests that he deal marijuana. He is a big hit in California in the 1960's, yet he goes to jail, where he finds out about the wonders of cocaine. As a result, when released, he gets rich by bringing cocaine to America. However, he soon pays the price.",https://image.tmdb.org/t/p/w500/yYZFVfk8aeMP4GxBSU9MTvqs9mJ.jpg,7.355,2001-04-04,https://www.themoviedb.org/movie/4133
"Daphne & Velma","Before their eventual team-up with Scooby and the gang, bright and optimistic Daphne and whip-smart and analytical Velma are both mystery-solving teens who are best friends but have only met online - until now. Daphne has just transferred to Velma's school, Ridge Valley High, an incredible tech-savvy institute with all the latest gadgets provided by the school's benefactor, tech billionaire Tobias Bloom. And while competition is fierce among the students for a coveted internship at Bloom Innovative, Daphne and Velma dig beyond all the gadgets and tech to investigate what is causing some of the brightest students in school to disappear - only to emerge again in a zombie-fied state.",https://image.tmdb.org/t/p/w500/zG2DHbo2GNxSmcFWqGkAPgS6hC8.jpg,6.099,2018-05-22,https://www.themoviedb.org/movie/489939
Schumacher,"Through exclusive interviews and archival footage, this documentary traces an intimate portrait of seven-time Formula 1 champion Michael Schumacher.",https://image.tmdb.org/t/p/w500/ucNYfsbX1Z4tjMSr3waxsHMVjve.jpg,7.273,2021-09-14,https://www.themoviedb.org/movie/855823
"American Violence","A psychologist interviews a death row inmate to determine whether or not a stay of execution should be granted.",https://image.tmdb.org/t/p/w500/c70L9jY4yWXT8JaaPgwWB7wlgHX.jpg,4.433,2017-02-03,https://www.themoviedb.org/movie/435473
"The Starling","A woman adjusting to life after a loss contends with a feisty bird that's taken over her garden — and a husband who's struggling to find a way forward.",https://image.tmdb.org/t/p/w500/gPkaPGNbjZCeRurSYGi0JD63DBa.jpg,6.907,2021-09-17,https://www.themoviedb.org/movie/468225
"Monkey Up","A talking monkey seeks to gain fame and fortune as a movie star, but instead finds what's most important, a family.",https://image.tmdb.org/t/p/w500/cdue0TfCUwvtc6b7g0jaHRkMlc4.jpg,5.1,2016-01-22,https://www.themoviedb.org/movie/378356
"El Japón / Aqua Vitae!!","Takarazuka Cosmos Troupe 2019-2020.  ""El Japón -The Samurai of España-""  In the town of Coria del Río in southern Spain, there are people who use the surname “Japón” to identify themselves as descendants of the samurai. What gave birth to this curious legend of Japanese samurai in a far-off land...? This lighthearted and pleasurable tale of heroism has as its protagonist a retainer of Sendai Domain, dispatched to Europe on a diplomatic mission, starkly portraying the emotions of the samurai and an encounter with another culture.  ""Aqua Vitae!! -The Water of Life-""  A show built upon the theme of that most aromatic and mature of deep-flavored spirits: whiskey. Experience the many varied talents of the stylish and cool Makaze Suzuho and the other members of Cosmos Troupe, in a performance based on unique whiskey.",https://image.tmdb.org/t/p/w500/lCo1qXkJbdGRTHGGlL3c5ER3YtC.jpg,0,2019-11-15,https://www.themoviedb.org/movie/1100689
"Half Light","Rachel Carson, a best-selling crime novelist, is devastated and filled with guilt over the accidental death of her son. Hoping that a change of scenery will help alleviate her suffering, she leaves her home in the city and moves into a vacant country house owned by a friend and begins a relationship with charming local Angus. But, just as her life is taking a turn for the better, Rachel realizes she's being romanced by a ghost, leading her to doubt her own sanity.",https://image.tmdb.org/t/p/w500/c29RoGcznRr14a7fsBYbhJZAK2U.jpg,6,2006-01-17,https://www.themoviedb.org/movie/9756
Boxer,"With only his wife by his side, a promising young boxer flees communist Poland to chase his dream of becoming the greatest fighter in history.",https://image.tmdb.org/t/p/w500/hpFWUpjIT6eTPFoAUzVsGHcQHXT.jpg,7.1,2024-09-10,https://www.themoviedb.org/movie/1280440
"The Show","A man goes on a mission to locate a stolen artifact for a client, which leads him to a haunted town full of vampires, sleeping beauties, and Voodoo gangsters.",https://image.tmdb.org/t/p/w500/iZJ3IEJ5rvWgxbVbkAF4uU6ZIo.jpg,5.5,2021-08-26,https://www.themoviedb.org/movie/567910
"Broken Hallelujah","The best of plans can be thwarted and, when the pressure comes on, the cracks begin to show. As the incidents in their worlds play out, three families bound by love and broken by betrayal, find their lives unknowingly touch one another, and then a final single event brings them together. This is not a love story but a story about love; three loves, three lies and one more chance.",https://image.tmdb.org/t/p/w500/hDGbcxG3Ind1W6hIKuJhi5hH4IO.jpg,5,2014-02-06,https://www.themoviedb.org/movie/396213
"La Bohème","In the 50's, in Paris, the neighbors Rodolfo and Mimi meet each other when Mimi's candle blows out in a cold and dark night. They immediately fall in love for each other, in times of financial difficulties in the post-war. Rodolfo introduces Mimi to his close friends Marcello and his beloved Musetta; Colline; and Schaunard and together they have a good-time in Café Momus. Some time later, Mimi tells Marcello that she can not support the jealousy of Rodolfo any longer and when Marcello discuss with Rodolfo, Mimi overhears the real reason for the behavior of her beloved Rodolfo.",https://image.tmdb.org/t/p/w500/x552eYl5Hj1Rs2c8TnAiZScIUng.jpg,8.5,1994-06-08,https://www.themoviedb.org/movie/293873
"Divided Loyalties","Story of Joseph Brant, chief of the Mohawks, and the events that led to the birth of Canada as a nation. During the time of the American Revolution, while Britain faces full scale insurrection in its American colonies, the great Indian empire of the Six Nations must choose between longtime British allies and the American Patriots, whose democratic ideals they share.",https://image.tmdb.org/t/p/w500/5Olwk0o8m7YoCMLwxj3ZUrFMDOc.jpg,0,1990-02-13,https://www.themoviedb.org/movie/1164145
Siegfried,"Der Ring des Nibelungen in a production of the Zürich opera house, recorded 2024. ""Dramatic music-making at its finest"". In the hands of General Music Director Gianandrea Noseda and Stage Director Andreas Homoki, Wagner's myth is represented as ""a dysfunctional family of gods"" (The Independent) in a polished yet unpretentious production that underscores the humanity of the characters, who are performed by the same exceptional cast of singers across all four operas.",https://image.tmdb.org/t/p/w500/3IulABKIGo4IUOQ9lVoRM9s8P0j.jpg,0,2024-05-24,https://www.themoviedb.org/movie/1385000
"Eraser: Reborn","U.S. Marshal Mason Pollard specializes in “erasing” people – faking the deaths of high-risk witnesses. With the technological advances of the last 25 years, the game has upgraded, and it’s just another day at the office when he’s assigned to Rina Kimura, a crime boss’ wife who’s decided to turn state’s evidence. As the two flee to Cape Town, South Africa, Pollard discovers he’s been set up and will need to be at the top of his game, or he’ll be the one who’s erased.",https://image.tmdb.org/t/p/w500/lWE48knKsaPGqVoANXoWraiub2d.jpg,6.239,2022-03-31,https://www.themoviedb.org/movie/923597
Mortdecai,"An art dealer, Charles Mortdecai, searches for a stolen painting rumored to contain a secret code that gains access to hidden Nazi gold.",https://image.tmdb.org/t/p/w500/zIRDhdAuMevOuY2vs3s1HNcqDq7.jpg,5.515,2015-01-21,https://www.themoviedb.org/movie/210860
"Executive Protection","After causing a commotion with his last assignment, Falk has been given a desk job, which hardly agrees with his personality, and he ends up accepting an offer from an old friend to buy into a private investigation agency. Another friend of Falk's, Sven, purchased a business in Estonia, and when local gangsters attempted to pressure him into paying protection money, Sven retained the services of Nikolaus Lehmann, a burly private eye, to throw them off his trail. However, Lehmann does his job all too well, murdering the racketeers, and then threatening Sven and his family. With no where else to turn, Sven asks Falk to help him deal with the crazed Lehmann; Falk agrees, but soon realizes he's dealing with a more dangerous man than he imagined when Lehmann kidnaps Falk's wife Jeanette, and then releases her with a time bomb locked around her neck, demanding that Falk hand over ownership of his detective agency to Lehmann.",https://image.tmdb.org/t/p/w500/qnLVCqgSg9tEpB3QSmtpyMiwOVC.jpg,6.231,2001-08-17,https://www.themoviedb.org/movie/21040
"International Settlement","In Shanghai amidst Sino-Japanese warfare an adventurer (Sanders) collecting money from gun suppliers falls in loves with a French singer (Del Rio).",https://image.tmdb.org/t/p/w500/nxLCLBGY6YDOiN1ilsA1TFEIG5N.jpg,5.6,1938-02-04,https://www.themoviedb.org/movie/216392
"Avengers: Endgame","After the devastating events of Avengers: Infinity War, the universe is in ruins due to the efforts of the Mad Titan, Thanos. With the help of remaining allies, the Avengers must assemble once more in order to undo Thanos' actions and restore order to the universe once and for all, no matter what consequences may be in store.",https://image.tmdb.org/t/p/w500/bR8ISy1O9XQxqiy0fQFw2BX72RQ.jpg,8.237,2019-04-24,https://www.themoviedb.org/movie/299534
Rigoletto,"Things are not going well in the depression-era town of Castle Gate. Mr. Ribaldi, a mysterious rich man with a disfigured face and an abrasive personality, has just bought and moved into a long-vacant mansion. Bonnie, an adolescent girl who loves to sing, ends up working for Ribaldi so that her family can stay in their house. But Ribaldi is quite an accomplished musician himself, and he is soon giving Bonnie voice lessons. Meanwhile, local businesses are being shut down by foreclosures, and the townspeople suspect Ribaldi is responsible.",https://image.tmdb.org/t/p/w500/tGMxcrf0iwqN1zSm5a2KI4hTHwN.jpg,6.2,1993-07-13,https://www.themoviedb.org/movie/39902
"The Unborn","Joy turns to horror when a pregnant mother discovers the nightmarish truth behind her doctor's unexpected success in helping her conceive.",https://image.tmdb.org/t/p/w500/zilEvurrEostVxGSklgsJm7hJXx.jpg,4.822,1991-03-29,https://www.themoviedb.org/movie/87451
Union,"Up against one of the most powerful companies on the planet, a group of Amazon workers embark on an unprecedented campaign to unionize their warehouse in Staten Island, New York.",https://image.tmdb.org/t/p/w500/vBGBJIfEgz14NRRBVqCTuUTyGCW.jpg,8,2024-10-18,https://www.themoviedb.org/movie/1214454
"The Survivors","Having both lost their jobs, two strangers become unlikely friends after a run in with a would be robber, who is actually a hitman with a grudge against the two.",https://image.tmdb.org/t/p/w500/eb7DrR2h2GjUCZRozH46CqU1A9d.jpg,5.63,1983-06-24,https://www.themoviedb.org/movie/28466
"Victory Vehicles","Goofy demonstrates a number of crazy vehicles.",https://image.tmdb.org/t/p/w500/t6N7iVkv53VQOKnAgXvIgfiFDGB.jpg,6.6,1943-07-30,https://www.themoviedb.org/movie/64708
Gotti,"John Gotti rises to the top of the New York underworld to become the boss of the Gambino crime family. His life takes a tumultuous turn as he faces tragedy, multiple trials and a prison sentence.",https://image.tmdb.org/t/p/w500/cUCX6B0FGTsHC5D8L2CF0gJrQCm.jpg,5.323,2018-06-14,https://www.themoviedb.org/movie/339103
"Nimby: Not in My Backyard","Mervi is a gay girl living in the hipster quarters of Helsinki. She has been together with Kata for a year, and now they are encouraged by the circumstances to come out from closet. When they do, Mervi realises that she is not the only one in her family with secrets – her parents have been living in an open-bisexual-swinger-relationship for 20 years. On the other hand Kata is pretty surprised that she might be living with a hetero girl that once was dating a neo-nazi. And the ex-boy friend cannot swallow that Mervi is now with a person both of wrong color, and sex. The real threat appears when Kata’s parents arrive from Berlin and the local skinhead chief finds out that a black muslim celebrity politician has arrived to town.",https://image.tmdb.org/t/p/w500/gK5tLLQ9vEnLooRGlJJILARv7z9.jpg,4.767,2020-10-09,https://www.themoviedb.org/movie/587662
"Four Brothers","Four adopted brothers return to their Detroit hometown when their mother is murdered and vow to exact revenge on the killers.",https://image.tmdb.org/t/p/w500/8cO39cnWSZQi2ncPG5TxL3YRzKc.jpg,6.812,2005-08-11,https://www.themoviedb.org/movie/8292
"Page Eight","Johnny is a long-serving MI5 officer. His boss dies suddenly, leaving behind an inexplicable file which threatens the stability of the organisation.",https://image.tmdb.org/t/p/w500/69q0ZufQqPCjFbyuTxXRtqQtDd6.jpg,6.559,2011-08-28,https://www.themoviedb.org/movie/73358
"Desk Set","A computer expert tries to prove his electronic brain can replace a television network's research staff.",https://image.tmdb.org/t/p/w500/9gFerTRUGkIFn41mb3B1wb8ohtj.jpg,6.9,1957-08-02,https://www.themoviedb.org/movie/24203
"Buya Hamka Vol. 1","Discover the life of renowned Muslim scholar Buya Hamka, from his humble West Sumatra origins to his political achievements.",https://image.tmdb.org/t/p/w500/uDAKg2wkjmQX7rvLVpdBKXgR07P.jpg,6.2,2023-04-19,https://www.themoviedb.org/movie/960769
"Black Bag","When intelligence agent Kathryn Woodhouse is suspected of betraying the nation, her husband – also a legendary agent – faces the ultimate test of whether to be loyal to his marriage, or his country.",https://image.tmdb.org/t/p/w500/hHPovtU4b96LHcoeEwRkGHI5btw.jpg,6.333,2025-03-12,https://www.themoviedb.org/movie/1233575
"Breakdance Academy","In this hilarious send-up of boy bands, teen movies and dance movies, the audience gets a guarantee of something that will make you laugh -- whether it’s mom remembering the days of NSYNC, or little Lisa fantasizing about the Biebs, or your sexually-ambiguous nephew who thinks Channing rocks a sailor suit! Our story follows Brad, a jock who decides he's more than just a meathead women pine for, so he joins the dance club, a rap group, metal mania and more, before creating the perfect boy band with the help of the local Zen master. Watch out, high school will never be the same!",https://image.tmdb.org/t/p/w500/a0QEH1bduaRQwHh8K0s71lotmEB.jpg,0,2010-06-04,https://www.themoviedb.org/movie/252204
"The Journey","A Communist officer falls hard for a married woman trying to escape from Hungary.",https://image.tmdb.org/t/p/w500/9HXN8SKOYnasVRPY1JUYiWzMFia.jpg,6.25,1959-02-11,https://www.themoviedb.org/movie/76714
Hitch,"Dating coach Alex 'Hitch' Hitchens mentors a bumbling client, Albert, who hopes to win the heart of the glamorous Allegra Cole. While Albert makes progress, Hitch faces his own romantic setbacks when proven techniques fail to work on Sara Melas, a tabloid reporter digging for dirt on Allegra Cole's love life. When Sara discovers Hitch's connection to Albert – now Allegra's boyfriend – it threatens to destroy both relationships.",https://image.tmdb.org/t/p/w500/x3W9H3nhGQbWSlyI8Amp2F6Z6cz.jpg,6.571,2005-02-11,https://www.themoviedb.org/movie/8488
"The Hunters","Alice and her friends are approaching the end of the school year where their dead-end lives will end, and the chance of a new life will begin. Before heading off to college they spend one last day together in the woods, the one part of town that has always been off limits to them growing up. As they stumble upon what they thought was an abandoned fort only to find the walls dripping in blood and decomposing body parts lying around, they are startled to learn they are now a part of an undercover investigation. After being told to get out of the woods they realize they're trapped, for the Hunters, who call the fort home, never let anyone out alive.",https://image.tmdb.org/t/p/w500/ue8zWUO7mtwv2x0J9vZW9ryBIba.jpg,4.1,2011-12-27,https://www.themoviedb.org/movie/81972
"The Playbirds","In order to unmask a pathological killer who is targeting the beautiful centrefolds of Playbirds magazine, a sexy policewoman Lucy Sheridan puts her life and reputation on the line by sleeping with millionaire publisher Harry Dougan. The Chief Superintendant and Police Commissioner are keeping a close eye on her, but time is running out fast.",https://image.tmdb.org/t/p/w500/1JarjxZfoXOFEoqrYd79bOaTtaW.jpg,4.476,1978-07-06,https://www.themoviedb.org/movie/136898
"Curtain Call","A bachelor afraid of marriage angers his long-time girlfriend by buying a splendid townhouse just for himself, only to find it haunted by the ghosts of a famous theatrical couple, who teach him about love and commitment.",https://image.tmdb.org/t/p/w500/bZmI4sd3KHxjujVAjzSu9huWHCJ.jpg,4.92,1998-12-05,https://www.themoviedb.org/movie/48689
"The Candidate","Bill McKay is a candidate for the U.S. Senate from California. He has no hope of winning, so he is willing to tweak the establishment.",https://image.tmdb.org/t/p/w500/6zcDSOe1akUXsc2Q1APfchKcVaI.jpg,6.5,1972-06-29,https://www.themoviedb.org/movie/21711
"Godzilla x Kong: The New Empire","Following their explosive showdown, Godzilla and Kong must reunite against a colossal undiscovered threat hidden within our world, challenging their very existence – and our own.",https://image.tmdb.org/t/p/w500/z1p34vh7dEOnLDmyCrlUVLuoDzd.jpg,7.1,2024-03-27,https://www.themoviedb.org/movie/823464
"AEW x NJPW: Forbidden Door - Zero Hour","AEW x NJPW: Forbidden Door - Zero Hour served as the pre-show to the larger AEW x NJPW: Forbidden Door 2025 pay-per-view (PPV) featuring a collaboration between All Elite Wrestling (AEW) and New Japan Pro-Wrestling (NJPW).",https://image.tmdb.org/t/p/w500/1AHuU0ZNqcbQuGVGSVWPxfGmg1K.jpg,6,2025-08-24,https://www.themoviedb.org/movie/1534927
"CONFLICT: Outbreak","The Hyodo-gumi boss—part of Tendokai, Japan’s largest yakuza syndicate—has been brutally murdered.  Kazuma Washio (Hitoshi Ozawa), the head of the Washio-gumi and Tendokai’s wakagashira (underboss), is convinced that Yoshinari Myojin (Sho Aikawa), a former Tendokai wakagashira-hosa now running Tokyo’s underworld of thugs and mafia, is behind the killing.  Around the same time, Tendokai's 5th-generation chairman Katsushige (Hakuryu) orders Washio to secure a woman named Nagi Toyama (Akane Hotta).  Washio sets out with his men, Okita (Yasukaze Motomiya) and Date (Hideo Nakano), but they’re ambushed by a group of heavily armed youths.  Barely escaping, they manage to bring Nagi to their hideout—only to discover she’s a key player in a power struggle over the Tokyo Casino Project.  And so begins the greatest conflict yet, entangling yakuza, mafia, street gangs, the police, and even the state itself—",https://image.tmdb.org/t/p/w500/AhyEfjBAG4GvL7T7Co2xoxPUX6N.jpg,7,2016-05-28,https://www.themoviedb.org/movie/434527
"Mirror Mirror","After she spends all her money, an evil enchantress queen schemes to marry a handsome, wealthy prince. There's just one problem - he's in love with a beautiful princess, Snow White. Now, joined by seven rebellious dwarves, Snow White launches an epic battle of good vs. evil...",https://image.tmdb.org/t/p/w500/pys6zIJN8Sxlk2Ss2GZuYuXPbtw.jpg,5.922,2012-03-15,https://www.themoviedb.org/movie/62764
"El Diablo","When mild-mannered teacher Billy Ray Smith (Anthony Edwards) vows to bring a student's kidnapper to justice, he needs a bit of help. Lacking any cowboy skills of his own, he signs on a speedy gunslinger (Joe Pantoliano) and a no-nonsense cowboy (Louis Gossett Jr.) to help. Now, Smith may just have a chance at capturing his man: the merciless bandit El Diablo (Robert Beltran).",https://image.tmdb.org/t/p/w500/mMQIeBldy3wvitv9yae1F3Cvsqc.jpg,5.53,1990-07-22,https://www.themoviedb.org/movie/71143
"Brooding Eyes","Slim Jim Carey, the leader of a criminal gang, is in reality a nobleman called Lord Talbois, and his daughter is the rightful heir to the family estate. When ""Slim Jim""'s gang finds out about this, they conspire to cheat her out of her inheritance by passing off one of the gangster's girlfriends as the real daughter. Unbeknownst to the gang, however, their leader isn't dead and finds out what they're up to. Complications ensue.",https://image.tmdb.org/t/p/w500,0,1926-03-15,https://www.themoviedb.org/movie/530604
"The Fencer","Fleeing from the Russian secret police, a young Estonian fencer is forced to return to his homeland, where he becomes a physical education teacher at a local school. The past however catches up and puts him in front of a difficult choice.",https://image.tmdb.org/t/p/w500/fPVRurIqfhZL9RMjPI9yxdsS9sk.jpg,7.006,2015-03-13,https://www.themoviedb.org/movie/322488
"Uneasy Payments","Bee Haven, a little country girl from Missouri, wins a Charleston contest and goes to New York to pursue a theatrical career, accompanied by Charlie Ross, a bucolic sheik. Her country attire merely amuses the stage managers, but Tom Gatesby, a backer, persuades Bozoni, a cabaret owner, to give her a job. She innocently accepts money from Bozoni to furnish a luxury apartment; and when disillusioned Bozoni cancels the payments for her furniture and new clothes, Bee tries to avoid the gown-collectors, but they retrieve her gown and fur coat. In desperation, she joins a revue chorus, doing a lingerie number that results in a fight with Valentia, the star of the show. Tom rescues Bee from her precarious position, and all ends happily.",https://image.tmdb.org/t/p/w500,0,1927-05-04,https://www.themoviedb.org/movie/608238
"The Old Guard 2","Andy and her team of immortal warriors fight with renewed purpose as they face a powerful new foe threatening their mission to protect humanity.",https://image.tmdb.org/t/p/w500/wqfu3bPLJaEWJVk3QOm0rKhxf1A.jpg,5.979,2025-07-01,https://www.themoviedb.org/movie/846422
"Sugar Hill","In the Harlem neighborhood of New York City, the Mafia steps in when a drug dealer quits his partner and brother to lead a straight life with his girlfriend.",https://image.tmdb.org/t/p/w500/6bnYhhJS7vuDMRPVSplWaXdK49g.jpg,5.639,1994-02-25,https://www.themoviedb.org/movie/39349
"Godard Mon Amour","In 1967, during the making of “La Chinoise,” film director Jean-Luc Godard falls in love with 19-year-old actress Anne Wiazemsky and marries her.",https://image.tmdb.org/t/p/w500/JfAE5Pj1Qqv7Ij5DaUG0QoZC97.jpg,6.612,2017-06-24,https://www.themoviedb.org/movie/416186
Dutch,"To get to know his girlfriend's son, a man volunteers to pick him up from a prep school... only to learn that her son's not the nicest kid.",https://image.tmdb.org/t/p/w500/diBUesRJ2w6ilSbAizpk062Sajh.jpg,6.423,1991-07-19,https://www.themoviedb.org/movie/25330
"Narik Sukmo","Kenara Cahyaningrum has a hobby of dancing. But when on vacation to a village, this hobby triggers the anger of an entity that had passed away decades ago.",https://image.tmdb.org/t/p/w500/ePnCjiv7vKUdIEijDS3ItD7wuCC.jpg,7.2,2025-07-03,https://www.themoviedb.org/movie/1286846
"The Youth Elixir","An old geriatrics professor accidentally discovers after a high-school reunion a potion that can rejuvenate anybody and uses it on him and his friends. They all go their new youthful ways but, for most of them, things don't go according to plan.",https://image.tmdb.org/t/p/w500/3w2JFpLcQxeDLHtEaVPIytYrjrs.jpg,5.4,1975-01-01,https://www.themoviedb.org/movie/264991
"Horizon Line","A couple flying on a small plane to attend a tropical island wedding must fight for their lives after their pilot suffers a heart attack.",https://image.tmdb.org/t/p/w500/vWGkIHeCLw9wWvPXnPTOM9d5GiK.jpg,5.539,2020-10-29,https://www.themoviedb.org/movie/602654
"Never Land","Aimee Dent had to grow up fast. She is raising her little brother all on her own. But her life is changed forever when she meets a teenage boy who gives her a taste of what it's like to be a kid again. However, Aimee soon finds out that the boy, Peter, isn't everything he appears to be or as young. She learns that Peter will never be able to grow up, because he's a vampire.",https://image.tmdb.org/t/p/w500/fvBQIo4SQzatndo2ib2Y8H6wvNt.jpg,0,2010-09-09,https://www.themoviedb.org/movie/487664
"Robinson Crusoe","On a tiny exotic island, Tuesday, an outgoing parrot lives with his quirky animal friends in paradise. However, Tuesday can't stop dreaming about discovering the world. After a violent storm, Tuesday and his friends wake up to find a strange creature on the beach: Robinson Crusoe. Tuesday immediately views Crusoe as his ticket off the island to explore new lands. Likewise, Crusoe soon realizes that the key to surviving on the island is through the help of Tuesday and the other animals. It isn't always easy at first, as the animals don't speak ""human."" Slowly but surely, they all start living together in harmony, until one day, when their comfortable life is overturned by two savage cats, who wish to take control of the island. A battle ensues between the cats and the group of friends but Crusoe and the animals soon discover the true power of friendship up against all odds (even savage cats).",https://image.tmdb.org/t/p/w500/oW2CeCoFJKD57iyml0vWGRKKPaI.jpg,5.8,2016-02-04,https://www.themoviedb.org/movie/368940
"True Grit","The murder of her father sends a teenage tomboy on a mission of 'justice', which involves avenging her father's death. She recruits a tough old marshal, 'Rooster' Cogburn because he has 'true grit', and a reputation of getting the job done.",https://image.tmdb.org/t/p/w500/lmexRC57l39elaIcnxhaHpcaIW2.jpg,7.3,1969-06-11,https://www.themoviedb.org/movie/17529
"Cold Mountain","In this classic story of love and devotion set against the backdrop of the American Civil War, a wounded Confederate soldier named W.P. Inman deserts his unit and travels across the South, aiming to return to his young wife, Ada, who he left behind to tend their farm. As Inman makes his perilous journey home, Ada struggles to keep their home intact with the assistance of Ruby, a mysterious drifter sent to help her by a kindly neighbor.",https://image.tmdb.org/t/p/w500/j0AJeeR5CQPDFh0otyWyCWREHO8.jpg,6.928,2003-12-24,https://www.themoviedb.org/movie/2289
"Dear God","A judge gives con-man Tom Turner a choice—a jail sentence, or a year of honest work. But when he gets a job in the U.S. Post Office's dead letter office, he starts a Good Samaritan con by answering letters written to God. His seemingly virtuous work inspires his co-workers to do the same, but their good deeds are frowned upon by the postmaster general—and the cops.",https://image.tmdb.org/t/p/w500/mHc6hY6Rv7S7kS50vW2vVdHWG79.jpg,5.5,1996-11-01,https://www.themoviedb.org/movie/38554
Soul,"Joe Gardner is a middle school teacher with a love for jazz music. After a successful audition at the Half Note Club, he suddenly gets into an accident that separates his soul from his body and is transported to the You Seminar, a center in which souls develop and gain passions before being transported to a newborn child. Joe must enlist help from the other souls-in-training, like 22, a soul who has spent eons in the You Seminar, in order to get back to Earth.",https://image.tmdb.org/t/p/w500/pEz5aROvfy5FBW1OTlrDO3VryWO.jpg,8.102,2020-12-25,https://www.themoviedb.org/movie/508442
U-Turn,"In this Canadian romance, Scott (David Selby) was so smitten by the looks of a pretty girl that he spends years looking for her. He keeps his searches a secret from his live-in lover, whom he stays with the entire while. When Scott actually meets the girl, he discovers that she has been similarly motivated, even though she is married and has had two children in the meantime. They share a romantic assignation and discover that the ideal figure they were each searching for is absent.",https://image.tmdb.org/t/p/w500/axgqQUSgtRnzjiOYJkwAEjtbTs.jpg,3.667,1973-08-15,https://www.themoviedb.org/movie/264904
"The Bachelor","Jimmie is seeing his single friends get married one by one. He isn't too worried until his girlfriend Anne catches the bouquet at his friend Marco's wedding. Suddenly, his wild mustang days are numbered. He finally decides to propose to her, but he sticks his foot in his mouth and botches the proposal. Being insulted by the defeatist proposal, Anne leaves town on an assignment. After she's gone, he finds out that his recently-deceased grandfather's will stipulates that he gets nothing of a multi-million dollar fortune unless he's married by 6:05pm on his 30th birthday: tomorrow! Not being able to find Anne, Jimmie begins backtracking through his past girlfriends to find a wife.",https://image.tmdb.org/t/p/w500/lhDn0yzCDkVCzHEtoLdASSLDHxn.jpg,5.1,1999-11-05,https://www.themoviedb.org/movie/2020
"Forced Vengeance","A casino security guard is forced into violence from when the Hong Kong mob threatens his friends.",https://image.tmdb.org/t/p/w500/3AaPWvywczDIeGFCjUvohBIMzJL.jpg,5.4,1982-07-30,https://www.themoviedb.org/movie/32065
"A Fable","In ""Spaces #2"", 7 internationally acclaimed directors shot, after commissioning by the Thessaloniki International Film Festival, a short film at home, making their own timely comment on the new reality that we live in. The project is inspired by the book ""Species of Spaces"" by the French novelist, filmmaker, documentalist, and essayist, Georges Perec and the days of quarantine. The idea is to create a film at home, using the environment, the people or the animals in that space. The only outdoor areas that may be used are outdoor living spaces, such as the terrace, the garden, the balcony and the stairwell. ""A Fable"" is Radu Jude's submission.",https://image.tmdb.org/t/p/w500/Akbmaawhwz89C9ZqJSYrmUoIZZT.jpg,0,2020-04-21,https://www.themoviedb.org/movie/696556
Emergency,"When a little girl is knocked down it is discovered that there are only three donors of the right blood type to help with a life-saving operation. One is a murderer awaiting execution, one an atomic scientist selling secrets, and one an international footballer about to get his hundreth cap.",https://image.tmdb.org/t/p/w500/xAr6uivPtFjupLrU4gtBBI9QQZo.jpg,5.5,1962-03-02,https://www.themoviedb.org/movie/344045
Choke,"A sex-addicted con-man pays for his mother's hospital bills by playing on the sympathies of those who rescue him from choking to death.",https://image.tmdb.org/t/p/w500/7osy71os3YLiFpNYn567koOnAKZ.jpg,6.084,2008-09-26,https://www.themoviedb.org/movie/13973
"Spoiler Alert","Journalist Michael Ausiello embarks on a rollercoaster ride of emotions when Kit Cowan, his partner of 14 years, is diagnosed with terminal cancer.",https://image.tmdb.org/t/p/w500/m6FQtqoIP7JUqc9hRwQQfuYG2kz.jpg,7.009,2022-12-02,https://www.themoviedb.org/movie/507903
"The Awakening","In post–War England, a writer and sometime-ghost hunter investigates a reported haunting at a boys boarding school.",https://image.tmdb.org/t/p/w500/9SJHeGRlpwkJknUMo7DPg7frrnH.jpg,6.383,2011-08-17,https://www.themoviedb.org/movie/77949
Baghead,"Four actors go to a cabin in the woods to write, direct, and act in a film that will jump-start their careers. Their idea is a horror film about a man with a bag over his head, but what happens when that man mysteriously shows up?",https://image.tmdb.org/t/p/w500/pO3Au8iDpZsJt7Xco6fRsNvm3vz.jpg,5.776,2008-01-21,https://www.themoviedb.org/movie/5759
"The Day the Earth Blew Up: A Looney Tunes Movie","Porky and Daffy, the classic animated odd couple, turn into unlikely heroes when their antics at the local bubble gum factory uncover a secret alien mind control plot. Against all odds, the two are determined to save their town (and the world!)...that is if they don't drive each other crazy in the process.",https://image.tmdb.org/t/p/w500/s2lB1kaYCdGSnZX5meQCiOR6HfX.jpg,7.7,2024-08-01,https://www.themoviedb.org/movie/870360
"The Amateur","After his life is turned upside down when his wife is killed in a London terrorist attack, a brilliant but introverted CIA decoder takes matters into his own hands when his supervisors refuse to take action.",https://image.tmdb.org/t/p/w500/SNEoUInCa5fAgwuEBMIMBGvkkh.jpg,6.967,2025-04-09,https://www.themoviedb.org/movie/1087891
Wow,"In this French Canadian film, the lives of teenagers are examined in fantasy sequences and through the use of documentary interviews.  Prompted by the filmmaker, nine teenagers individually act out their secret dreams and, between times, talk about their world as they see it. The fantasy sequences make creative use of animation, unusual film-development techniques, and stills. Babette conceives of herself as an abbess defending her fortress, a convent; Michelle is transported in a dream of love where all time ceases; Philippe is the revolutionary, defeating all the institutions that plague him, and so on, through all their fantasies. All the actual preoccupations of youth are raised: authority, drugs, social conflict, sex. Jutra's style in ""Wow"" exhibits his innovative approach to storytelling and filmmaking, showcasing his talents as a director during that period. With English subtitles.",https://image.tmdb.org/t/p/w500/kXShuB1qDA8stuJkXVcNHRylBhL.jpg,5.188,1970-03-25,https://www.themoviedb.org/movie/370799
"Meenda Sorgam","Nirmala (Padmini) is a poor but talented young dancer who falls in love with a rich man's son Sekar (Gemini Ganesan), but he is forced to marry a rich man's daughter Prathiba (Tambaram Lalitha). Nirmala promises to her lover that she will never dance in public. Due to various circumstances, Sekar's house is up for auction, and in order to save him, she performs in public. With the money thus earned, she saves his house, but Sekar is unaware of this. When he learns the truth, he begins searching of her, and in the meantime, Prathiba, who is now reformed, commits suicide. Sekar meets Nirmala, who is on the verge of committing suicide, and they are reunited.",https://image.tmdb.org/t/p/w500/57iY3FxqkJNMxriSmrH2a6rMYRu.jpg,0,1960-07-29,https://www.themoviedb.org/movie/262326
"Always & Forever","Claude, a militant anarchist, is caught stealing and is shot by a policeman while fleeing the scene. Dodo, a hairdresser, is hit by one of the stray bullets. They meet in the realm of the dead and together they visit familiar places and their loved ones. By debating their past with each other, they become close and fall in love. Because of their feelings they get the chance to return to life for twelve hours in order to prove the depth love they share.",https://image.tmdb.org/t/p/w500,0,1991-01-25,https://www.themoviedb.org/movie/1249607
"The Kiss","After the death of her mother, a teenage girl is faced with bizarre supernatural occurrences when her mother's estranged sister arrives and begins to infiltrate her and her father's lives.",https://image.tmdb.org/t/p/w500/wGsdpuVjToJxoCRmKpIsCkQd90d.jpg,5.7,1988-10-14,https://www.themoviedb.org/movie/57744
"Museum Hours","A security guard working at an art museum in Vienna crosses paths with a Canadian woman in town to visit her ailing cousin.",https://image.tmdb.org/t/p/w500/6iiBrKR7FeBY7HuRNkkPNDs01yC.jpg,6.788,2012-08-08,https://www.themoviedb.org/movie/128133
"The Will","FRAGMENT | A man lies on his deathbed and shows his will to his carer. After his death, a grieving man and woman come in. The scene changes and we find ourselves on a beach in the company of two couples. They’re about up to fight on a cliff, and one of the men plummets to his death. Then the scene changes again to a living room with a sobbing woman. (Stumfilm.dk)",https://image.tmdb.org/t/p/w500/bJT8ZlqEl0Lxtnv5bI5uOqyDf8y.jpg,2.5,1908-01-07,https://www.themoviedb.org/movie/1053735
Gambit,"An art curator decides to seek revenge on his abusive boss by conning him into buying a fake Monet, but his plan requires the help of an eccentric and unpredictable Texas rodeo queen.",https://image.tmdb.org/t/p/w500/9oj9hpmMLaMhsRpSRCBaoQOpPxM.jpg,5.488,2012-04-25,https://www.themoviedb.org/movie/97434
Blitz,"A tough cop is dispatched to take down a serial killer who has been targeting police officers.",https://image.tmdb.org/t/p/w500/qjqmhhc7uLub22mhu4V6DjOBwXM.jpg,6.183,2011-05-20,https://www.themoviedb.org/movie/55846
Gunman,"A former hitman accepts a minor job for his former boss. However, in a corrupt neighborhood, nothing is what it seems, and he quickly gets caught in a web of unexpected events. A race against time and his own destiny.",https://image.tmdb.org/t/p/w500/eBw5Vso0K3r8Dzycxz0E0lgC40z.jpg,6.385,2025-06-12,https://www.themoviedb.org/movie/1450529
"Meri Bhabhi","A simple-minded, yet loving young couple, Rajoo (Sunil Dutt), and his wife Maya, who allow their child to be adopted by Rajoo's sister-in-law/Bhabhi, Shanti (Kamini Kaushal). Shanti's child was still-born after an accident. But Shanti does not know this, and believes the child to be her own. She is misled and misguided by Gangajali (Lalita Pawar), and as a result Rajoo and Maya are humiliated, not allowed to come near the child, asked to leave the house, and ultimately are charged with kidnapping the child. Rafi's joyful song ""Aaj mera haal na poocho...""; and Lata's lullaby ""Sohya mera pyar aanchal me pehli bar..."", are still popular on radio.",https://image.tmdb.org/t/p/w500/a3MkmMn3mXyQmdfpLYOyvH42U4d.jpg,0,1969-01-15,https://www.themoviedb.org/movie/1387223
"Zoot Suit","Part fact and part fiction, Zoot Suit is the film version of Luis Valdez's critically acclaimed play, based on the actual Sleepy Lagoon murder case and the zoot suit riots of 1940s Los Angeles. Henry Reyna is the leader of a group of Mexican-Americans being sent to San Quentin without substantial evidence for the death of a man at Sleepy Lagoon. As part of the defense committee, Alice Bloomfield and George Shearer fight the blatant miscarriage of justice for the freedom of Henry and his friends.",https://image.tmdb.org/t/p/w500/itSXh6MxBZWvQ7xhSxusk2RwjfM.jpg,6.275,1981-10-02,https://www.themoviedb.org/movie/76397
"The Prey","Three couples go on a camping trip in the woods of southern California during the summer, where a deformed man is stalking their camp.",https://image.tmdb.org/t/p/w500/5Au0B3gvC8zlHJDNbhjzkzSMcKa.jpg,4.2,1983-11-04,https://www.themoviedb.org/movie/70084
"En fånge har rymt","""A Prisoner Has Escaped"" - Franz is imprisoned for blowing up a factory. He escapes in order to prove his innocence.",https://image.tmdb.org/t/p/w500/9thfERGtyhGOL8w48AAt7JX9DUK.jpg,0,1943-12-26,https://www.themoviedb.org/movie/550577
"Killer Pad","Three naïve guys, in their 20s, drive from Illinois to LA. A sleazy real-estate agent gives them a great deal on a house in the Hollywood Hills. The night they arrive, a solitary Mexican, who speaks only Spanish, tries to warn them that the place is possessed by Satan. They don't understand him, move in, and plan a party after they meet Lucy, their gorgeous neighbor from down the hill. An old friend of theirs, studying to be a priest, joins them. In the basement is a portal to Hell, so at the party, guests meet their end in various ways. Lucy and her friends may not be who the lads think. Is there any hope for these innocents? Maybe their neutered dog can help.",https://image.tmdb.org/t/p/w500/oOZOKZYD51wD2gjvd9lGXliE5WB.jpg,3.821,2008-02-05,https://www.themoviedb.org/movie/58096
"Milt & Honi","The story of legendary jazz bassist Milt Hinton and tap dancer Charles ""Honi"" Coles offers a front row seat to the creation of Jazz History. The film includes rehearsals, practice sessions, photographs, historical film footage, as well as a lunch break interview at New York's China Song restaurant in which the artists discuss everything from the mathematical principles of music to the dance acts who played the Apollo. The film also features a special appearance by choreographer/tap dancer Brenda Bufalino.",https://image.tmdb.org/t/p/w500/qWcDO7JOufzyejiaMILHB6dxFGs.jpg,0,,https://www.themoviedb.org/movie/1091673
"Bad Words","Forty-year-old misanthrope, Guy Trilby, enters the National Golden Quill Spelling Bee through a loophole in the rules.",https://image.tmdb.org/t/p/w500/hZo399sszo6QxEPOmqJiq5NhQeU.jpg,6.393,2013-09-06,https://www.themoviedb.org/movie/209403
Glory,"Robert Gould Shaw leads the US Civil War's first all-black volunteer company, fighting prejudices of both his own Union army and the Confederates.",https://image.tmdb.org/t/p/w500/pGDzBjZvzmSCIEduQBfESLMiwtp.jpg,7.475,1989-12-15,https://www.themoviedb.org/movie/9665
"The Chaperone","Extremely rare roughie in the vein of LAST HOUSE ON THE LEFT. A group of young hippies go camping accompanied by an uptight, sexually repressed, middle-aged chaperone. The chaperone is envious of the youngster's liberated ways and doesn't trust one of the young men. Then the group is plagued by a series of vicious knife murders. Directed by Israeli-born Jourdan Alexander (as ""Jaacov Jaavoci"") and written by Svetlana, both of whom would make a name for themselves in hardcore porn, this one's nearly impossible to track down nowadays. The only known home video release occurred in Australia on the King of Video / Video Budget label and their release is reduced down to just 70 minutes from the original 87.",https://image.tmdb.org/t/p/w500/aoLPq6a1zy3ED7aHAfmQ4ensqQO.jpg,2,1974-10-18,https://www.themoviedb.org/movie/446585
"The Initiation","An amnesiac sorority member who has been plagued by a recurring nightmare is stalked alongside other coeds by a killer in a deserted department store where they are completing a hazing ritual.",https://image.tmdb.org/t/p/w500/fO5wtb8CIrYNTzq8wJ3ZjowMFuw.jpg,5.4,1984-12-07,https://www.themoviedb.org/movie/63360
"Heavy Vinyl","Denny and Jeremy love Heavy Metal and old school vinyl records, especially those rumored to have Subliminal Backwards Messages. When they find a copy of Sealed Fayte's infamous, banned and out-of-print debut album, they can't get it on the turntable fast enough - and that's when the s--t hits the fan leaving only them and Denny's sister, Hallie, to figure out how to save the world from the terror unleashed on 180gram heavy vinyl.",https://image.tmdb.org/t/p/w500/xHBGmvW21q2IuWLGfkWQdwpioa4.jpg,7,2023-01-13,https://www.themoviedb.org/movie/1253411
"All Wrong","Salesman Warren Kent develops the idea of ""The Unending Courtship"" and manages to convince his new wife Betty of his theory, which entails their living separately and only meeting on Wednesday evenings, as they did while they were engaged. Warren's boss, however, who was never enamored of the idea, fires him when he bungles an account and loses the company a large order. On top of that, through a series of misunderstandings Warren comes to believe that his wife is pregnant and his mother-in-law believes that Warren is having an affair with Betty's friend Ethel. Things go downhill for Warren from there.",https://image.tmdb.org/t/p/w500/gkhVbkzGl1JN3SoyXlofCflBnuB.jpg,4.5,1919-06-01,https://www.themoviedb.org/movie/549777
"Fire Birds","A joint task force operation between the Drug Enforcement Administration and the U.S. Army has been formed to dismantle one of the largest drug cartels operating in South America. Multiple attempts to assault the cartel's mountainous compound have been thwarted by a Scorpion-attack helicopter piloted by a cartel leader, Eric Stoller (Bert Rhine). After having several aircraft shot down, most notably a pair of UH–60 Black Hawks and their AH–1 Cobra escorts, the army turns to the new AH–64 Apache attack helicopter, which can match its enemies' maneuverability and firepower.",https://image.tmdb.org/t/p/w500/ovFjMCmlA8Ox1ZYwVQVmWa9KbOp.jpg,5.008,1990-05-25,https://www.themoviedb.org/movie/6470
"Oh Boy!","George elopes with Lou Ellen, a judge's daughter, against the wishes of both their families. Simultaneously, George's friend Jim is in love with Jackie, an actress who gets into trouble for punching a bumbling constable at a raided party. George foolishly allows Jackie to hide in his home, leading to a series of comedic complications as he tries to keep her presence a secret from his new wife, her parents (especially her strict judge father), and his Quaker aunt.",https://image.tmdb.org/t/p/w500/pOcEBHkCAXBPPTVWFfNoMd9Ebm0.jpg,0,1919-06-22,https://www.themoviedb.org/movie/761552
"Wonder Woman","An Amazon princess comes to the world of Man in the grips of the First World War to confront the forces of evil and bring an end to human conflict.",https://image.tmdb.org/t/p/w500/v4ncgZjG2Zu8ZW5al1vIZTsSjqX.jpg,7.2,2017-05-30,https://www.themoviedb.org/movie/297762
"T2 Trainspotting","After 20 years abroad, Mark Renton returns to Scotland and reunites with his old friends Sick Boy, Spud and Begbie.",https://image.tmdb.org/t/p/w500/xlbpCwa9OXXIiNgXcwuompHFIk9.jpg,6.945,2017-01-27,https://www.themoviedb.org/movie/180863
Fashion,"A small-town girl finally realizes her dream of becoming a famous supermodel but soon finds out that there's a price for her glamorous new life.",https://image.tmdb.org/t/p/w500/6PQyJUJ3Ny1AZegtL5OkUATCIcr.jpg,6.456,2008-10-29,https://www.themoviedb.org/movie/19624
"The Breed","Brothers John and Matt have inherited an island cabin from their recently deceased uncle. Along with Matt's girlfriend, Nicki, and other mutual friends, the siblings travel to the cabin for a relaxing weekend getaway. But, not long after arriving, the group is besieged by ravenous dogs. They watch in horror as another vacationer, Luke, is eaten alive. Soon, they discover a training facility where the dogs have been bred to kill.",https://image.tmdb.org/t/p/w500/84wIp36RZ1zpVBoJTjwzGjZVRxD.jpg,5.458,2006-05-17,https://www.themoviedb.org/movie/10063
Warfare,"A platoon of Navy SEALs embarks on a dangerous mission in Ramadi, Iraq, with the chaos and brotherhood of war retold through their memories of the event.",https://image.tmdb.org/t/p/w500/srj9rYrjefyWqkLc6l2xjTGeBGO.jpg,7.125,2025-04-09,https://www.themoviedb.org/movie/1241436
Inheritance,"The patriarch of a wealthy and powerful family suddenly passes away, leaving his wife and daughter with a shocking secret inheritance that threatens to unravel and destroy their lives.",https://image.tmdb.org/t/p/w500/rEpfvgTQsc768zNND0SjMelbnLH.jpg,6.335,2020-04-30,https://www.themoviedb.org/movie/602147
"Christmas Angel","Ashley has been on her own all her life. She feels even more alone this Christmas as she searches fruitlessly for a job. The seasonal cheer around her only rubs salt in her wounds as she scrapes by to support herself and her dog, Dash. But her neighbor, Nick, knows exactly what to do. He offers her a job, to be his assistant in the best work-helping others. There's one catch that Ashley must honor though-she can't tell anyone that her new boss is a sort of Secret Santa, helping others anonymously. Through her new job, Ashley meets Will, a writer for a business magazine who uncovers what Ashley is doing, and more importantly, Nick's involvement. As Ashley and Nick help people in need, Ashley tries to protect Nick's secret, and her own heart, while Will must weigh the consequences of what he does.",https://image.tmdb.org/t/p/w500/c1HZZB7ZWHWyEryKJgoT3rRFfCb.jpg,7.1,2009-11-10,https://www.themoviedb.org/movie/50454
"Dark Woman Arranger -Rio- Cabaret Club / AV / Customs Bewitching Beauty Scout","Kyabakura, customs, delivery health ... Rio (Mami Nagase) is a great scout who has no strangers in Kabukicho at night when there are many shops selling women. At one time, he skillfully invites innocent and stupid women who yearn for the world of the night, and at another time, he runs through the battle of pulling out the cabaret of men who aim for the night king. Why did Rio, who takes both men and women, decide to go on the path of scouting? There was a drama of SEX and betrayal with a man I once loved from the bottom of my heart ...",https://image.tmdb.org/t/p/w500/ms2DBwaMhZXDilD47hqaqUWagwo.jpg,0,2019-01-01,https://www.themoviedb.org/movie/859319
"The Wolfman","Lawrence Talbot, an American man on a visit to Victorian London to make amends with his estranged father, gets bitten by a werewolf and, after a moonlight transformation, leaves him with a savage hunger for flesh.",https://image.tmdb.org/t/p/w500/fQqPoAHvHicie1ttuiV2q0yv9V7.jpg,5.878,2010-02-10,https://www.themoviedb.org/movie/7978
"Street Smart","A New York journalist lies when his fake story about a pimp describes a real pimp up for murder.",https://image.tmdb.org/t/p/w500/7aPwpPjrEozWWBr4fZEwmFeTEh5.jpg,5.939,1987-03-20,https://www.themoviedb.org/movie/60631
"April Showers","April 1974 saw the fall of a long lasting dictatorship. The young democracy developed in the midst of much social and political turmoil. The armed wing of a leftist group changed the future of one family - the father disappears without trace, the mother denies their past, and the son grows up with unanswered questions. As a young man, Pedro is determined to reach for answers, aided by his apparently batty grandmother. Collecting clues and meeting people who would rather prefer to remain forgotten. His inner journey leads him Portugal to Spanish through the deserted roads of Alentejo. Pedro will find himself, but there is a price to pay.",https://image.tmdb.org/t/p/w500/gra7gRvuh01BGAu7vYBdb9BvxpI.jpg,4,2009-01-26,https://www.themoviedb.org/movie/715541
"The Changeling","After a tragic event happens, composer John Russell moves to Seattle to try to overcome it and build a new and peaceful life in a lonely big house that has been uninhabited for many years. But, soon after, the obscure history of such an old mansion and his own past begin to haunt him.",https://image.tmdb.org/t/p/w500/z4nTYj3JZ5jWAhDgrmEhW2GRAzb.jpg,6.984,1980-03-28,https://www.themoviedb.org/movie/13550
"Sand Castle","Set during the occupation of Iraq, a squad of U.S. soldiers try to protect a small village.",https://image.tmdb.org/t/p/w500/aw2K9mV3DE4ez3glmKmBxpzrDPQ.jpg,6.515,2017-04-21,https://www.themoviedb.org/movie/390054
Chappaquiddick,"Ted Kennedy's life and political career become derailed in the aftermath of a fatal car accident in 1969 that claims the life of a young campaign strategist, Mary Jo Kopechne.",https://image.tmdb.org/t/p/w500/kkTD7ufZd7AqAnZP5IMnrQXKRpM.jpg,6.088,2018-04-06,https://www.themoviedb.org/movie/432301
Bloodlines,"Based on one of the most famous mysterious disappearances in the world, Richard John Bingham, the Seventh Earl of Lucan, was accused of the murder of 29-year-old nanny Sandra Rivett on 7 November 1974, at his family home at 46 Lower Belgrave Street, in London. Three days later, police found his borrowed Ford Corsair abandoned some 16 miles away near the docks of Newhaven. Since then there have been many reported 'sightings' of Lord Lucan around the globe viz. Africa, Australia, the Netherlands, Ireland and Sicily.",https://image.tmdb.org/t/p/w500/tbMdk4b2riDwfYbhXXWxah3JaCj.jpg,0,2004-11-08,https://www.themoviedb.org/movie/1401892
"Golden Love","Golden Love is a tender and heartwarming short film that explores the enduring bond between an elderly couple, Amos and Anna, and their mischievous yet lovable cat. Set against the quiet rhythms of their everyday life, the film beautifully captures moments of love, nostalgia, and the unspoken connection that binds them together.",https://image.tmdb.org/t/p/w500/cyR7dTxez6RkZuz3TBC9RV9DGZF.jpg,0,2024-12-21,https://www.themoviedb.org/movie/1414635
Denmark,"Herb’s life is a mess. He’s lost his welfare, can’t hold a job, can’t talk to his son, has a neighbour who won’t shut up and a diet that consists mainly of cheap beer and mushy peas. It’s no way to live and he knows it.  Then he learns from a TV news report that Danish prisoners have it way better than he does: a job, accessible healthcare, the quiet of the countryside, even an HDTV. They’re practically living in hotels.  He says goodbye (and good riddance) to his dingy flat and smuggles himself to Denmark aboard a cargo ship, landing in a quaint town with everything he needs -- including a bank to rob. But when he meets a friendly local barmaid and a lovable stray dog that won’t leave his side, he begins to wonder if prison really is his only chance of a fulfilling life.",https://image.tmdb.org/t/p/w500/qeaxgyhHs6OfXO9em7xa0RUAuGp.jpg,6.161,2019-12-05,https://www.themoviedb.org/movie/489162
"Saint Ralph","This Canadian made comedy/drama, set in Hamilton, Ontario in 1954, is a sweet and - at times - goofy story that becomes increasingly poignant as the minutes tick by.  It's the fictional tale of a wayward 9th grader, Ralph (Adam Butcher), who is secretly living on his own while his widowed, hospitalized mother remains immersed in a coma. Frequently in trouble with Father Fitzpatrick (Gordon Pinsent), the principal of his all-boys, Catholic school, Ralph is considered something of a joke among peers until he decides to pull off a miracle that could save his mother, i.e., winning the Boston Marathon.  Coached by a younger priest and former runner, Father Hibbert (Campbell Scott), whose cynicism has been lifted by the boy's pure hope, Ralph applies himself to his unlikely mission, fending off naysayers and getting help along a very challenging path from sundry allies and friends.",https://image.tmdb.org/t/p/w500/3MdWgqUunIBWnc7mYi2dtZrD54Y.jpg,6.942,2005-08-05,https://www.themoviedb.org/movie/25248
"John Wick: Chapter 4","With the price on his head ever increasing, John Wick uncovers a path to defeating The High Table. But before he can earn his freedom, Wick must face off against a new enemy with powerful alliances across the globe and forces that turn old friends into foes.",https://image.tmdb.org/t/p/w500/vZloFAK7NmvMGKE7VkF5UHaz0I.jpg,7.716,2023-03-22,https://www.themoviedb.org/movie/603692
Champions,"A stubborn and hotheaded minor league basketball coach is forced to train a Special Olympics team when he is sentenced to community service.",https://image.tmdb.org/t/p/w500/i46Gke8Kg3uH2K5eM0rDo4HzPtq.jpg,6.721,2023-03-09,https://www.themoviedb.org/movie/933419
"North Mountain","Wolf, a young métis hunter living on the mountain. While hunting deep in the woods he discovers Crane, an older man with a mysterious past and the scars to prove it. Wolf nurses him back to health. Over time their bond gets deeper and they fall in love. When outsiders begin to show up looking for Crane, blood begins to flow. Cornered by an army of crooked cops, Wolf and Crane work together to boobie trap the mountain, taking them out one at a time until they come face-to-face with the man who pulls the strings…. Bretten Hannam’s debut feature is an ambitious action/thriller with outstanding performances from Justin Rain (Defiance) and Festival favourite Glen Gould (Rhymes for Young Ghouls, Charlie Zone).",https://image.tmdb.org/t/p/w500/6YW5EEUE2CSpv8vvZ5nAMa8JfxS.jpg,2,2015-09-23,https://www.themoviedb.org/movie/356318
Stalked!,"In The Intruder Part 1, a young woman (Vanessa Carlton) is stalked by a rapist (David Shore) and then held captive by her attacker until he’s ready to act!  In The Intruder Part 2, Vanessa Carlton stars as Devlin, the cop who can’t seem to bring her suspects in alive and in one piece! After her last experience in, Devlin finds herself going undercover in a seedy go-go bar as a dancer in an attempt to stop a serial killer! Her superior, Lt. Juliano (GW Lawrence), has set her up as the next target. But unknown to all of them, a person from her past may cause her untimely death!",https://image.tmdb.org/t/p/w500/scRvKpf1DdhZDtQe1GE9WHuROfW.jpg,0,1993-10-06,https://www.themoviedb.org/movie/1242562
Bulletproof,"Young Benny Jackson is in danger of losing the beloved family business, Bulletproof Jackson's Saloon to an avaricious developer. In his quest, Benny stumbles across a journal that belonged to his great great grandfather, the famous gunslinger Bulletproof Jackson. Benny opens the journal and we are brought back to the wild west where we learn the true legend of Bulletproof and perhaps the secret that will save the Saloon. But for Benny, the journal holds many more questions than answers...",https://image.tmdb.org/t/p/w500/9CFBGwHbutAFiABPMVwlkp7o3Y5.jpg,8,2013-02-13,https://www.themoviedb.org/movie/895130
"Untitled Stephen Chbosky/Apple Film","Based on the 2023 German comedy-drama Weekend Rebels, an autistic teenager wants to find a favorite Premiere League soccer club and makes his father take him to see every single team so he can decide.",https://image.tmdb.org/t/p/w500,0,,https://www.themoviedb.org/movie/1337193
"The Wall","An American sniper and his spotter engage in a deadly cat-and-mouse game with an Iraqi sniper.",https://image.tmdb.org/t/p/w500/8POAZwZpp24l1IgKKM8ZRAQ2kid.jpg,6.39,2017-05-12,https://www.themoviedb.org/movie/405775
"The Lodgers","1920, rural Ireland. Anglo-Irish twins Rachel and Edward share a strange existence in their crumbling family estate. Each night, the property becomes the domain of a sinister presence (The Lodgers) which enforces three rules upon the twins: they must be in bed by midnight; they may not permit an outsider past the threshold; and if one attempts to escape, the life of the other is placed in jeopardy. When troubled war veteran Sean returns to the nearby village, he is immediately drawn to the mysterious Rachel, who in turn begins to break the rules set out by The Lodgers. The consequences pull Rachel into a deadly confrontation with her brother - and with the curse that haunts them.",https://image.tmdb.org/t/p/w500/qoqFM6t9wlBITWKRogJUompoClh.jpg,5.03,2017-10-05,https://www.themoviedb.org/movie/429467
"High Explosive","Mike Douglas (Barry Sullivan), owner of a nitroglycerin concern hires his old friend ""Buzz"" Mitchell (Chester Morris), a race-driver of midget-auto cars who has been banned from racing, to go to work hauling nitro. ""Buzz"" makes a play for Connie Baker (Jean Parker), Mike's secretary and girlfriend, and also for Doris Lynch (Barbara Lynn), fiancée of Connie's younger brother, Jimmy ('Rand Brooks'), and gets Jimmy to replace him on a dangerous nitro haul and Jimmy, of course, has an accident and gets killed. But ""Buzz"" finds a way to redeem himself. The hard way.",https://image.tmdb.org/t/p/w500/Jn4E9vwSH0EeBi97MIQtYz0JFu.jpg,5.7,1943-03-27,https://www.themoviedb.org/movie/640730
"Scorpions - Forever and a Day","A documentary on the acclaimed rock band Scorpions",https://image.tmdb.org/t/p/w500/sqipg4iG3QwAqzyIbdLw2CVGZ9A.jpg,6.8,2015-03-26,https://www.themoviedb.org/movie/323583
"Fall Creek","A homage to nature and a plea for a careful approach to it. In one of his early films, Jon Jost shows impressions of a stream in the forest and a couple streaming through the forest: direct looks into the camera, cross-fades, multiple exposures, playing with sunlight, shadows and shapes. At the end, the appeal of a Wintu indigenous man who condemns the reckless treatment of the whites with nature is faded in.",https://image.tmdb.org/t/p/w500/76D1EJzcMBdTPHl4Fa0vfjmB1Gn.jpg,5,1970-01-01,https://www.themoviedb.org/movie/847980
"Happy Gilmore 2","Happy Gilmore isn't done with golf — not by a long shot. Since his retirement after his first Tour Championship win, Gilmore returns to finance his daughter's ballet classes.",https://image.tmdb.org/t/p/w500/ynT06XivgBDkg7AtbDbX1dJeBGY.jpg,6.613,2025-07-25,https://www.themoviedb.org/movie/1263256
"Beauty and the Beast","Follow the adventures of Belle, a bright young woman who finds herself in the castle of a prince who's been turned into a mysterious beast. With the help of the castle's enchanted staff, Belle soon learns the most important lesson of all -- that true beauty comes from within.",https://image.tmdb.org/t/p/w500/hUJ0UvQ5tgE2Z9WpfuduVSdiCiU.jpg,7.729,1991-10-22,https://www.themoviedb.org/movie/10020
Obsession,"Before meeting George Good, Sonny Jordan was just a lost drifter with a troubled past floating from town to town, looking for work. As fate would have it, Sonny ends up saving George's life from a murderous back-alley mugger. As thanks, George gives Sonny a home and a job as a mechanic on his farm in the lonely Louisiana Bayou. Sonny quickly settles in and makes himself useful around the place but then Sonny meets Larissa, George's alluring wife. She has a mysterious past and the two are irresistibly drawn to each other. The two begin a passionate affair leading them to construct a twisted plot to take George's life in cold blood in order to be together. As their despicable plan unravels, they learn how far they are willing to go to cover their misdeed.",https://image.tmdb.org/t/p/w500/5p9VqPTdiYkdO9NF0oe7bBhJcIF.jpg,5.1,2019-09-27,https://www.themoviedb.org/movie/620561
Khel,"Two friends falling in love with the same girl leads to murder and intrigue.",https://image.tmdb.org/t/p/w500/kf7RBph4apQPa3tUjClSzdIZrO2.jpg,4.9,2003-10-03,https://www.themoviedb.org/movie/166225
"Body Double","After losing an acting role and his girlfriend, Jake Scully finally catches a break: he gets offered a gig house-sitting in the Hollywood Hills. While peering through the beautiful home's telescope one night, he spies a gorgeous woman dancing in her window. But when he witnesses the girl's murder, it leads Scully through the netherworld of the adult entertainment industry on a search for answers—with porn actress Holly Body as his guide.",https://image.tmdb.org/t/p/w500/lRFm5P2AdOGpELwm3HHhmUz6k5I.jpg,6.76,1984-10-25,https://www.themoviedb.org/movie/11507
"Black Christmas","A group of sorority pledges are stalked by a stranger during their Christmas break. That is until the young women discover that the killer is part of an underground campus conspiracy.",https://image.tmdb.org/t/p/w500/iMBlUzqwpz9ffbeLsYjyHPp8tn8.jpg,4.5,2019-12-11,https://www.themoviedb.org/movie/551808
"The Box","A young boy on a mission to collect what he believes to be his father’s remains gets sucked into the underbelly of the migrant industry in Mexico.",https://image.tmdb.org/t/p/w500/1zIAwaWd1tulyXVX26L60y9AFfn.jpg,6.405,2021-09-06,https://www.themoviedb.org/movie/617246
"Due Date","Peter Highman must scramble across the US in five days to be present for the birth of his first child. He gets off to a bad start when his wallet and luggage are stolen, and put on the 'no-fly' list. Peter embarks on a terrifying journey when he accepts a ride from an actor.",https://image.tmdb.org/t/p/w500/sBxWS09pOOyXZ0dcnqfqqCAQGan.jpg,6.384,2010-11-03,https://www.themoviedb.org/movie/41733
"Pink Tights","When a circus troupe comes to a small, extremely conservative New England town, the residents go to their minister to have him protest the scandalous fact that the female tightrope walker wears a pair of pink tights. When she has an accident and is forced to recuperate at the minister's house, he has to hide her in order to avoid even more of a scandal. Mazie Darton, a high-wire performer with a traveling circus, longs for a peaceful country life. Forced to stay in a small town while laid up with an injury, Darton is spurned by the conservative townspeople. Rev. Jonathon Meek, the local parson, befriends the circus troupe, especially Darton. But he, too, opens himself to criticism from his flock, who protest his closeness with the show people. Eventually, Darton's boyfriend arrives and the pair become closer. The parson fades from the scene as a possible mate for Darton, who ends up winning the hearts of the townspeople.",https://image.tmdb.org/t/p/w500/8IIXaaXoG0ISoO4BdEfkAV8PHJv.jpg,3.5,1920-09-25,https://www.themoviedb.org/movie/233440
"The Transgressor","A story of Puritan village life. The son of a minister wins a girl away from her devoted fisherman. Orphaned, she is adopted by the minister, and when her child is born refuses to reveal the father's name. She is cast out by the minister and scorned by the people. When her child is dying the fisherman comes back to her with unfaltering love, and the minister's son meets a tragic death at the hands of the Indians.",https://image.tmdb.org/t/p/w500,0,1913-06-25,https://www.themoviedb.org/movie/937173
"Lilo & Stitch","As Stitch, a runaway genetic experiment from a faraway planet, wreaks havoc on the Hawaiian Islands, he becomes the mischievous adopted alien ""puppy"" of an independent little girl named Lilo and learns about loyalty, friendship, and ʻohana, the Hawaiian tradition of family.",https://image.tmdb.org/t/p/w500/m13Vbzv7R2GMAl3GXFrkmMEgCFQ.jpg,7.6,2002-06-21,https://www.themoviedb.org/movie/11544
"Open Windows","Nick is excited to discover he's won a dinner date with his favorite actress, Jill Goddard. But when Jill refuses to honor the contest, he receives an offer he can't refuse: the ability to view Jill secretly via computer. Nick begins watching the unknowing star on her webcam, not realizing that this decision will put himself and Jill at risk as they enter a terrifying world of cat-and-mouse.",https://image.tmdb.org/t/p/w500/dHA9jV7xKWjOvv2lYWxDwAmZjhk.jpg,5.1,2014-07-04,https://www.themoviedb.org/movie/151368
"Second Chances","Jenny McLean is a single mom working at a 911-call center struggling to make ends meet and raise her two kids, Elsie and Luke. Although still reeling from her divorce, Jenny can’t help but flirt when she gets emergency calls from Jeff, a local firefighter she nicknames “Cowboy” for his handsome voice. When Jeff is hurt in the line of duty, he finds himself unable to climb stairs and needing to rent a first floor room from Jenny. It isn't long before the sparks are flying but can Jenny allow herself to take the risk?",https://image.tmdb.org/t/p/w500/qIEzkMMzDfkHt1Qj6jpReGY1d5C.jpg,6.2,2013-05-20,https://www.themoviedb.org/movie/212762
"Rocky II","After Rocky goes the distance with champ Apollo Creed, both try to put the fight behind them and move on. Rocky settles down with Adrian but can't put his life together outside the ring, while Creed seeks a rematch to restore his reputation. Soon enough, the ""Master of Disaster"" and the ""Italian Stallion"" are set on a collision course for a climactic battle that is brutal and unforgettable.",https://image.tmdb.org/t/p/w500/nMaiiu0CzT77U4JZkUYV7KqdAjK.jpg,7.282,1979-06-15,https://www.themoviedb.org/movie/1367
"Gran Turismo","The ultimate wish-fulfillment tale of a teenage Gran Turismo player whose gaming skills won him a series of Nissan competitions to become an actual professional racecar driver.",https://image.tmdb.org/t/p/w500/51tqzRtKMMZEYUpSYkrUE7v9ehm.jpg,7.738,2023-08-09,https://www.themoviedb.org/movie/980489
"Springtime Man","A Yakuza member seeking to lead a new life in Manila. A morbid turn of events brings Haruo (Jacky Woo) to the squalor of Manila. A prized asset of the feared Yakuza in Tokyo, Haruo, aka Tadano Hayashi, escapes the criminal syndicate with bountiful cash, a helpless Filipina bar girl (Nina Kodaka) – and tragic consequences. Now solitary, he has uprooted himself to the railside slums of the metropolis, wistfully fending for himself. Still hiding from his past, he rents out a small room, seemingly lost in the clutter of wandering souls desperate for survival. There, he spends his days anonymously roaming the congested streets selling food, and even giving them away for the hungry. But he mostly keeps to himself, even to the inquisitive Edna (Rosanna Roces), an aging bar girl with whom he occasionally shares his bed.",https://image.tmdb.org/t/p/w500/eqhSVOU80GBmKroubY9vJYHOFjN.jpg,0,2011-12-17,https://www.themoviedb.org/movie/217574
"Code 46","In a dystopian future, insurance fraud investigator William Gold arrives in Shanghai to investigate a forgery ring for ""papelles"", futuristic passports that record people's identities and genetics. Gold falls for Maria Gonzalez, the woman in charge of the forgeries. After a passionate affair, Gold returns home, having named a coworker as the culprit. But when one of Gonzalez's customers is found dead, Gold is sent back to Shanghai to complete the investigation.",https://image.tmdb.org/t/p/w500/ijayvLrCAwOVizi9OY8LZWq5SRW.jpg,6.175,2003-09-02,https://www.themoviedb.org/movie/2577
"Impossible Catherine","The head of the Kimberly household rules it with an iron fist. Unfortunately the head of the Kimberly household isn't Grant (J.H. Gilmore), the father and wealthy Wall Street magnate -- it's his spoiled, headstrong daughter Catherine (Virginia Pearson). She is so willful that she has earned the name ""Impossible Catherine,"" and her whole focus in life is to prove women's superiority over the masculine gender.",https://image.tmdb.org/t/p/w500/4jt3KrCkFyyF7f2mv8KAvT6XbvR.jpg,0,1919-10-05,https://www.themoviedb.org/movie/613879
"The Godfather Part II","In the continuing saga of the Corleone crime family, a young Vito Corleone grows up in Sicily and in 1910s New York. In the 1950s, Michael Corleone attempts to expand the family business into Las Vegas, Hollywood and Cuba.",https://image.tmdb.org/t/p/w500/hek3koDUyRQk7FIhPXsa6mT2Zc3.jpg,8.571,1974-12-20,https://www.themoviedb.org/movie/240
"November Christmas","A young father asks for pumpkins at the local farm stand. ""In August? No."" the farmer replies. The farmer ruminates on the odd request and gets involved with strangers for the first time since his son's death long ago.",https://image.tmdb.org/t/p/w500/5pyVraJsoQpSVFHSDYI3ners0qI.jpg,7.5,2011-06-21,https://www.themoviedb.org/movie/52688
"Bizet: Carmen","Richard Eyre’s stunning new production of Bizet’s opera was the talk of the town when it was unveiled on New Year’s Eve 2009. Elīna Garanča leads the cast as the iconic gypsy of the title—a woman desired by every man but determined to remain true to herself. Roberto Alagna is Don José, the soldier who falls under her spell and sacrifices everything for her love, only to be cast aside when the toreador Escamillo (Teddy Tahu Rhodes) piques Carmen’s interest. With dances created by star choreographer Christopher Wheeldon and conducted by rising maestro Yannick Nézet-Séguin, this Carmen brings every aspect of Bizet’s tale to thrilling life, from its lighthearted beginning to its inevitably tragic climax.",https://image.tmdb.org/t/p/w500/me0J21ZQt3cQEEvx8EqIhsg2igO.jpg,7.7,2010-01-15,https://www.themoviedb.org/movie/248042
"Dark River","After her father dies, a young woman returns to her Yorkshire village for the first time in 15 years to claim the family farm she believes is hers.",https://image.tmdb.org/t/p/w500/2dAAl5Sm4XzSU5D0IozMTCliT1V.jpg,5.633,2017-10-07,https://www.themoviedb.org/movie/429195
"Now You See Me 2","One year after outwitting the FBI and winning the public’s adulation with their mind-bending spectacles, the Four Horsemen resurface only to find themselves face to face with a new enemy who enlists them to pull off their most dangerous heist yet.",https://image.tmdb.org/t/p/w500/A81kDB6a1K86YLlcOtZB27jriJh.jpg,6.824,2016-06-02,https://www.themoviedb.org/movie/291805
"El Portero","Cantinflas works as a porter, who writes letters and speeches in his old writing machine to earn an extra money, despite the fact that he still goes to school. The sentimental issues come when Cantinflas falls in love of his pretty neighborhood (Silvia Pinal), who is handicapped and unable to walk. The thing wont be easy, because a young military man also has feelings for the girl. But the porter wants to see her happy, and he will become a sort of Cyrano De Bergerac, writing love letters to her signed by the young soldier. His plan is simple: to win money in the horse races in order to pay the operation which will make her walk again.",https://image.tmdb.org/t/p/w500/zjbE6ufnJqf6qvaiMvEavs77cSB.jpg,7.5,1950-05-03,https://www.themoviedb.org/movie/82778
Adventure,"David Sheldon owns a plantation in the Solomon Islands. Many of his field hands die of blackwater fever, and then he becomes sick himself. Joan Lackland, a female soldier of fortune, arrives by schooner in the islands. With the help of her Kanaka crew, she protects David from an attack by the natives who are led by Googomy. Joan nurses David back to health and becomes his business partner, protecting his mortgaged property from two avaricious moneylenders. Seeking vengeance, the moneylenders incite the natives to revolt.",https://image.tmdb.org/t/p/w500/iPnrJhEf8jtLgE0p2CtkmRbg1hG.jpg,0,1925-04-26,https://www.themoviedb.org/movie/57320
"The Twilight Saga: New Moon","Forks, Washington resident Bella Swan is reeling from the departure of her vampire love, Edward Cullen, and finds comfort in her friendship with Jacob Black, a werewolf. But before she knows it, she's thrust into a centuries-old conflict, and her desire to be with Edward at any cost leads her to take greater and greater risks.",https://image.tmdb.org/t/p/w500/k2qTooPlHffgNABNWxeJdGMglPK.jpg,5.994,2009-11-18,https://www.themoviedb.org/movie/18239
"Hail, Caesar!","When a Hollywood star mysteriously disappears in the middle of filming, the studio sends their fixer to get him back.",https://image.tmdb.org/t/p/w500/ozY79UvbYvJUWFg2UCM1CDQ7rBl.jpg,5.93,2016-02-05,https://www.themoviedb.org/movie/270487
Butter,"An adopted girl discovers her talent for butter carving and finds herself pitted against an ambitious local woman in their Iowa town's annual contest.",https://image.tmdb.org/t/p/w500/30sLoIcLHjZwjMiTjyTUrTNawB4.jpg,5.857,2012-10-05,https://www.themoviedb.org/movie/79697
"Sixty Six","A boy's Bar Mitzvah looks set to be a disaster when it coincides with the 1966 World Cup Final.",https://image.tmdb.org/t/p/w500/tslE4UT0p4z6Qju2cdqpfFC46Hr.jpg,6.6,2006-11-03,https://www.themoviedb.org/movie/31082
"Toy Tinkers","When Donald Duck chops a Christmas tree, the inquisitive chipmunks Chip and Dale follow and see him decorate it with nuts and sweets. So they sneak in his home, determined to 'harvest' it all, using the toys for the Duck nephews, as if Christmas came early for them, so to say. Donald puts up an equally 'playful' yet grim defense, so it all rapidly escalates into a bitter miniature two-to-one-giant war over the Christmas-treats.",https://image.tmdb.org/t/p/w500/3YbEmLfVC8wzYIcBryGgKXmku01.jpg,6.9,1949-12-16,https://www.themoviedb.org/movie/67697
"Summer Paradise","Conventions of civility among family members are severely strained by the very real breakup of the bonds between them. During a few days at a vacation home, Katha, a woman in late middle age, tries to cope with an influx of discontented, disconnected relatives. Her divorced daughter brings all sorts of people to the house, including a woman-friend accompanied by her psychotic son; the grandfather of the house is convinced he is dying and is satisfied by nothing; and some friends drop off their angry teenage son to stay with her, while they go on a long trip abroad. Her friend Emma doesn't help much with keeping a lid on things, as she is a social worker who is fascinated by the awfulness of these situations.",https://image.tmdb.org/t/p/w500/gMF5FG141ItdIbx5AvoKHmhhXyi.jpg,4.857,1977-04-27,https://www.themoviedb.org/movie/394968
"ABBA Voyage","ABBA Voyage is a virtual concert residency by the Swedish pop group ABBA. The concerts feature virtual avatars (dubbed 'ABBAtars'), depicting the group as they appeared in 1977. The concerts are held in a purpose-built venue at the Queen Elizabeth Olympic Park in London, officially called the ABBA Arena.",https://image.tmdb.org/t/p/w500/9eKb6BA6XTqN9WUTdvJn7ds4wKp.jpg,0,2022-05-27,https://www.themoviedb.org/movie/1025476
Cross-Roads,"A ghost returns from the grave to seek revenge.",https://image.tmdb.org/t/p/w500/yhlC7DhL3LoizCPinIeX27jZ39N.jpg,7,1955-02-01,https://www.themoviedb.org/movie/344270
"Berg: Lulu","Since its premiere on 2 June 1937 in Zurich, Alban Berg's second opera ""Lulu"" has the reputation of being surrounded by scandals. On the one hand, this is due to the dubious character of the subject, the man-eating femme fatale, which Berg had taken from Frank Wedekind's two Lulu tragedies – ""The Earth Spirit"" and ""Pandora's Box"" – and combined into one opera libretto. On the other hand, Berg's window had (for personal reasons) repeatedly refused to have the opera completed, which was unfinished when Berg died. This video is of the unfinished two-act torso of ""Lulu.""",https://image.tmdb.org/t/p/w500/keq3b1LvwwV9WnMcfY5nNow40Bt.jpg,6,2004-01-01,https://www.themoviedb.org/movie/597391
Recount,"In 2000, the election of the U.S. Presidential boiled down to a few precious votes in the state of Florida — and a recount that would add ""hanging chad"" to every American's vocabulary.",https://image.tmdb.org/t/p/w500/7I3WMof3AJuLkildBxpGZkuvQwj.jpg,6.8,2008-05-25,https://www.themoviedb.org/movie/14050
"The Queens","This documentary chronicles over two years in the heels of four of the world’s most famous drag queens including former RuPaul’s Drag Race winners Jinkx Monsoon and Sharon Needles, former All Stars champion Alaska Thunderf*ck and season 7 and All Stars 2 contestant Katya Zamolodchikova. From performing across world stages to winning (and losing) Drag Race or dealing with major tragedies, The Queens lifts the lace front, giving an insight into one of the most fascinating and quickly ascending entertainment artforms.",https://image.tmdb.org/t/p/w500/5rbZULs1ZoJVuC9kEHky4xJufD4.jpg,7.4,2019-09-13,https://www.themoviedb.org/movie/625777
"The Train","As the Allied forces approach Paris in August 1944, German Colonel Von Waldheim is desperate to take all of France's greatest paintings to Germany. He manages to secure a train to transport the valuable art works even as the chaos of retreat descends upon them. The French resistance however wants to stop them from stealing their national treasures but have received orders from London that they are not to be destroyed. The station master, Labiche, is tasked with scheduling the train and making it all happen smoothly but he is also part of a dwindling group of resistance fighters tasked with preventing the theft. He and others stage an elaborate ruse to keep the train from ever leaving French territory.",https://image.tmdb.org/t/p/w500/bzgPLB7efMohled42PIn6CcOTnO.jpg,7.5,1964-09-24,https://www.themoviedb.org/movie/3482
"Old Dads","A cranky middle-aged dad and his two best friends find themselves out of step in a changing world of millennial CEOs and powerful preschool principals.",https://image.tmdb.org/t/p/w500/krA2iXd1PK1vhg4jeWfbSD4fSJi.jpg,6.207,2023-10-20,https://www.themoviedb.org/movie/987917
Cappuccino,"Victor is a journalist, his wife Vanessa is in health care writing a thesis on how some women use sex to get what they want. One morning she tells him he's stopped listening to her, stopped trying to figure out her needs, and hasn't satisfied her for months. At a bar two hours later, a seductive married women, whom he nicknames Cappuccino, comes onto him, inviting him to play a game. She gives him a phone number missing the last digit, meets him in an abandoned house, appears in his shower while Vanessa's at work: soon he's obsessed even as Vanessa tries to regain his attention. When Cappuccino shows up with a black eye, Victor decides her abusive husband must be stopped",https://image.tmdb.org/t/p/w500,4.5,1998-07-09,https://www.themoviedb.org/movie/89646
"Zombie Night","Zombies come out at night and two families must survive until morning.",https://image.tmdb.org/t/p/w500/iS1tYFialjnYQ1pDLYN7gX3TG0J.jpg,3.867,2013-10-08,https://www.themoviedb.org/movie/219247
"JUJUTSU KAISEN: Hidden Inventory / Premature Death - The Movie","Pursued by a religious cult and other curse users, former friends Satoru Gojo and Suguru Geto are the only sorcerers capable of carrying the difficult task of protecting Riko Amanai, a student who has been designated to be sacrificed as the Star Plasma Vessel, until she can fulfill her duty.",https://image.tmdb.org/t/p/w500/kZkyr1sRzarENrxjtltPvmHRrTk.jpg,8.2,2025-05-30,https://www.themoviedb.org/movie/1338799
Hellions,"A teen faces a night of terror when three malevolent trick-or-treaters come knocking at her door.",https://image.tmdb.org/t/p/w500/hFIimZOCMyoQvbGnz0gntgcbYVm.jpg,3.93,2015-09-25,https://www.themoviedb.org/movie/241927
"Slow Burn","A woman's lifelong pursuit of lost family diamonds is interrupted by the appearance of two escaped convicts.",https://image.tmdb.org/t/p/w500/rPfW52tBjVhgR8GJOshYG8hHxRu.jpg,4.273,2000-09-12,https://www.themoviedb.org/movie/158431
"Burns Point","A young woman lies dead in a house, strangled by her boyfriend in a fit of jealous rage. Full of steroids and remorse, he waits for the law to arrive. But the law is his father, a powerful and corrupt detective who races to the murder scene first so he can tamper with the evidence and thwart the police case. When the son literally gets away with murder, the dead woman's distraught brother Jeremy arranges his own justice.",https://image.tmdb.org/t/p/w500/vlMEgk7b5Id4eutKCkdulOcsRFH.jpg,0,2016-08-27,https://www.themoviedb.org/movie/412415
"Sunset Song","The daughter of a Scottish farmer comes of age in the early 1900s.",https://image.tmdb.org/t/p/w500/loBR4Qm16d0gtaCJ7T1gknMtK4f.jpg,6.198,2015-12-04,https://www.themoviedb.org/movie/277713
"Attack 13","Bussaba, a volleyball player who enjoyed bullying others, was found dead by hanging in a gym, causing chaos and horror among other team members.",https://image.tmdb.org/t/p/w500/o0xLAwiQzrVrizykDKWeaqMj38E.jpg,5.5,2025-06-13,https://www.themoviedb.org/movie/1419027
Infernal,"In a forsaken, dilapidated town, four inseparable friends long for a brighter future and unwittingly forge a sinister bargain with the devil to transform their destinies. This ill-fated agreement leads to a fiendish pact where they must relinquish their souls in return for their most profound desires. When the friends resist, the devil presents them with an insurmountable task: unravel an enigmatic riddle within a mere 24 hours or endure eternal damnation. As the friends race against time to decipher the conundrum, they soon discover that the devil has even more nefarious schemes in store.",https://image.tmdb.org/t/p/w500/9ahimn1talePzdiOhgRrEClp0BP.jpg,0,2025-04-25,https://www.themoviedb.org/movie/1195638
"Sweeney 2","The plot is set on a group of bank robbers, who are both violent and successful, strangely getting away each time with an amount around the £60,000 mark, and often leaving behind cash in excess of this sum. The robbers are willing to kill their own team, to get away. As Jack Regan himself puts it after the first raid in the film: ""I've never seen so many dead people"". Armed with gold-plated Purdey shotguns, they evaded Regan and the Flying Squad for quite some time, before Regan finds encouragement from his Detective Chief Superintendent who was sent down for corruption because Jack wouldn't testify in court for him.",https://image.tmdb.org/t/p/w500/3cNQxY9P6sF21pUZ1O4WAMLwr8t.jpg,6.136,1978-03-30,https://www.themoviedb.org/movie/55766
"Laugh with Max Linder","Pioneering comedy legend Max Linder wrote, produced, directed and starred in Seven Years Bad Luck. Hilarious misadventures begin when Max' butler, chasing a maid, breaks an expensive full-length mirror. The butler persuades the cook, who somewhat resembles Max, to stand behind the frame and be Max's reflection. This gag, developed by Max, has become a classic of film and even television borrowed by everyone from the Marx Brothers to Abbott and Costello to Red Skeleton.",https://image.tmdb.org/t/p/w500/otdaobGDIuSRqsEDj8sVpdXnR4j.jpg,7.2,1963-11-22,https://www.themoviedb.org/movie/442187
"Brigsby Bear","Brigsby Bear Adventures is a children's TV show produced for an audience of one: James. When the show abruptly ends, James's life changes forever, and he sets out to finish the story himself.",https://image.tmdb.org/t/p/w500/9QepAxHR9am4nKWZqIDpIQjuB5.jpg,7.115,2017-07-27,https://www.themoviedb.org/movie/403431
"Wuthering Heights","The Earnshaws are Yorkshire farmers during the early 19th Century. One day, Mr. Earnshaw returns from a trip to the city, bringing with him a ragged little boy called Heathcliff. Earnshaw's son, Hindley, resents the child, but Heathcliff becomes companion and soulmate to Hindley's sister, Catherine. After her parents die, Cathy and Heathcliff grow up wild and free on the moors and despite the continued enmity between Hindley and Heathcliff they're happy -- until Cathy meets Edgar Linton, the son of a wealthy neighbor.",https://image.tmdb.org/t/p/w500/pwHdSzXwlUFAcYGcFutKcPcX2OW.jpg,7.2,1939-04-07,https://www.themoviedb.org/movie/3084
"Continental Divide","A hard-nosed Chicago journalist has an unlikely love affair with an eagle researcher.",https://image.tmdb.org/t/p/w500/jwLFNA10RJBcQ4Fe0SoySkSFr0V.jpg,6.045,1981-09-18,https://www.themoviedb.org/movie/26560
STRAW,"What will be her last straw? A devastatingly bad day pushes a hardworking single mother to the breaking point — and into a shocking act of desperation.",https://image.tmdb.org/t/p/w500/t3cmnXYtxJb9vVL1ThvT2CWSe1n.jpg,7.823,2025-06-05,https://www.themoviedb.org/movie/1426776
Cocote,"A rapturous crime fable set in the Dominican Republic, Nelson Carlo De Los Santos Arias’ COCOTE follows Alberto, a kind-hearted gardener returning home to attend his father’s funeral. When he discovers that a powerful local figure is responsible for his father’s death, Alberto realizes that he’s been summoned by his family to avenge the murder. It’s an unthinkable act — especially for him, an Evangelical Christian. But as pressure mounts, he sees few ways out. Questions of faith, tradition and honor course through this electrifying film, which, seemingly at the speed of thought itself, jumps between film formats, colors, and aspect ratios, radically envisioning a community torn asunder by senseless violence.",https://image.tmdb.org/t/p/w500/5aobAPTPLFsXyN6sPm0l9nwapLH.jpg,5,2017-08-21,https://www.themoviedb.org/movie/467398
Zeppelin,"The outbreak of World War I places Scots officer Geoffrey Richter-Douglas in an uncomfortable position. Although his allegiance is to Britain, his mother was from an aristocratic Bavarian family, and he spent his summers in Germany as a child. When Geoffrey is approached by a German spy who offers him a chance to defect, he reports the incident to his superiors, but instead of arresting the spy they suggest that he accept her offer--and become an Allied agent. In Germany, among old friends, Geoffrey discovers that loyalty is more complicated than he expected, especially when he finds himself aboard the maiden voyage of a powerful new prototype Zeppelin, headed for Scotland on a secret mission that could decide the outcome of the war.",https://image.tmdb.org/t/p/w500/441jRGFCrRyTzAuojMVXndCj8mM.jpg,6.048,1971-04-08,https://www.themoviedb.org/movie/49719
Combustion,"Millwood City engineer Scott Daniels, moved from Houston, investigates a series of mysterious fires. Scott's and Lourie Harper's only son Jesse, who hated the move or dad's youth home, fakes a fever and invites his new girlfriend Carmen. She's reporter Allison Saunders, Scott's high-school ex's, daughter and finds Jesse unconscious, overtaken by fumes. The sewers are full of dead rats. Cracks appear in various buildings. Gass leaks start explosive fires. Mayor Walker, who only care for politics and publicity, overrules Scott's call for a mass evacuation. Scott and city administration friend Kenny Barrows later discover the link is steam pressure drilling by Talbot's oil exploration firm, but fire chief Patterson is in league with Talbot for years, covers their tracks and undermines Scott's credibility. Written by KGF Vissers",https://image.tmdb.org/t/p/w500/7BFOY4zO9506J1O8QHtO7GfWY7n.jpg,5.9,2004-11-29,https://www.themoviedb.org/movie/98584
"Stockholm Bloodbath","In 1520, the notorious and power-hungry Danish King Christian II is determined to seize the Swedish crown from Sten Sture, no matter what it takes. Meanwhile, sisters Freja and Anne make a solemn promise to seek revenge on the men who brutally murdered their family. Everything comes to a head in the heart of Stockholm, where the sisters are drawn into a ruthless political struggle between Sweden and Denmark that culminates in a mass execution, presided over by the mad King ""Christian the Tyrant,"" known as the Stockholm Bloodbath.",https://image.tmdb.org/t/p/w500/tzXOB8nxO70SfSbOhrYcY94x6MI.jpg,6.158,2024-01-19,https://www.themoviedb.org/movie/1051486
"Ted Bundy","Seattle, 1974. Ted Bundy gives into his violent passions and embarks on a cross country killing spree, leaving a trail of raped, tortured, murdered, dismembered, and defiled corpses in his wake…",https://image.tmdb.org/t/p/w500/bh6wHjHxmuSyYL8jSFqtLlzMSGq.jpg,5.7,2002-08-02,https://www.themoviedb.org/movie/34081
Sharper,"A small, wealthy family in New York City gets progressively torn apart by secrets, lies, and the theft that orchestrates all of it.",https://image.tmdb.org/t/p/w500/tq8x5F17q95T1j0up5rpzXFAylN.jpg,6.874,2023-02-10,https://www.themoviedb.org/movie/717980
Halloween,"The early years of young Michael Myers and the events leading up to his fateful Halloween night murder rampage in the quiet town of Haddonfield, Illinois.",https://image.tmdb.org/t/p/w500/cD8JrfSEI4j7WVnKM1GdiYzMoUh.jpg,6.217,2007-08-31,https://www.themoviedb.org/movie/2082
"The Tree","In a small section of inner-city Cape Town, Chantal, a fugitive addict loses track of her child, Jona, when she leaves him behind all alone to turn one final trick. Dawid, a frustrated cop faces up to the demons from a traumatic childhood. Samiah, a young nurse clings to a disintegrating bubble of fantasy that shields her from facing life on life’s terms. Aphiwe, an up-and-coming art director in a crumbling relationship, is confronted by his fear of connection as he looks for salvation beyond his impenetrable personal boundaries. In a city wracked by conflict, contradiction and harsh battles for survival, the four main characters each discover surprising and profound truths about their purposes as human beings through their inextricable connections to others. Fear meets hope. Anger meets love. Loss meets meaning. One night, one city, four lives changed forever and bound together by the unblinking gaze of an innocent child.",https://image.tmdb.org/t/p/w500/dlRRBwvnnL9Rty6VeFkGsmSqflp.jpg,0,2020-09-04,https://www.themoviedb.org/movie/739717
"Bloody Tarot","The cards indicate a bloody death and everyone knows that tarot never lies.",https://image.tmdb.org/t/p/w500/dN4JVhd7sMsCN98BAuyTbL5g0Ma.jpg,5,1990-01-01,https://www.themoviedb.org/movie/422172
"For Better, For Worse","Sebastian and Valeria are about to get married. Everything seems perfect but a woman tries to seduce Sebastian while Valeria is pregnant.",https://image.tmdb.org/t/p/w500/pUrQZ1KeayOhQwjbEj9KK0p46Wr.jpg,6.5,2019-03-15,https://www.themoviedb.org/movie/554580
"Bikini Planet","When a new planet is discovered in Earth's solar system, Capt. Flash Rogers is picked to head a team to investigate. They find that high levels of silicon in the atmosphere has created a society of gorgeous, large-breasted women--but things start to go south when Flash discovers that these Amazonian babes are planning to take over the Earth in order to replenish their shrinking supplies of silicon.",https://image.tmdb.org/t/p/w500/7nYM6ENPUNAhYsoNQukGxfxLxCF.jpg,2.25,2002-01-01,https://www.themoviedb.org/movie/416925
"Boiling Point","A head chef balances multiple personal and professional crises at a popular restaurant in London.",https://image.tmdb.org/t/p/w500/kdkk7OBnIL1peW2zwcAAp6O54Jo.jpg,7.238,2021-07-05,https://www.themoviedb.org/movie/807196
"The Deep","A pair of young vacationers are involved in a dangerous conflict with treasure hunters when they discover a way into a deadly wreck in Bermuda waters.",https://image.tmdb.org/t/p/w500/tk1NFffYdXdS8MYJ3D0dLhsCwyt.jpg,6,1977-06-17,https://www.themoviedb.org/movie/20416
"The BFG","An orphan little girl befriends a benevolent giant who takes her to Giant Country, where they attempt to stop the man-eating giants that are invading the human world.",https://image.tmdb.org/t/p/w500/vssXmCrfCiARkQ0512oG0wjh2h9.jpg,6.282,2016-06-01,https://www.themoviedb.org/movie/267935
Moonbase,"The most dangerous criminals in the universe escape from the Off-World Penitentiary and stow away to the quiet Moonbase Waste Disposal Plant. Hidden beneath the lunar surface lies an arsenal of nuclear warheads- the inmates' passport home to earth. Moonbase Commander John Russell launches a desperate fight to save his crew from a force capable of laying waste to an entire planet.",https://image.tmdb.org/t/p/w500/3N8qqiFzvSJh0XWHu6bDztABPAT.jpg,4,1997-12-06,https://www.themoviedb.org/movie/38226
"Earthquake Bird","Tokyo, Japan, 1989. Lucy Fly, a foreigner who works as a translator, begins a passionate relationship with Teiji, a mysterious man obsessed with photography.",https://image.tmdb.org/t/p/w500/oyKnosHXQ7kkhlGwqsWOvn4RgKR.jpg,5.912,2019-11-01,https://www.themoviedb.org/movie/513409
"The Shore","Hungering for some quality alone time with her new boyfriend, Ray, single mother Kaliope Harris leaves her young daughter, Anna, in the care of loving grandmother Mrs. Harris. An idyllic day at the beach turns to tragedy for the Harris family, however, when in the blink of an eye the precious young Anna seemingly disappears into the vast sand. While Mrs. Harris struggles to accept the startling disappearance, her enraged husband hounds the authorities to step up their search and Kaliope and Ray comb the beach in a desperate bid to retrace Anna's every step on that fateful and tragic day.",https://image.tmdb.org/t/p/w500/ihwjhnpbhf2xT2tk6MEMbpYgesp.jpg,6,2005-09-11,https://www.themoviedb.org/movie/480791
Hitchcock,"Following his great success with ""North by Northwest,"" director Alfred Hitchcock makes a daring choice for his next project: an adaptation of Robert Bloch's novel ""Psycho."" When the studio refuses to back the picture, Hitchcock decides to pay for it himself in exchange for a percentage of the profits. His wife, Alma Reville, has serious reservations about the film but supports him nonetheless. Still, the production strains the couple's marriage.",https://image.tmdb.org/t/p/w500/zlG4QzB00VM6QHUmRkKaboCOgat.jpg,6.564,2012-11-22,https://www.themoviedb.org/movie/112336
"From Beyond","The Resonator, a powerful machine that can control the sixth sense, has killed its creator and sent his associate into an insane asylum. When a psychiatrist becomes determined to continue the experiment, she unwittingly opens the door to a hostile parallel universe.",https://image.tmdb.org/t/p/w500/6hHJ9c1WgZXTHDN2t77phxzLO7V.jpg,6.5,1986-10-24,https://www.themoviedb.org/movie/14510
Jackals,"Set in the 1980s, an estranged family hires a cult deprogrammer to take back their teenage son from a murderous cult, but find themselves under siege when the cultists surround their cabin, demanding the boy back.",https://image.tmdb.org/t/p/w500/roWDNPm5UAKo3LLi3BUXwmfDsHc.jpg,5.399,2017-09-01,https://www.themoviedb.org/movie/459947
"Wine Country","A group of friends head to the land of oaky Chardonnays and big, bold Cabernet Sauvignons for one member of the squad’s 50th birthday party.",https://image.tmdb.org/t/p/w500/mi5l29DQFdwrTXxbqM2OLbs830H.jpg,5.489,2019-05-08,https://www.themoviedb.org/movie/513083
"The Mummy","Dashing legionnaire Rick O'Connell stumbles upon the hidden ruins of Hamunaptra while in the midst of a battle to claim the area in 1920s Egypt. It has been over three thousand years since former High Priest Imhotep suffered a fate worse than death as a punishment for a forbidden love—along with a curse that guarantees eternal doom upon the world if he is ever awoken.",https://image.tmdb.org/t/p/w500/yhIsVvcUm7QxzLfT6HW2wLf5ajY.jpg,6.951,1999-04-16,https://www.themoviedb.org/movie/564
"Berserk: The Golden Age Arc I - The Egg of the King","Guts, an immensely strong sword-for-hire, has little direction in his life, simply fighting one battle after the next. However, this all changes suddenly when he meets and is bested by Griffith, a beautiful and charismatic young man who leads the Band of the Hawk mercenary army. After Guts joins the Band and the relationship between the two men begins to blossom, Casca, the tough, lone swordswoman in the Band of the Hawk, struggles to accept Guts and the influence he has on the world around her.  While the two men begin to fight together, Griffith continues to rise to power, all seemingly in order to reach his mysterious, prophesied goals. What lengths will Guts and Griffith go to in order to reach these goals, and where will fate take the two men?",https://image.tmdb.org/t/p/w500/vES8WAzjowrMT8gwnoEaCioZXXk.jpg,7.229,2012-02-04,https://www.themoviedb.org/movie/113082
Infinite,"Evan McCauley has skills he never learned and memories of places he has never visited. Self-medicated and on the brink of a mental breakdown, a secret group that call themselves “Infinites” come to his rescue, revealing that his memories are real.",https://image.tmdb.org/t/p/w500/niw2AKHz6XmwiRMLWaoyAOAti0G.jpg,6.591,2021-09-09,https://www.themoviedb.org/movie/581726
"Forever Home","Forever HOME  follows a young couple’s dream to provide the best possible life for rescued farm animals by rethinking the concept of “home.” At their refuge, they base their designs on the needs of the individual animals, replacing conventional barns with customized homes. Paul, an architect, calls it ""animal centered design."" With empathy and boundless imagination, they’re bringing architectural design to the world of animal care and providing a blueprint for a compassionate, sustainable future. This unique film is a celebration of life and creativity!",https://image.tmdb.org/t/p/w500/quYaRZFAMFpc5JXeyZnNvhUeCus.jpg,0,2025-01-03,https://www.themoviedb.org/movie/1428649
"Cowardice Court","A feud in the Adirondack Mountains develops when Randolph Shaw will not give up a shack and its acreage adjoining the estate of Lord Cecil Bazelhurst, whose wife, the former Evelyn Banks of Jersey City, married him for his title and now wants to get rid of Randolph's ugly shack. When Randolph meets Cecil's sister Penelope, a romance begins which is furthered after one of the Bazelhurst servants shoots Randolph in the arm for trespassing and Penelope, who earlier had looked upon the feud as a joke, runs away to Randolph's house and accepts his engagement proposal. Cecil and his men pursue Penelope, but are frightened away by Randolph's men and are forced to spend a miserable stormy night in the woods. The next day everyone becomes reconciled when Lady Evelyn realizes that the desired property will now be in the family, and Randolph offers Cecil and his men dry, if ill-fitting, garments to wear.",https://image.tmdb.org/t/p/w500/pNyjDqiLlAcKPxNlEuigBkQScdw.jpg,0,1919-06-15,https://www.themoviedb.org/movie/1433336
"Bad Blood","A woman falsely accused of murder realizes that the person she donated bone marrow to now has a match for her DNA... and is using this new identity to implicate her in his crimes as his obsession for her grows.",https://image.tmdb.org/t/p/w500/Am11lh86k0rKxW7z0wLqgB6l1ed.jpg,5.4,2015-03-28,https://www.themoviedb.org/movie/316447
Wildflower,"One day Sammy and his younger sister Ellie happen upon a cabin where Alice, a young, partially deaf girl with epilepsy is being kept by her abusive stepfather. The three soon become friends and hope to get Alice an education and help her escape from the torture she undergoes daily. However, Alice's stepfather soon finds out about the friendship Alice has struck up and punishes her brutally. This story of friendship and youth shows that everyone is human and deserves to be treated so, no matter their disability or weakness.",https://image.tmdb.org/t/p/w500/84foP2vS8PTHMhQSbTGGNdWbyI0.jpg,5.727,1991-12-03,https://www.themoviedb.org/movie/21546
"The Capsule","Seven girls, a mansion perched on a Cycladic rock, a cycle of lessons on discipline, desire and demise-infinitely.",https://image.tmdb.org/t/p/w500/x6iscG46EmzKP6ui8AMRDwQlp1L.jpg,4.971,2012-08-03,https://www.themoviedb.org/movie/137002
"Senpai Is an Otokonoko Movie: Sunshine After the Rain","During spring break, Saki visits her father and has a close encounter with a whale. / Makoto confronts a former classmate. Meanwhile, Saki must make a difficult decision. / Saki is upset after spending the day at her mother's house. Makoto, meanwhile, decides to take a step forward. / After much thought, Saki finally makes a decision.",https://image.tmdb.org/t/p/w500/7tQThDRgHABOfGnSCvsXtZ1Z9BW.jpg,7.5,2025-02-14,https://www.themoviedb.org/movie/1362429
IF,"After discovering she can see everyone's imaginary friends, a girl embarks on a magical adventure to reconnect forgotten imaginary friends with their kids.",https://image.tmdb.org/t/p/w500/xbKFv4KF3sVYuWKllLlwWDmuZP7.jpg,7.024,2024-05-08,https://www.themoviedb.org/movie/639720
"The Cured","What happens when the undead return to life? In a world ravaged for years by a virus that turns the infected into zombie-like cannibals, a cure is at last found and the wrenching process of reintegrating the survivors back into society begins.",https://image.tmdb.org/t/p/w500/qheJcFjQ3hAMroE8y6FpCg6jNeN.jpg,5.522,2017-11-24,https://www.themoviedb.org/movie/469721
"Happy Gilmore","Failed hockey player-turned-golf whiz Happy Gilmore — whose unconventional approach and antics on the green courts the ire of rival Shooter McGavin — is determined to win a PGA tournament so he can save his granny's house with the prize money. Meanwhile, an attractive tour publicist tries to soften Happy's image.",https://image.tmdb.org/t/p/w500/epFP29rGrLPseuKxpz3mGKr23Do.jpg,6.673,1996-02-16,https://www.themoviedb.org/movie/9614
"The Purge: Anarchy","One night per year, the government sanctions a 12-hour period in which citizens can commit any crime they wish -- including murder -- without fear of punishment or imprisonment. Leo, a sergeant who lost his son, plans a vigilante mission of revenge during the mayhem. However, instead of a death-dealing avenger, he becomes the unexpected protector of four innocent strangers who desperately need his help if they are to survive the night.",https://image.tmdb.org/t/p/w500/qwqHHZLZSUvMkAMQ47ymtfjEifY.jpg,6.6,2014-07-17,https://www.themoviedb.org/movie/238636
Liberty,"Liberty, a thriller, tells the story of Matt Robinson, a young Animal Park Guide who feels a deep connection with nature and the local wildlife where he lives. He takes tourists on day excursions to discover the beauty of the land around them and the animals who live freely on it. But our young hero is also an idealist, an activist for animal rights, in conflict with man, who locks up and imprisons animals for commercial and entertainment purposes. His deep love for animals and dedication to helping free those in captivity leads him to make impulsive and illegal actions.",https://image.tmdb.org/t/p/w500/pY0BAsoeiUWbQDNd6qGK8VMRulX.jpg,0,2023-11-21,https://www.themoviedb.org/movie/1192856
Rope,"Two young men attempt to prove they committed the perfect murder by hosting a dinner party for the family of a classmate they just strangled to death.",https://image.tmdb.org/t/p/w500/9ar6rxLDB8kagAnXZKn6h9smscr.jpg,7.943,1948-03-11,https://www.themoviedb.org/movie/1580
Tootsie,"When struggling, out of work actor Michael Dorsey secretly adopts a female alter ego – Dorothy Michaels – in order to land a part in a daytime drama, he unwittingly becomes a feminist icon and ends up in a romantic pickle.",https://image.tmdb.org/t/p/w500/ngyCzZwb9y5sMUCig5JQT4Y33Q.jpg,7.207,1982-12-17,https://www.themoviedb.org/movie/9576
Spiderhead,"A prisoner in a state-of-the-art penitentiary begins to question the purpose of the emotion-controlling drugs he's testing for a pharmaceutical genius.",https://image.tmdb.org/t/p/w500/7COPO5B9AOKIB4sEkvNu0wfve3c.jpg,5.783,2022-06-17,https://www.themoviedb.org/movie/615469
"Mr. Horn","Western saga based on the legend of frontier folk hero Tom Horn, including his role in the trackdown of Geronimo in the 1880s with his mentor and pal, Al Sieber, the fabled Indian scout, his later days as a Pinkerton detective, and the way he was used by both sides in turn-of-the-century cattle wars, leading to his tragic death.",https://image.tmdb.org/t/p/w500/qGnr6FjXH4Rsbk6QYo1WB7a1mIp.jpg,6,1979-02-01,https://www.themoviedb.org/movie/279689
"The Corridor","Nicola is a 6-year-old boy who lives with his family in an old apartment divided in two by a long corridor. His parents' relationship is slowly falling apart, as money is running low and love is fading. To escape the violence, Nicola hides himself in the fantasy world of his toy soldiers. But as the tension increases day after day, the young boy begins to see the corridor slowly turning into a war trench and getting to the front door is no longer a matter of going to school, but the only way to survive.",https://image.tmdb.org/t/p/w500/lSV1aW8Zlg7Xt3NvE0pvTfSKnPh.jpg,0,2002-01-01,https://www.themoviedb.org/movie/869673
"Ernani - ROMA","Ernani is a love story about a young woman, Elvira, caught between three men: her lover, the nobleman-turned-outlaw Ernani; her guardian, the rich, elderly de Silva, who wants her for himself; and Don Carlo, the King of Spain who also has his eye on Elvira. Given the number of protagonists, it is also the story of a tragedy.  Only 14 years after the premiere of Hernani, Giuseppe Verdi adapted Victor Hugo’s play into an opera to premiere at La Fenice, Venice in 1844. Ernani was an immediate and lasting triumph for the young Verdi, marking his prowess at adapting an historical event (the crowning of Charles V as emperor at Aachen Cathedral) to a psychologically convincing musical drama. The backdrop of three men paying court to one woman was the perfect foil for Verdi to explore the expressive qualities of three types of male voice. The tenor, the bass and the baritone.",https://image.tmdb.org/t/p/w500/5QJy521xikwiWZAG62tEtCMWVKL.jpg,0,2022-07-29,https://www.themoviedb.org/movie/1007190
"Star Wars: The Force Awakens","Thirty years after defeating the Galactic Empire, Han Solo and his allies face a new threat from the evil Kylo Ren and his army of Stormtroopers.",https://image.tmdb.org/t/p/w500/wqnLdwVXoBjKibFRR5U3y0aDUhs.jpg,7.254,2015-12-15,https://www.themoviedb.org/movie/140607
"Doors Open","Heist thriller and adaptation of Ian Rankin's book, which sees a bored millionaire plan to swap the contents of a gallery's warehouse with near-perfect forgeries.",https://image.tmdb.org/t/p/w500/g14oqFsOs4FdWC9CIktA1tVLlnK.jpg,5.2,2012-12-26,https://www.themoviedb.org/movie/153021
"Strange Fruit","In 1937, after seeing a photo depicting the lynching of a black man in the south, Bronx-born high school teacher Abel Meeropol wrote a poem entitled ""Strange Fruit"" that begins with the words: ""Southern trees bear a strange fruit / Blood on the leaves and blood at the root."" He set the poem to music and a few years later convinced Billy holiday to record it in a legendary heartbreaking performance. Intertwining jazz genealogy, biography, performance footage, and the history of lynching, director Joel Katz fashions a fascinating discovery of the lost story behind a true American classic. Written by Excerpted from Coolidge Corner Theatre Program Update",https://image.tmdb.org/t/p/w500/kfQdLSyX1gExHj5oXazJYC4C8w2.jpg,0,2002-05-20,https://www.themoviedb.org/movie/195034
Bruno,"The story of a unique young boy genius, Bruno, whose expression of his own individuality leads his family and community along an emotional journey.",https://image.tmdb.org/t/p/w500/6gj9iMwlKZh3C4Q21q1qNu8idVE.jpg,6.371,2000-04-16,https://www.themoviedb.org/movie/95136
Quitters,"The story of the Raymans, a wealthy Jewish family that's falling apart. The son, Clark, is a bright and curious high schooler with a talent for manipulation. As his mother May enters treatment for a pill addiction, and he and his father Roger stop getting along, Clark thinks about running away from home. He just needs to decide where to go.",https://image.tmdb.org/t/p/w500/oTnlhihOXqYs0cAwBxRdFV4adRM.jpg,4.3,2015-03-16,https://www.themoviedb.org/movie/323692
"Black Butterfly","Paul is a down-on-his-luck screenwriter who picks up a drifter and offers him a place to stay. However, when the deranged stranger takes Paul hostage and forces him to write, their unhinged relationship brings buried secrets to light.",https://image.tmdb.org/t/p/w500/toB9yjJssyJZSworX0KePbjSexP.jpg,6.2,2017-05-26,https://www.themoviedb.org/movie/76812
Aberdeen,"An idyllic childhood with her mooshum and kookum, or grandparents, in her community of Peguis First Nation dissipates as Aberdeen’s hard-partying and absentee parents distances her from that haven.  Now an adult, sleeping on public benches, Winnipeg-based Aberdeen is in survival mode. The last remaining stable parts of her life begin slipping away — her reliable brother Boyd is ill and gives up Aberdeen’s grandkids to the foster care system. Then she loses her ID.",https://image.tmdb.org/t/p/w500/qC3Dd0FLzwHDJStRZPNNjp68PM1.jpg,7.5,2024-09-06,https://www.themoviedb.org/movie/1320805
"Bonnie Scotland","Stan and Ollie stow away to Scotland expecting to inherit the MacLaurel estate. When things don't quite turn out that way, they unwittingly enlist in the Scottish army and are posted to India.",https://image.tmdb.org/t/p/w500/6eUwTJEFA6iciNvV2oJJWFRsKMw.jpg,6.545,1935-08-23,https://www.themoviedb.org/movie/43889
Retribution,"When a mysterious caller plants a bomb under his car seat, a bank executive begins a high-speed chase across the city to complete a specific series of tasks — all with his kids trapped in the back seat.",https://image.tmdb.org/t/p/w500/oUmmY7QWWn7OhKlcPOnirHJpP1F.jpg,6.564,2023-08-23,https://www.themoviedb.org/movie/762430
Joysticks,"A successful businessman attempts to shut down a video arcade he believes is harmful to the mental health of children.",https://image.tmdb.org/t/p/w500/duTZ0lJ3NwxG1R9gahTxE0LSRDo.jpg,4.569,1983-03-04,https://www.themoviedb.org/movie/27323
"Turning Red","Thirteen-year-old Mei is experiencing the awkwardness of being a teenager with a twist – when she gets too excited, she transforms into a giant red panda.",https://image.tmdb.org/t/p/w500/qsdjk9oAKSQMWs0Vt5Pyfh6O4GZ.jpg,7.33,2022-03-10,https://www.themoviedb.org/movie/508947
"Talking Head","An elusive actor is a rarity. Talking Head is about the actor Dhritiman Chaterji. In October 1970, Pratidwandi (The Adversary) one of Satyajit Ray’s most political films was released. It was a film about the time; the moment of anger, disenchantment, strikes, injustice and unemployment among the young. It was a film about angry youth and it introduced Dhritiman Chaterji, into film acting. A new actor in Bengali cinema, Dhritiman Chaterji acted in few of the most prominent films of the decade",https://image.tmdb.org/t/p/w500/qkeChq01PeK3KM31PcmpVzlMI62.jpg,0,2020-12-17,https://www.themoviedb.org/movie/840282
"The Krays","Twins Ronnie and Reggie Kray are raised in east London, under the influence of their hateful but doting mother Violet. As they grow up, Ronnie's violent nature takes over, and Reggie follows his brother's lead. The two become notorious crime lords who rule over the East End club scene. But at the height of their power, the brothers veer into different lives, giving the older crime bosses a chance to reclaim what the Krays took from them.",https://image.tmdb.org/t/p/w500/ksofVCjM3oOFhZMRNz2kF4pogpg.jpg,6.045,1990-04-27,https://www.themoviedb.org/movie/21344
"The Babadook","A single mother, plagued by the violent death of her husband, battles with her son's fear of a monster lurking in the house, but soon discovers a sinister presence all around her.",https://image.tmdb.org/t/p/w500/qt3fqapeo94TfvMyld8P7gkpXLz.jpg,6.5,2014-05-22,https://www.themoviedb.org/movie/242224
"The Crush","A precocious and obsessive teenager develops a crush on a naive writer with harrowing consequences.",https://image.tmdb.org/t/p/w500/z39jcn45Oht2uULw8Qv2Zv1v2kp.jpg,6.611,1993-04-02,https://www.themoviedb.org/movie/33408
"Savage Salvation","Newly engaged Shelby John and Ruby Red want a fresh start after their struggles with addiction, but when Shelby discovers his beloved Ruby dead on their porch, he embarks on a vengeful killing spree of the dealers who supplied her. Armed with nothing but adrenaline and a nail gun, Shelby begins to unleash chaos on the town’s criminal underbelly, as he hunt’s down crime lord Coyote. Sheriff Church must race against the clock to put an end to Shelby's vigilante justice before the entire town descends into a bloodbath.",https://image.tmdb.org/t/p/w500/fJRt3mmZEvf8gQzoNLzjPtWpc9o.jpg,6.2,2022-12-02,https://www.themoviedb.org/movie/740952
Tosca,"A stellar cast brings Puccini’s spellbinding opera to life, seizing every opportunity to thrill the audience. Luciano Pavarotti is Cavaradossi, the painter and political revolutionary in love with the beautiful and famous singer Tosca (the riveting Shirley Verrett). Rome’s diabolical chief of police, Baron Scarpia (Cornell MacNeil), wants Tosca for himself—but he underestimates the fury of a woman in love. With torture, murder, and a suicide in its final moments, Tosca packs more dramatic punches than most other operas—and this classic telecast captures them all. James Conlon conducts in a production by the incomparable Tito Gobbi, one of the great Scarpias of the 20th century.",https://image.tmdb.org/t/p/w500/uwk9i72NNrVjafVWZ9jWGW2DnZd.jpg,0,1978-11-27,https://www.themoviedb.org/movie/554362
Up,"Carl Fredricksen spent his entire life dreaming of exploring the globe and experiencing life to its fullest. But at age 78, life seems to have passed him by, until a twist of fate (and a persistent 8-year old Wilderness Explorer named Russell) gives him a new lease on life.",https://image.tmdb.org/t/p/w500/mFvoEwSfLqbcWwFsDjQebn9bzFe.jpg,7.96,2009-05-28,https://www.themoviedb.org/movie/14160
They/Them,"Campers at an LGBTQ+ conversion camp endure unsettling psychological techniques while the campsite is stalked by a mysterious killer.",https://image.tmdb.org/t/p/w500/85TJ4udfUOwFIlvQL6EMFvvbvN5.jpg,4.727,2022-07-24,https://www.themoviedb.org/movie/816977
Moe,"Moe, a fun-loving theater artist working on a one woman show, finds out that he is dying from an AIDS related illness. Naturally, his response is to invite his closest friends over for a “going away for good” party as one last big celebration of his life. His plans go awry when his best friend, and his ex, decide to crash the party, despite 15 years without communication between them. Alternating between the painful reality of his current situation and scenes featuring his alter ego, a torch-singing drag queen who wants to take him for “the ride of his life,” MOE is an often light-hearted film that also packs a serious emotional punch.",https://image.tmdb.org/t/p/w500/fhgJMBJfxnGKrPtPKhY2TP7snyU.jpg,7,2023-06-04,https://www.themoviedb.org/movie/1169623
"The Descendants","With his wife Elizabeth on life support after a boating accident, Hawaiian land baron Matt King takes his daughters on a trip from Oahu to Kauai to confront a young real estate broker, who was having an affair with Elizabeth before her misfortune.",https://image.tmdb.org/t/p/w500/8cDq5UlOPYeKm39okALCEOsZPxk.jpg,6.837,2011-09-09,https://www.themoviedb.org/movie/65057
"Balzac: A Life of Passion","This is the sprawling saga of Honoré de Balzac, a man who created a great literary oeuvre from the dramas and adventures of his own life - a life that he shaped into one spectacular and unforgettable blaze of passion. At the heart of the story are the women in Balzac's life. Although gruff, unsophisticated, and far from handsome, Balzac exerts an irresistible fascination on women.",https://image.tmdb.org/t/p/w500/uXDP8j4ckiZ7JqW7o2waMOqRgIk.jpg,5.4,1999-09-13,https://www.themoviedb.org/movie/294148
"Schoolboy Father","High school senior discovers his summer girlfriend has given birth to his child, and decides to fight for custody.",https://image.tmdb.org/t/p/w500/rZPZULZQtSELzSYe7cykigxPuDz.jpg,2,1980-10-15,https://www.themoviedb.org/movie/965915
"Mighty Fine","Set in the 1970's, MIGHTY FINE is the story of Joe Fine (Chazz Palminteri) a charismatic, high-spirited man, who relocates his family--wife Stella (Andie MacDowell), a Holocaust survivor, daughters Nathalie (Jodelle Ferland) and Maddie (Rainey Qualley)--from Brooklyn to New Orleans, in search of a better life. Unfortunately, Joe's spending spree is wildly out of touch with reality, as his apparel business is teetering on the brink of collapse, a fact he refuses to accept. Written and directed by Debbie Goodstein, MIGHTY FINE is told from the perspective of an adult Nathalie remembering the events of her youth, and is inspired by Goodstein's memories of her own father. MIGHTY FINE ultimately shows how coming to terms with the past without judgment is the most fruitful way to move toward the future.",https://image.tmdb.org/t/p/w500/2q5uEYcUzrTGpleJ8EUlLAcXnal.jpg,3.964,2012-05-25,https://www.themoviedb.org/movie/96314
"Russian Snark","Misha (Stephen Papps), a once celebrated filmmaker who has fallen on hard times, resolves to leave his homeland in search of a film-friendly country where he can pursue his career. With his wife Nadia (Elena Stejko) in tow he sets sail from Russia in a tiny lifeboat, drifting cross the Pacific to finally arrive in New Zealand. Before long Misha realises that New Zealand is no more receptive to his ideas and aesthetic than Russia. Yet he perseveres with his experimental film, ignoring his wife’s pleas to find work. Misha increasingly withdraws into himself, and his relationship with Nadia collapses. Alone, his obsessions take hold and he steadily descends into madness. Only a chance encounter with a young Polynesian woman saves him from the ultimate act of self-destruction. His friendship with Roseanna (Stephanie Tauevihi) inspires a re-awakening, as he begins to reconnect with the world around him.",https://image.tmdb.org/t/p/w500/i495UGLaZA5qoG8ESpNBeG2A7Ie.jpg,6,2010-07-20,https://www.themoviedb.org/movie/115474
Traceroute,"Artist and life-long nerd Johannes Grenzfurthner is taking us on a personal road trip from the West Coast to the East Coast of the USA, to introduce us to places and people that shaped and inspired his art and politics. Traceroute wants to chase and question the ghosts of nerddom's past, present and future. An exhilarating tour de farce into the guts of trauma, obsession and cognitive capitalism.  Features interviews with Matt Winston, Sandy Stone, Bruce Sterling, Jason Scott, Christina Agapakis, Trevor Paglen, Ryan Finnigan, Kit Stubbs, V. Vale, Sean Bonner, Allison Cameron, Josh Ellingson, Maggie Mayhem, Paolo Pedercini, Steve Tolin, Dan Wilcox, Jon Lebkowsky, Jan ""Varka"" Mulders, Adam Flynn, Abie Hadjitarkhani, Kelly Poots...",https://image.tmdb.org/t/p/w500/oDelXRjk8DBPdmjr5gcXr8ulJBr.jpg,6.5,2016-04-28,https://www.themoviedb.org/movie/390353
"Z Storm","ICAC principal investigator William Luk takes his job seriously, and he needs every last scintilla of support from his team to take on the powerful and cunning Supt Wong, who is corrupt to the core. Wong is an enthusiastic tool of the monstrous Malcolm Wu, a cowboy big-time share trader who will stop at nothing to secure a large slice of the upcoming float of the HK government pension fund, worth billions.",https://image.tmdb.org/t/p/w500/fAHPfitc4deaquh9mg2oIsMcMVV.jpg,5.9,2014-06-19,https://www.themoviedb.org/movie/277519
Traxx,"Traxx has battled his way through El Salvador, the Middle East and Nicaragua, spitting lead with two-handed good grace. He decides to retire to a life of baking designer cookies. Running out of dough to buy more dough, he hires himself as a ""Town Tamer"" and begins cleaning up Hadleyville, Texas, telling the lowlife street scum, ""You got three choices. Be good, be gone, or be dead."" Like all bacteria, the scum are resistant: crime boss Aldo Palucci brings in the dreaded Guzik brothers to rid the town of the town tamer, setting the stage for a showdown in the streets.",https://image.tmdb.org/t/p/w500/tuJ6ScLzVWiSieAp0mxvJE3cVwg.jpg,6.1,1988-09-17,https://www.themoviedb.org/movie/123806
"The Finale","Sagan Riley is a triple threat who has her sights set on Broadway. When she’s accepted to the legendary Stage Left Theater Camp, she thinks her dreams are within reach. Sagan spends her days singing, dancing, acting, and dreaming of love. But soon the Stage Left instructors and Sagan’s fellow campers start dying off one by one. Now, Sagan will have to survive rehearsal and discover the killer, if she’s ever gonna make it.",https://image.tmdb.org/t/p/w500/9WOGqHUuwcfpnZdA9iMLVn6pxDF.jpg,3.8,2023-07-28,https://www.themoviedb.org/movie/1156141
"Cabinet Confidential","A revealing one-off documentary that provides an inside view of how Tony Blair and former prime ministers - including Harold Wilson, Margaret Thatcher and John Major - have run their cabinet, the highest decision-making body in the land. Through candid interviews, rare archive footage and filming inside No 10, presenter Michael Cockerell opens the door to the Government's own chamber of secrets as he seeks the answer to the question: is the notion of cabinet government an obsolete concept?",https://image.tmdb.org/t/p/w500/eg6AtVQegELm0FpfNfcw0H6bWdO.jpg,0,2001-11-17,https://www.themoviedb.org/movie/1122469
"Sweet Virginia","A former rodeo star, now a motel manager, meets a young man who is responsible for the violence that suddenly has seized his small town.",https://image.tmdb.org/t/p/w500/qTch1l0ZMU4MiOBDEJ14jVmANVC.jpg,5.868,2017-11-17,https://www.themoviedb.org/movie/413992
"Arizona Bound","Dave Saulter, a rambling young cowboy drifts into a small western town the day a big gold shipment is leaving by stagecoach. Two different people plan to rob the stagecoach...Buck O'Hara, the driver who is very trusted, and a stranger, Texas Jack. Dave gets involved and is accused of being one of the robbers.",https://image.tmdb.org/t/p/w500/4KVWIcGSzGlIZxPWHXRFDXBuUzV.jpg,0,1927-04-09,https://www.themoviedb.org/movie/851339
"Hamtramck, USA","Once known as a Polish Catholic town, Hamtramck, MI is now home to America’s first Muslim-majority city. As election season approaches, candidates set out to win hearts, minds and votes in this rapidly changing city. Going behind the scenes of small-town politics, HAMTRAMCK, USA explores the beauty and challenges that come with multiculturalism.",https://image.tmdb.org/t/p/w500/lZ33HuX32BhJ22zuiyrG1kbXM31.jpg,0,2020-06-18,https://www.themoviedb.org/movie/675299
Jaanwar,"Sultan (Shakti Kapoor) adopted an orphan and named him Badshah (Akshay Kumar). Badshah grows up to be a criminal and his life was made difficult by Inspector Pradhan (Ashish Vidyarthi). Badshah's sidekick is Abdul (Ashutosh Rana). The only hope in Badshah's life is Sapna (Karisma Kapoor), whom he incidentally met. But circumstances lead Badshah to commit murder in public. During this experience, a child clangs to him and he took the child to Sapna. Before he could explain anything, Pradhan gets there and Badshah had to escape. He changed his name to Babu Lohar and becomes a blacksmith and loving father, to give the child a good future. However, after 7 years, he sees Abdul and Sultan again. Pradhan is still after him. When the child's parents find out about him, they ask Babu to return their child. Will he let the child go? Will the child go with his parents?",https://image.tmdb.org/t/p/w500/hAdnoPTsd1uWXKtKNzHzhijg6j.jpg,6.3,1999-12-24,https://www.themoviedb.org/movie/353429
"The Janitor","Crisanto Espina, a cop on suspension and under investigation, is tasked to eliminate the suspects involved in a bank robbery/massacre that shocked the whole nation.",https://image.tmdb.org/t/p/w500/u6Ri9UjorFpJhSJWEMpOE3uIB9Q.jpg,5.8,2014-08-01,https://www.themoviedb.org/movie/285221
"Isi & Ossi","Isi and Ossi couldn't be any more different: She's a billionaire's daughter from Heidelberg, he's a struggling boxer from the nearby town of Mannheim. But when Isi meets Ossi, the two quickly realize that they can take advantage of one another: She dates the broke boxer to provoke her parents and get them to fund a long-desired chef training in New York. He tries to rip off the rich daughter to finance his first professional boxing match. Their plans soon develop into emotional chaos that challenges everything the two believe to know about money, career and love.",https://image.tmdb.org/t/p/w500/bZ7H0kCwEM6CQ0dyCs2H4RkU130.jpg,6.92,2020-02-14,https://www.themoviedb.org/movie/658760
Frankenstein,"Henry Frankenstein pieces together body parts in the hope of bringing a human-like creature to life. The mad scientist’s dreams are shattered by his monstrous creation awakening with rage to a world that hates and fears him.",https://image.tmdb.org/t/p/w500/mu6wHwH0IwCCaEYtpqujuPJYat1.jpg,7.468,1931-11-21,https://www.themoviedb.org/movie/3035
Pardners,"Rich momma's boy Wade Kingsley Jr. an Eastern dude, tries to follow in his murdered father's footsteps by returning to the West to partner up with Slim Moseley Jr.,the son of his father's former partner. Wade overcomes Slim's initial reluctance to accept him by using his fortune to buy a prize cow and new car to help Slim in his job as foreman on the Kingsley family ranch, currently under siege by a gang of outlaws called ""masked raiders."" Wade generously tries to pay off the ranch's mortgage with $15,000 of his own money, but unfortunately neither ""pardner"" realizes that respected banker Dan Hollis, the son of their fathers' murderer, is the leader of the gang.",https://image.tmdb.org/t/p/w500/hOwKUmyVhmvPdOudF9S3vde0Ky6.jpg,6.6,1956-08-01,https://www.themoviedb.org/movie/22390
"Chalet Girl","While working a job at an exclusive ski resort to support her Dad, Kim learns to snowboard and is so good at it that she enters a competition with a huge cash prize. She has to dig deep to overcome her fears, but her life gets more complicated through her spoken-for boss, Jonny.",https://image.tmdb.org/t/p/w500/uzHIG8nXums3sCAiO4w5heZi3Hc.jpg,6.4,2011-02-02,https://www.themoviedb.org/movie/58232
"The Skyrocket","In the prologue Sharon Kimm and Mickey Reid are childhood friends in a tenement neighborhood but are separated when Sharon is placed in an orphanage. In the story we see Sharon as a young Hollywood star whose quick rise to fame leaves her self-centered, superficial, and a spendthrift. Ironically, the film that skyrocketed her to fame was written by Mickey. But her success is brief; and when it comes crashing to earth, Mickey is there to pick up the pieces.",https://image.tmdb.org/t/p/w500/adJvMBTMkyk4KwYFrQ6ehGWJwsp.jpg,0,1926-02-14,https://www.themoviedb.org/movie/936058
"Enemy Gold","Three Federal agents go in search of gold supposedly hidden by Quantrell during the Civil War after they are suspended by a corrupt official for excessive force during a drug raid. Meanwhile a drug lord hires a hit woman to kill the three for interfering with his operations.",https://image.tmdb.org/t/p/w500/bW3wf5KncLoMolW55k1Uvrrrs9d.jpg,4,1994-06-03,https://www.themoviedb.org/movie/49983
"Armed Response","The story follows a team of highly trained operatives who find themselves trapped inside an isolated military compound.",https://image.tmdb.org/t/p/w500/6ii3cMm7UWHRG60sbvdntlU3z9k.jpg,5.158,2017-08-04,https://www.themoviedb.org/movie/450932
"Furiosa: A Mad Max Saga","As the world falls, young Furiosa is snatched from the Green Place of Many Mothers into the hands of a great biker horde led by the warlord Dementus. Sweeping through the wasteland, they encounter the citadel presided over by Immortan Joe. The two tyrants wage war for dominance, and Furiosa must survive many trials as she puts together the means to find her way home.",https://image.tmdb.org/t/p/w500/iADOJ8Zymht2JPMoy3R7xceZprc.jpg,7.459,2024-05-22,https://www.themoviedb.org/movie/786892
"Inner Demons","After a near death experience, a young woman with a troubled past is tortured by visions and hallucinations as she fears she has brought something back with her from the afterlife. The woman becomes terrified her ""inner demons"" will take control to the point of no return. Is it too late to save her own soul? An ode to atmospheric creepy horror films Carnival of Souls, Jacobs Ladder with a smidgen of Drag Me to Hell and Evil Dead thrown in.",https://image.tmdb.org/t/p/w500/eTL7YduFGtcI1EsfZKLNvhf9CRM.jpg,0,2024-11-05,https://www.themoviedb.org/movie/1296973
Pentecost,"Ireland 1977. Eleven-year-old Damian Lynch (Scott Graham) is called in at the last moment to serve as an altar boy at an important mass in his local parish. Following his last appearance as an altar boy when he knocked Father O'Toole off the altar, Damien is serving a 3 month ban from his only passion in life...football. To make matters worse, Damian's team, Liverpool FC, are playing in their first European cup final in two weeks time. Damien's father (Michael McElhatton) offers him a reprieve and crucially a chance to see the European cup final if he serves the mass correctly. Damien now faces a choice: either conform to the status quo or never watch his beloved Liverpool play again...",https://image.tmdb.org/t/p/w500/5xCV8ytQjSHOaezRJ7JUtxYBp9Y.jpg,6.5,2010-11-01,https://www.themoviedb.org/movie/99581
"Desert Fury","The daughter of a Nevada casino owner gets involved with a racketeer, despite everyone's efforts to separate them.",https://image.tmdb.org/t/p/w500/gNZsrXGmhz1KNMxz5I6Tzu2bthc.jpg,6,1947-08-15,https://www.themoviedb.org/movie/27034
"Pals First","Richard Castleman, master of Winnecrest Hall in Louisiana, goes on a sea voyage recommended by his cousin and physician, Harry Chilton, who thereupon begins romancing Castleman's fiancée, Jeanne Lamont. When word arrives of Castleman's death, Chilton prepares to usurp the fortune and property of the dead man. Danny Rowland, who is found wounded by two wandering crooks, Dominie and The Squirrel, opportunely arrives at the estate seeking food and rest; and because of his resemblance to Castleman, he is welcomed as the master. Dominie is introduced as an English cleric and The Squirrel as an Italian count, while Danny falls in love with Jeanne, who believes him to be her fiancé. Chilton, however, suspects the trio and finally unmasks them. It then develops that Danny actually is Castleman, who had decided to reform the two men who befriended him and to expose the dishonesty of his cousin.",https://image.tmdb.org/t/p/w500/zjUl15xj3kCWpZNpp777OuCaImN.jpg,0,1926-08-08,https://www.themoviedb.org/movie/684319
"Cabin Fever","While staying at a remote cabin for a week-long vacation, a group of five college friends succumb to an infectious, flesh-eating disease.",https://image.tmdb.org/t/p/w500/yJQLWoizC5zBjVk9dr2Qo1K1TCI.jpg,4.736,2016-02-12,https://www.themoviedb.org/movie/298584
"Dark Command","When transplanted Texan Bob Seton arrives in Lawrence, Kansas he finds much to like about the place, especially Mary McCloud, daughter of the local banker. Politics is in the air however. It's just prior to the civil war and there is already a sharp division in the Territory as to whether it will remain slave-free. When he gets the opportunity to run for marshal, Seton finds himself running against the respected local schoolteacher, William Cantrell. Not is what it seems however. While acting as the upstanding citizen in public, Cantrell is dangerously ambitious and is prepared to do anything to make his mark, and his fortune, on the Territory. When he loses the race for marshal, he forms a group of raiders who run guns into the territory and rob and terrorize settlers throughout the territory. Eventually donning Confederate uniforms, it is left to Seton and the good citizens of Lawrence to face Cantrell and his raiders in one final clash.",https://image.tmdb.org/t/p/w500/kpnO4PU7Pc9ZUAfs0BM9QizA0bm.jpg,6.348,1940-04-15,https://www.themoviedb.org/movie/40639
Anguish,"A new girl in a quiet town, Tess tries to manage her psychosis while adjusting to her new life with her mom. After stumbling upon the shrine of Lucy, a hit and run victim, Tess finds herself overwhelmed by hallucinations of the dead girl and starts to question her sanity again.  When the spirit possesses Tess’s mind and soul, mother and daughter are at a loss for where to turn next for salvation: religion or medicine?  Both institutions have failed them to date but faith leads them to the house of Sarah, Lucy’s mother, who has been despondent since the accident.  All together with time working against them, Sarah is desperate to believe that Lucy is still alive in Tess but neither parent wants to give up on their daughter.  Now that she understands what is happening to her, ultimately Tess must decide whether she wants to keep fighting or succumb to her affliction.",https://image.tmdb.org/t/p/w500/o8B3CIbIuxWhPf0G19lse4mJrLI.jpg,4.679,2015-07-21,https://www.themoviedb.org/movie/347944
Stephanie,"After a mysterious global crisis, a young girl is left alone to hide from a malevolent power that stalks her home. Her parents eventually return and the struggle begins to save their daughter.",https://image.tmdb.org/t/p/w500/saH984W3ZGjRX0NMCEsuKh8VUP9.jpg,6.171,2017-04-27,https://www.themoviedb.org/movie/333357
"The Snob","Two schoolteachers, married for love, are parted by the husband's obsessive desire for wealth and social position.",https://image.tmdb.org/t/p/w500/qGzgKoxjl3bz7Zv5oug4y8lDzIz.jpg,0,1924-11-10,https://www.themoviedb.org/movie/499390
"The Conjuring","Paranormal investigators Ed and Lorraine Warren work to help a family terrorized by a dark presence in their farmhouse. Forced to confront a powerful entity, the Warrens find themselves caught in the most terrifying case of their lives.",https://image.tmdb.org/t/p/w500/wVYREutTvI2tmxr6ujrHT704wGF.jpg,7.5,2013-07-18,https://www.themoviedb.org/movie/138843
"Micro Men","In 1979 Clive Sinclair, British inventor of the pocket calculator, frustrated by the lack of home investment in his project,the electric car, also opposes former assistant Chris Curry's belief that he can successfully market a micro-chip for a home computer. A parting of the ways sees Curry, in partnership with the Austrian Hermann Hauser and using whizz kid Cambridge students, set up his own, rival firm to Sinclair Radionics, Acorn. Acorn beat Sinclair to a lucrative contract supplying the BBC with machines for a computer series. From here on it is a battle for supremacy to gain the upper hand in the domestic market.",https://image.tmdb.org/t/p/w500/n42Ngra1KKY4nU1pE08qeemHdl.jpg,7.103,2009-10-08,https://www.themoviedb.org/movie/50451
Střevíčky,"It's a crisp autumn morning. Marta prepares breakfast and goes to work. Little Jenda has a sore throat, so she has to go to her grandfather's to look after the boy. On the way to work, she reflects on the monotony of her life and marriage, and doubts whether her husband Karel still loves her. She spots a beautiful pair of Indian shoes in a fashion shop and shows them to Karel during her lunch break. He just runs his eyes over them and tells Marta to buy them. Martha is touched by his indifferent words. In the afternoon, encouraged by her colleague, she decides to buy the shoes. She is unlucky, however, as they have already been sold in the meantime. In the evening, Marta dresses for the theatre without any mood. In her wardrobe she discovers a box containing Indian slippers. Her face brightens with a smile and she goes to sew a button to Karl's white shirt without speaking. Suddenly the couple are close again.",https://image.tmdb.org/t/p/w500,0,1961-01-01,https://www.themoviedb.org/movie/939808
"The Doors","The story of the famous and influential 1960s rock band and its lead singer and composer, Jim Morrison.",https://image.tmdb.org/t/p/w500/x1LM3dzGuG6xOz0aT2e71o11vhu.jpg,7.106,1991-03-01,https://www.themoviedb.org/movie/10537
"Shanghai Knights","When a Chinese rebel murders Chon's estranged father and escapes to England, Chon and Roy make their way to London with revenge on their minds.",https://image.tmdb.org/t/p/w500/vVNQStMlZS9mn2AKBEpadRunHgt.jpg,6.142,2003-02-06,https://www.themoviedb.org/movie/6038
Ironclad,"In the year 1215, the rebel barons of England have forced their despised King John to put his royal seal on the Magna Carta, a seminal document that upheld the rights of free men. Yet within months of pledging himself to the great charter, the King reneged on his word and assembled a mercenary army on the south coast of England with the intention of bringing the barons and the country back under his tyrannical rule. Barring his way stood the mighty Rochester castle, a place that would become the symbol of the rebel's momentous struggle for justice and freedom.",https://image.tmdb.org/t/p/w500/h7CP12wAThhw2WSOA1uIAqxg1fS.jpg,6.134,2011-03-03,https://www.themoviedb.org/movie/38543
"Nina Forever","Holly loves Rob and tries to help him through his grief – even if it means contending with his dead girlfriend Nina, who comes back, bloody and broken, every time they make love",https://image.tmdb.org/t/p/w500/oUPogoU682I7GFuar5qlHXj8j4p.jpg,5.182,2016-01-19,https://www.themoviedb.org/movie/323694
"Highest 2 Lowest","When a titan music mogul, widely known as having the ""best ears in the business"", is targeted with a ransom plot, he is jammed up in a life-or-death moral dilemma.",https://image.tmdb.org/t/p/w500/RFQtinuiHhOnbmJaCn3uzegCYF.jpg,5.625,2025-08-14,https://www.themoviedb.org/movie/1242434
Homecoming,"The movie tells the story of Abigael Edades who returns to her Philippine hometown from her five-year stint as a nurse in Canada. Her town mates rousingly welcome her as a hero, the crass moniker ascribed by the government to hundreds of thousands of Filipinos working abroad. She finds her family in tatters, her parents estranged and living apart and her brother Jepoy living the life of drugs. But she basks in the welcome of her mother and youngest brother Noel and the devotion of her boyfriend, who proposes marriage. Her happiness is short-lived. She is diagnosed with SARS and contaminates Noel. They cause a national scare, are quarantined in Manila and are shunned by their own townspeople and the municipal government. Even her boyfriend leaves her. The hero becomes a heel. ""Just a month after my return, my views on life and the people around me have irrevocably changed,"" she says at the start of the movie.",https://image.tmdb.org/t/p/w500/lCanG5y42qrd1dVgslXoyaBlHA.jpg,0,2003-12-25,https://www.themoviedb.org/movie/392487
"Love Letters","Film-Am Edgar falls in love with Vilma. The two had a set back that ended with Edgar returning all Vilma’s love letters that he regreted and wanted it back. He went to Vilma’s house to retrieve it but was caught and accused of stealing. The whole misunderstanding ended up in court but was settled eventually. Edgar left the country but returned for Alona Alegre’s wedding to Victor Wood. He also reunited Vilma.",https://image.tmdb.org/t/p/w500,2,1970-06-14,https://www.themoviedb.org/movie/290068
"Dancing Days","Despite the fact that he has a beautiful wife who loves him and a good home, gold-digger Lillian Loring discovers that Ralph Hedman is a pushover for her winsome wiles and ways. Ralph's wife, Alice, becomes suspicious when she sees them together at lunch one day. He asks for a divorce but Alice says she wants to keep the marriage going for at least a year, for appearances sake, and says she will agree to a divorce then if he still wants it. Alive stays home alone for three months while Ralph is living it up as a full member of the Jazz Age. He gets sick and Alice invites Lillian to come over and help get him well. Lillian decides that lots of saxophone playing and wild dancing is the best cure. Alice takes all she can stand, leaves a note for Ralph and departs the premises. Ralph also takes his own departure, after leaving a note for Alice. Lillian keeps on partying. Alice and Ralph, driving their respective cars into an intersection, have a collision.",https://image.tmdb.org/t/p/w500,1,1926-09-27,https://www.themoviedb.org/movie/576758
"American Sniper","U.S. Navy SEAL Chris Kyle takes his sole mission—protect his comrades—to heart and becomes one of the most lethal snipers in American history. His pinpoint accuracy not only saves countless lives but also makes him a prime target of insurgents. Despite grave danger and his struggle to be a good husband and father to his family back in the States, Kyle serves four tours of duty in Iraq. However, when he finally returns home, he finds that he cannot leave the war behind.",https://image.tmdb.org/t/p/w500/i1U46OwMc6vlm7OoSUKfqUH615e.jpg,7.417,2014-12-25,https://www.themoviedb.org/movie/190859
Dracula,"After Jonathan Harker attacks Dracula at his castle, the vampire travels to a nearby city, where he preys on the family of Harker's fiancée. The only one who may be able to protect them is Dr. van Helsing, Harker's friend and fellow-student of vampires, who is determined to destroy Dracula, whatever the cost.",https://image.tmdb.org/t/p/w500/9UHOATvzXQWbElSGygOY1ar3vpp.jpg,7.3,1958-04-21,https://www.themoviedb.org/movie/11868
"Diamant en die Dief","A Charming Thief's Encounter with a Beautiful Geologist to whom He is Trying to Sell Fake Diamonds. However, She's no Idiot and Eventually the Scammer Finds Himself with an Unwanted Partner.",https://image.tmdb.org/t/p/w500,0,1978-06-28,https://www.themoviedb.org/movie/1182014
"Il Turco in Italia - Festival d'Aix-en-Provence","In the bright sunlight of opera buffa, a handsome Turkish prince (with an agile bass voice) lands on the coast of Naples looking for amorous adventures. In no time at all he meets a vivacious Italian girl (a coquettish virtuoso soprano), who is accustomed to flitting between admirers, much to the displeasure of her elderly husband. This little group carries on its flirtations, rivalries and quarrels under the delighted eyes of the poet Prosdocimo, who, as it happens, has been seeking inspiration for a dramma buffo.",https://image.tmdb.org/t/p/w500/fQEeXuqcfdNtfbrBDl76cZvvLMs.jpg,0,2014-04-07,https://www.themoviedb.org/movie/1222297
"Double Wedding","A bohemian free spirit helps meek Waldo win back his fiancée and falls in love with her over-controlling sister in the process.",https://image.tmdb.org/t/p/w500/76A4FIQuX4gbKVUDtVHkKvcTunY.jpg,6.371,1937-10-15,https://www.themoviedb.org/movie/20642
Tangled,"Feisty teenager Rapunzel, who has long and magical hair, wants to go and see sky lanterns on her eighteenth birthday, but she's bound to a tower by her overprotective mother. She strikes a deal with Flynn Rider, a charming wanted thief, and the duo set off on an action-packed escapade.",https://image.tmdb.org/t/p/w500/ym7Kst6a4uodryxqbGOxmewF235.jpg,7.61,2010-11-24,https://www.themoviedb.org/movie/38757
Hick,"A pistol-packing teen meets an unstable rebel and a cocaine-snorting drifter as she hitchhikes her way out West.",https://image.tmdb.org/t/p/w500/ziXCRCci5BFLEUwSgO0V83M9LGw.jpg,5.708,2012-05-11,https://www.themoviedb.org/movie/94363
"Great Guy","A meat inspector sets out to rid his town of payoff deals affecting the quality of meat being sold to the public.",https://image.tmdb.org/t/p/w500/AcqtAhoYNFR1kjXvuZiT5ZoY76A.jpg,6.2,1936-12-01,https://www.themoviedb.org/movie/46351
"Laura's Toys","Archaeologist Walter and his wife Laura are working at a dig on a small island off the coast of Sweden. One day Laura catches Walter having a go at it with his sexy assistant, Anna. Laura calls in her old friend--and former lesbian lover--Hanni to help get her revenge on Walter by having she and Hanni seduce Anna.",https://image.tmdb.org/t/p/w500/rqzupBGrChmHG5Wl6wy5vI0V3Vz.jpg,4.824,1975-01-01,https://www.themoviedb.org/movie/81467
"Deadly Exposé","When several carnal murders in a small beach town are linked to the public release of a discreet dating app's client information, detective Maxine Payton suspects the killer may be someone intimately close to her.",https://image.tmdb.org/t/p/w500/2eDIw25dRxUf77CtiUvPIcAPMlh.jpg,4.9,2017-05-01,https://www.themoviedb.org/movie/479366
Populaire,"An insurance agent and his new secretary become locked in the grip of romance and competition as they train together for a speed-typing contest.",https://image.tmdb.org/t/p/w500/4d4a0uDl8tI4EoIjYEyU54Xpkzu.jpg,6.612,2012-11-27,https://www.themoviedb.org/movie/136403
"The Batman","In his second year of fighting crime, Batman uncovers corruption in Gotham City that connects to his own family while facing a serial killer known as the Riddler.",https://image.tmdb.org/t/p/w500/74xTEgt7R36Fpooo50r9T25onhq.jpg,7.658,2022-03-01,https://www.themoviedb.org/movie/414906
"State Trooper","Mike Rolph quits his job, seemingly, as a highway patrolman and takes the position of the Police Chief of W. J. Brady's oil refinery. He is also romantically involved with Brady's daughter, June. It appears that some highly-placed employee has sold out to the opposition refinery people, and much sabotage and havoc is being caused.",https://image.tmdb.org/t/p/w500/A6g8RtrxtfEOM1uIDAksDPGtzQM.jpg,0,1933-02-10,https://www.themoviedb.org/movie/600678
Supergator,"Geologists encounter a giant alligator while investigating an active volcano in Hawaii.",https://image.tmdb.org/t/p/w500/jGlmlq474sz0WEUpwJ276tbjRnr.jpg,5.3,2007-07-14,https://www.themoviedb.org/movie/4290
"Radio Pirates","Three unlikely people set up a pirate radio station in this musical comedy.",https://image.tmdb.org/t/p/w500/qIQ43Xb49sLPSIwzG7RSgoQeuZe.jpg,7.5,1935-08-18,https://www.themoviedb.org/movie/363387
"The Current","Arriving on a cruise ship as though pulled by an invisible string, senior citizen Donald discovers an apparent murder scene. While searching for answers, he finds a second body, and an emergency is declared.  When it becomes clear that the murderer is not of flesh and blood, that Donald is next in line to be killed and that the ship’s captain is a ferryman carrying his passengers to the afterlife, he and the other elderly tourists decide to make a break for it.",https://image.tmdb.org/t/p/w500/Nlrf6mEU2HAxmcEgiFl3gipykf.jpg,0,2024-11-26,https://www.themoviedb.org/movie/1393761
"China Salesman","Yan Jian, a young Chinese IT engineer who volunteers to go to North Africa and help the company he works for to win a competition. The winner can own the right to control the communication between south and north. French spy Michael works for the West. His boss ordered him to go to the North Africa and win the competition, and they can control the great mineral resources of Africa. He hired the best mercenary in Africa whose name is Lauder and a former general Kabbah to help him. Yan has discovered their conspiracy, he is the only one who can stop them.",https://image.tmdb.org/t/p/w500/TmO5oywb87UwHBkpAulR13Y06m.jpg,5.411,2017-06-16,https://www.themoviedb.org/movie/461714
Turret,"A devoted family man and B-17 turret gunner thrust into the perilous skies over WWII Europe. But the danger doesn’t end in the air—his survival sets off a chain of events that ripple far beyond the battlefield.",https://image.tmdb.org/t/p/w500,0,,https://www.themoviedb.org/movie/1480842
"After Dark","An act of violence resonates through the night, touching  upon the lives of different characters, who otherwise would not necessarily exist in each other’s daily narrative. The story is seen through the self contained world of seven characters as they drift along the otherwise mundane night meandering around the graphical symmetry of a ‘modern’ city.  The story is based on excerpts taken from a novel by Haruki Murakami by the same name",https://image.tmdb.org/t/p/w500,0,2017-04-19,https://www.themoviedb.org/movie/944547
Paul,"For the past 60 years, a space-traveling smart-ass named Paul has been locked up in a top-secret military base, advising world leaders about his kind. But when he worries he’s outlived his usefulness and the dissection table is drawing uncomfortably close, Paul escapes on the first RV that passes by his compound in Area 51. Fortunately, it contains the two earthlings who are most likely to rescue and harbor an alien on the run.",https://image.tmdb.org/t/p/w500/bX8TP2qRWh2OcmeUHGn1ENDkCu6.jpg,6.733,2011-02-14,https://www.themoviedb.org/movie/39513
"Dead Trigger","2021 - 5 years after the outbreak of a mysterious virus that turned humans into bloodthirsty, undead beasts much of the world’s population has been decimated. When governments were unable to keep the disease at bay, the Contagion Special Unit was formed with the toughest soldiers and best specialists to fight the infected. Because of the rapidly decreasing number of soldiers, a popular online video game Dead Trigger that mirrors the terrifying events was created. The best efforts of the gamers are monitored by the CSU who recruit the highest rated zombie killers. The young recruits are called “Dead Triggers”. The movie follows a group of young recruits who must travel to the origin of the outbreak to find a missing team of scientists who were searching for a cure.",https://image.tmdb.org/t/p/w500/uI2c30FyDEeBaa7Ka7tZYH344tC.jpg,3.6,2017-07-19,https://www.themoviedb.org/movie/462115
Prometheus,"A team of explorers discover a clue to the origins of mankind on Earth, leading them on a journey to the darkest corners of the universe. There, they must fight a terrifying battle to save the future of the human race.",https://image.tmdb.org/t/p/w500/qsYQflQhOuhDpQ0W2aOcwqgDAeI.jpg,6.584,2012-05-30,https://www.themoviedb.org/movie/70981
Mehbooba,"A singer by profession, Suraj gets stranded in resthouse in the coutnryside during a rainstorm. While there he experiences ununsual feelings, as if he has been there before. He feels himself transported to another time and era, to another birth, and drawn to a woman named Ratna. He is unable to leave this experience behind him, and decides to find out what this means. He discovers that in his past life he was a Chief Singer in the emperor's court, his name was Prakash and he had fallen in love with a courtesan named Ratna, much to the chargin and anger of his family and the emperor's and his officials. They are tragically separated. He subsequently comes across a portrait of Ratna, and shortly after he meets a gypsy, Jhumri who looks exactly like Ratna. Soon Jhumri is also able to recollect her past life, and her love for Prakash.",https://image.tmdb.org/t/p/w500/68A19n8S3i9xP3FDTpdi4rc6gla.jpg,5.5,1976-01-01,https://www.themoviedb.org/movie/347839
Rita,"Rita, who finds herself alone when husband Ariel works abroad. They both find solace and sexual satisfaction in other people. When Ariel comes back, they both act like nothing happened. But will this keep their marriage from falling apart?",https://image.tmdb.org/t/p/w500/pXENxAzOBrTSDJGxDcUnlNTNmWr.jpg,6.158,2024-03-22,https://www.themoviedb.org/movie/1241752
Conspiracy,"At the Wannsee Conference on January 20, 1942, senior Nazi officials meet to determine the manner in which the so-called ""Final Solution to the Jewish Question"" can be best implemented.",https://image.tmdb.org/t/p/w500/Onqn8XXyhANuy1LIL7AIN6unQk.jpg,7.289,2001-05-19,https://www.themoviedb.org/movie/12900
"The Runaway","The adventures of a young boy who runs away from an orphanage on a search to find his father.",https://image.tmdb.org/t/p/w500/azTRoB7QKdNojw6yhazIwFE779X.jpg,0,1961-01-01,https://www.themoviedb.org/movie/432871
"The Cobweb","Patients and staff at a posh psychiatric clinic clash over who chooses the clinic’s new drapes – but drapes are the least of their problems.",https://image.tmdb.org/t/p/w500/duT2743CkNIKvrwch5CqmB7Xmta.jpg,5.6,1955-06-07,https://www.themoviedb.org/movie/94123
Sahara,"Seasoned adventurer and treasure hunter Dirk Pitt, a former Navy SEAL, sets out for the African desert with his wisecracking buddy Al in search of a confederate ironclad battleship rumored to have vanished long ago, the main draw being the treasure supposedly hidden within the lost vessel. When the daring duo come across Dr. Eva Rojas, a beautiful scientist who is juggling an escape from a warlord and a mission to stop the spread of a powerful plague, their desert expedition begins to heat up.",https://image.tmdb.org/t/p/w500/kyY1onYxkKBDlJsheRsVbMaoQEM.jpg,5.907,2005-04-06,https://www.themoviedb.org/movie/7364
"Enemy Territory","An insurance salesman inadvertently gets trapped after dark in an apartment building that is terrorized by a street gang called ""The Vampires.""",https://image.tmdb.org/t/p/w500/r5jf8QtZHPcAZmk3qJHIHv8Bsfc.jpg,5.7,1987-05-22,https://www.themoviedb.org/movie/100269
Clowntergeist,"Emma, a college student with a crippling fear of clowns, must come face to face with her worst fear when an evil spirit in the body of a clown is summoned terrorizing the town she calls home.",https://image.tmdb.org/t/p/w500/6FKljfqvKmdttj6D9EADy6iGpQT.jpg,3.6,2017-09-12,https://www.themoviedb.org/movie/436775
"The Bet","A down on his luck man gets into an absurd but high stakes bet where he has one summer to find, and hook up with, every girl he had a crush on from 1st to 12th grade.",https://image.tmdb.org/t/p/w500/wJBOinXsZD3ui8VfERJZwy7gQdR.jpg,4.727,2016-05-03,https://www.themoviedb.org/movie/395932
"Transformers One","The untold origin story of Optimus Prime and Megatron, better known as sworn enemies, but once were friends bonded like brothers who changed the fate of Cybertron forever.",https://image.tmdb.org/t/p/w500/iRCgqpdVE4wyLQvGYU3ZP7pAtUc.jpg,8.019,2024-09-11,https://www.themoviedb.org/movie/698687
"Finding Nemo","Nemo, an adventurous young clownfish, is unexpectedly taken from his Great Barrier Reef home to a dentist's office aquarium. It's up to his worrisome father Marlin and a friendly but forgetful fish Dory to bring Nemo home -- meeting vegetarian sharks, surfer dude turtles, hypnotic jellyfish, hungry seagulls, and more along the way.",https://image.tmdb.org/t/p/w500/eHuGQ10FUzK1mdOY69wF5pGgEf5.jpg,7.8,2003-05-30,https://www.themoviedb.org/movie/12
Spermageddon,"Two narrative threads: one is an emerging love story between awkward teens Jens and Lisa, who are having sex for the first time; the other, an eventful quest of Simon the Semen and his friends to reach the golden goal, the Egg.",https://image.tmdb.org/t/p/w500/n7SFxle8CVzMXzfV8GNCXqdg78m.jpg,6.3,2025-02-21,https://www.themoviedb.org/movie/1064307
Longitude,"Parallel stories: 18th century Harrison builds the marine chronometer for safe navigation at sea; 20th century Gould is obsessed with restoring it.",https://image.tmdb.org/t/p/w500/n0pNsQ2JiUoEI40v6zbA6yf9KfC.jpg,7.297,2000-01-02,https://www.themoviedb.org/movie/68954
"The Furies","A New Mexico cattle man and his strong-willed daughter clash over land and love.",https://image.tmdb.org/t/p/w500/kVlgoW4LWj8Uxr5fXuFi6qhpzP0.jpg,7.176,1950-07-22,https://www.themoviedb.org/movie/28304
Rampart,"The story follows veteran police officer Dave Brown, the last of the renegade cops, as he struggles to take care of his family, and fights for his own survival.",https://image.tmdb.org/t/p/w500/wUlYwDmkytszsDvyIPn66pdqgZe.jpg,5.437,2011-11-23,https://www.themoviedb.org/movie/75622
"The Suicide Squad","Supervillains Harley Quinn, Bloodsport, Peacemaker and a collection of nutty cons at Belle Reve prison join the super-secret, super-shady Task Force X as they are dropped off at the remote, enemy-infused island of Corto Maltese.",https://image.tmdb.org/t/p/w500/q61qEyssk2ku3okWICKArlAdhBn.jpg,7.478,2021-07-28,https://www.themoviedb.org/movie/436969
"On Broadway","An all-star cast tells the inside story of the Broadway theater, and how it came back from the brink thanks to innovative work, a new attention to inclusion and a sometimes uneasy balance between art and commerce. Legends of the stage and screen—including Helen Mirren, Christine Baranski, August Wilson, James Corden, Alec Baldwin, John Lithgow, Viola Davis, Hugh Jackman and Ian McKellen—take us behind the scenes of Broadway's most groundbreaking and beloved shows, from A Chorus Line to Hamilton. Iconic performances by Lin Manuel Miranda, Patti LuPone, Bernadette Peters, James Earl Jones and Mandy Patinkin lead the way on a hurly burly ride through Times Square, once again the main street of American show business in this documentary directed by Academy-Award nominee Oren Jacoby.",https://image.tmdb.org/t/p/w500/6E2yKuVxaN6GLe540sAoD5ypjkU.jpg,8.7,2019-10-12,https://www.themoviedb.org/movie/712591
"The 33D Invader","A young woman named Future is sent from the year 2046 to the year 2011 in Hong Kong. Future was sent by the United Nations in order to get pregnant, where she can then extract her genes and repopulate the earth as 99% of males have become infertile in the future due to attacks from Planet Xucker. Two assassins from Xuckler are sent after her to stop her. Future meets three University students: Felix, Dan-san and Sing. The men are obsessed with female students next door: Chin-chin, Chen-chen and Sai-sai. The students agree to help Future find a mate at the university.",https://image.tmdb.org/t/p/w500/bBC1fBHyFBmc6fn4UDedtkOVSaD.jpg,5.645,2011-10-06,https://www.themoviedb.org/movie/85877
Ibiza,"She could do the responsible thing. Or she could go to Ibiza with her best friends to chase down a hot DJ. Easy choice.",https://image.tmdb.org/t/p/w500/xm0QJ3eumZ5LSewpYKQe6KfwWRW.jpg,5.714,2018-05-25,https://www.themoviedb.org/movie/463053
"Kings Ransom","On August 9, 1988, the NHL was forever changed with the single stroke of a pen. The Edmonton Oilers, fresh off their fourth Stanley Cup victory in five years, signed a deal that sent Wayne Gretzky, a Canadian national treasure and the greatest hockey player ever to play the game, to the Los Angeles Kings in a multi-player, multi-million dollar deal. As bewildered Oiler fans struggled to make sense of the unthinkable, fans in Los Angeles were rushing to purchase season tickets at a rate so fast it overwhelmed the Kings box office. Overnight, a franchise largely overlooked in its 21-year existence was suddenly playing to sellout crowds and standing ovations, and a league often relegated to “little brother” status exploded from 21 teams to 30 in less than a decade.",https://image.tmdb.org/t/p/w500/uAYsPWIER2xyRX2voaXdifZcZox.jpg,6.596,2009-09-13,https://www.themoviedb.org/movie/54684
"Kraven the Hunter","Kraven Kravinoff's complex relationship with his ruthless gangster father, Nikolai, starts him down a path of vengeance with brutal consequences, motivating him to become not only the greatest hunter in the world, but also one of its most feared.",https://image.tmdb.org/t/p/w500/i47IUSsN126K11JUzqQIOi1Mg1M.jpg,6.467,2024-12-11,https://www.themoviedb.org/movie/539972
Drone,"Émilie lives in a world of surveillance: her camgirl work; the camera phone lingering on a crush from afar; the headset affording her a drone’s perspective. The same drone that stalks each move she makes, offering inspiration, noting rivals. An unsolicited companion is conspiring with or against her. A financially strapped transplant now living in the Paris suburbs, Émilie is thrust into a high-powered world when she is chosen for a renovation workshop with a prestigious architect. Her classmates come mostly from “filthy rich” backgrounds, like cocky Olivier, who wants Émilie as his conquest. But Émilie has shy eyes only for self-sufficient Mina, whose music builds like a “helicoid.” A drone—unlike any known model—is watching her all along waiting for her next move and paying handily for the privilege.",https://image.tmdb.org/t/p/w500/flIYY0q6x5k6XpYSGtZz3hlOoBP.jpg,5.6,2024-10-02,https://www.themoviedb.org/movie/1001044
Hellgate,"A man is framed and sent to the toughest prison in the territory.",https://image.tmdb.org/t/p/w500/pQxRp4a0IB6jLBYuHQPi1OicXOD.jpg,6.7,1952-09-04,https://www.themoviedb.org/movie/179439
Ghutan,"Ravi Kapoor (Aryan Vaid) manages a company owned by his wife Catherine (Hina Rehman), whom he doesn't love and constantly cheats on. And he now has his eyes on his secretary, Priya (Pooja Bharti). When Catherine learns what's going on, she confronts him. In the heated argument that follows, Ravi hits her and believes she's dead. Together with his friend, Jaggi (Tarun Arora), they take her body to the graveyard. Just as they're about ready to put it in the grave they realize Catherine isn't dead so they bury her alive. Catherine's ghost then returns for revenge.",https://image.tmdb.org/t/p/w500/gutqECREVLxgeN5bf0MRWrgfOZR.jpg,0,2007-06-08,https://www.themoviedb.org/movie/482203
Hangman,"A homicide detective teams up with a criminal profiler to catch a serial killer whose crimes are inspired by the children's game, Hangman.",https://image.tmdb.org/t/p/w500/u7HwjTX9h4B8kuolyKiztYjtqna.jpg,5.816,2017-12-22,https://www.themoviedb.org/movie/323368
"Death of a Unicorn","A father and daughter accidentally hit and kill a unicorn while en route to a weekend retreat, where his billionaire boss seeks to exploit the creature’s miraculous curative properties.",https://image.tmdb.org/t/p/w500/xWlF2i51zUq7BUq4iJte1g9NyIM.jpg,6.439,2025-03-27,https://www.themoviedb.org/movie/1153714
"Christmas in Midnight Clear","Hillary Shaw, a successful corporate real estate developer, arrives in the economically struggling town with decisive plans to acquire every possible property, declare the rest eminent domain, and to modernize the town from the inside out. But when Hillary encounters Daniel Porter, local pastor and multi-generational pillar of the community, her vision faces more than legal challenges. As Hillary and Daniel’s worldviews spark conflict, something deeper begins to blossom.",https://image.tmdb.org/t/p/w500/gFJ0aLK7ERCe3CjXemsMG44LjYe.jpg,0,2025-11-01,https://www.themoviedb.org/movie/1535456
Coartadas,"Follows the founder of a company who offers alibis to customers who are dishonest or disloyal.",https://image.tmdb.org/t/p/w500/nllCLiirEjiF78efF9pk8XSTm2Z.jpg,0,2025-11-28,https://www.themoviedb.org/movie/1403327
Champion,"In the supercharged world of dirt track racing, a single mistake causes the lives of two men to change forever. One must fight for his family, the other must fight to forgive.",https://image.tmdb.org/t/p/w500/oCy74z0ipr3SiodWGOz21b4pBGt.jpg,7,2017-05-19,https://www.themoviedb.org/movie/453004
Nobody,"Hutch Mansell, a suburban dad, overlooked husband, nothing neighbor — a ""nobody."" When two thieves break into his home one night, Hutch's unknown long-simmering rage is ignited and propels him on a brutal path that will uncover dark secrets he fought to leave behind.",https://image.tmdb.org/t/p/w500/oBgWY00bEFeZ9N25wWVyuQddbAo.jpg,7.9,2021-03-18,https://www.themoviedb.org/movie/615457
"Rainbow Time","Todd grew up under the strange shadow of his older mentally challenged brother Shonzi. As kids, Shonzi forced Todd to make action movies. As adults he pressures him to share love life details, even showing Shonzi a sex tape he made with an old girlfriend to help him cope when family tragedy hits. When their dad suffers a heart attack, Shonzi (now 40, and still a virgin) moves in with Todd and his new girlfriend Lindsay. Shonzi wants desperately to be included in their relationship like old times. When Shonzi’s begging become threats to reveal secrets from their past, Todd must find the courage to be honest with Lindsay, even if it means the end of their relationship.",https://image.tmdb.org/t/p/w500/xRlvr8nejfUa3DphrxNDBWTl55M.jpg,5.375,2016-03-14,https://www.themoviedb.org/movie/381041
"Cage II: The Arena of Death","After being tricked into thinking his best friend, and caretaker is dead, Vietnam Vet, and mentally disabled person has no other choice but to enter The Arena Of Death!",https://image.tmdb.org/t/p/w500/bg9AuuRs5rA9qf32dk5re6X4lQd.jpg,2.889,1994-12-14,https://www.themoviedb.org/movie/112708
"The Conjuring 2","Lorraine and Ed Warren travel to north London to help a single mother raising four children alone in a house plagued by malicious spirits.",https://image.tmdb.org/t/p/w500/zEqyD0SBt6HL7W9JQoWwtd5Do1T.jpg,7.294,2016-06-08,https://www.themoviedb.org/movie/259693
Materialists,"A young, ambitious New York City matchmaker finds herself torn between the perfect match and her imperfect ex.",https://image.tmdb.org/t/p/w500/zh4kaa2dGhVjojHulCWt3AR4b2l.jpg,6.494,2025-06-12,https://www.themoviedb.org/movie/1136867
"Sky High","When he is told that he is to spend three more years as a tailgunner, goofball GI Herbert Pumice thinks that a promotion--which he has little to no chance of getting--will get him out of the job he hates. He asks his girlfriend Sally, who owns the base café, for help. She goes to the base commander, Col. Baker--who she knows has a crush on her--to help out Herbert. Col. Baker schedules a promotion hearing for Herbert that Friday. He naturally fails it miserably, and then learns that Col. Baker is going out on a date with Sally. Meanwhile, the base military intelligence officer discovers that Herbert is a dead-ringer for the head of a spy ring intending to sabotage a new automated plane, and gets Herbert assigned to infiltrate the gang. Complications ensue.",https://image.tmdb.org/t/p/w500/acmwMpjo0JynWBGYkFKA1BclSJF.jpg,4,1951-10-19,https://www.themoviedb.org/movie/1011015
"Beach House","Summer Sunday at a small beach house at the coast of Rome. Many people and stories: women's basketball team, two sports-obsessed soldiers, two men with their girlfriends and the priest with a big secret, an elderly couple with their pregnant granddaughter, and engagemented couple wanting to have sex for the first time.",https://image.tmdb.org/t/p/w500/APAMSZ2QnChI7PlC1TAEKcvrR9.jpg,6.3,1977-10-27,https://www.themoviedb.org/movie/56379
"Super Tanker","A meteorite brings a powerful element to the Earth during the Cold War, too powerful to ever be used it's contained until a decision is made to dispose of it in the depths of the ocean. During transit on the worlds largest and most secure Super Tanker a rogue wave damages the ship and releases the element which triggers a chain reaction in the environment and the political arena.",https://image.tmdb.org/t/p/w500/3jpVMjxMPXS8lOFS6oZkf9YYTMs.jpg,4.5,2011-01-29,https://www.themoviedb.org/movie/82563
Peitruss,"Since she’s started a passionate new relationship with the handsome and mysterious Joakim, life is smiling back at Lara again. Her marriage to detective Toni is but a distant memory. But when he accuses Joakim of having committed a series of unsolved murders in Luxembourg City’s Peitruss Valley, Lara’s world is thrown upside down. While trying to prove his innocence, she starts to wonder how well she really knows the one she loves.",https://image.tmdb.org/t/p/w500/5EcAeICJXoqJR5pH3xhndo4oj2r.jpg,5.5,2019-10-23,https://www.themoviedb.org/movie/615210
"The Bad Guys: Haunted Heist","The crafty Bad Guys crew embarks on a high-stakes Halloween heist to swipe a priceless amulet from a spooky mansion. What could go wrong?",https://image.tmdb.org/t/p/w500/oEJC05CqPugMxC4rFu9r6r6vg6m.jpg,6.9,2024-10-02,https://www.themoviedb.org/movie/1329336
"Lost & Found","In order to impress his beautiful French neighbor, Dylan Ramsey dognaps her pet pooch so he can return him and become a hero.",https://image.tmdb.org/t/p/w500/jaylLo7TsJrJriNVGf72Asen1Fr.jpg,5.005,1999-04-23,https://www.themoviedb.org/movie/39964
"Moon Over Malaya","Adapted from an original novel titled Fatimah《花蒂玛》by Chua Boon Hean, 'Sri Menanti' is a poignant portrayal of an intercultural romance inhibited by racial prejudice and segregation, religious conservatism, and repressive social mores. The film stars Malay actress Zaiton and Hong Kong actor Paul Chang as the star-crossed lovers who seek in the Other not only connection and acceptance but also escape and freedom. Released in both Malay and Mandarin-dubbed versions, the film was unprecedented in the Singapore film industry for casting both local Malay and Hong Kong Chinese film stars.",https://image.tmdb.org/t/p/w500/fmZi80VsfAIdf0GF9FXwotcG3X3.jpg,0,1958-01-01,https://www.themoviedb.org/movie/833613
"Trust Me","An art dealer murders one of his artists in the hopes of increasing the market value of his work.",https://image.tmdb.org/t/p/w500/aJe82MUVi8UNmZOm8iuXaKnT9Mx.jpg,6,1989-11-10,https://www.themoviedb.org/movie/213934
Nemo,"The wind swirls up dust in a desert landscape. The picture is followed by images of clouds racing over the skyline of a city, of reflections on an expanse of water, of waves breaking over an embankment and of row upon row of burning candles. Then, gradually, music sets in: It initially accompanies the images, supports the patterns of movement in their characteristic style, pushes them ahead and enhances their drama. In Nemo, named after the captain in Jules Vernes «Twenty Thousand Leagues under the Sea», Morrison utilizes images of nature and natural phenomena to compose a cinematic poem about time and transience. (Claudia Slanar)",https://image.tmdb.org/t/p/w500,5,1995-04-04,https://www.themoviedb.org/movie/334228
"Hood Rat","Think of it as Willard in the hood, the debut feature from director Leslie Small finds a Isaiah Washington playing a kindly man who turns maniacal with revenge and enlists the help of some man-eating rodents. Living in a rat-infested apartment building, Max is pushed to the edge when his handicapped brother is killed due to the conditions of the inner-city slum. With the rats as his willing soldiers, Max sets out to avenge the senseless death. Hood Rat also stars rapper-turned-actor Ice-T.",https://image.tmdb.org/t/p/w500/bSvOruo67gjkciJGBSllpQ9pwiw.jpg,5,2001-04-01,https://www.themoviedb.org/movie/73807
"The Silencing","A reformed hunter becomes involved in a deadly game of cat and mouse when he and the local sheriff set out to track a vicious killer who may have kidnapped his daughter years ago.",https://image.tmdb.org/t/p/w500/mUInz05QlvukSrGOulKm5dbOR7L.jpg,6.43,2020-07-18,https://www.themoviedb.org/movie/603119
Troy,"In year 1250 B.C. during the late Bronze age, two emerging nations begin to clash. Paris, the Trojan prince, convinces Helen, Queen of Sparta, to leave her husband Menelaus, and sail with him back to Troy. After Menelaus finds out that his wife was taken by the Trojans, he asks his brother Agamemnon to help him get her back. Agamemnon sees this as an opportunity for power. They set off with 1,000 ships holding 50,000 Greeks to Troy.",https://image.tmdb.org/t/p/w500/a07wLy4ONfpsjnBqMwhlWTJTcm.jpg,7.164,2004-05-13,https://www.themoviedb.org/movie/652
"Mother's Job","A young man falls in love with his friend's mother.  Hyun-woo, who returned to the military, starts a part-time job at a bar in a difficult situation, where he meets Yoo-sun, a woman who captures the hearts of customers with her skillful ways. Then one day, Hyun-woo, who was alone with her, finds himself in a shock with his friends Min-seok and Yoo-sun. When Hyun-woo confesses the truth after a hard time, Yoo-sun asks her to keep her relationship secret. Hyun-woo, who failed to reject Min-seok's proposal to live in his own home, begins a breathtaking cohabitation with Yoo-sun.",https://image.tmdb.org/t/p/w500/oIoJrYsyg34fe66BWndCit1ekUD.jpg,5.8,2017-07-27,https://www.themoviedb.org/movie/481871
"Greener Grass","Suburban soccer moms find themselves constantly competing against each other in their personal lives as their kids settle their differences on the field.",https://image.tmdb.org/t/p/w500/eN56wiM2M84GBOQnp4TAQXcZucg.jpg,6.141,2019-10-17,https://www.themoviedb.org/movie/547009
Stop-Loss,"A veteran soldier returns from his completed tour of duty in Iraq, only to find his life turned upside down when he is arbitrarily ordered to return to field duty by the Army.",https://image.tmdb.org/t/p/w500/hsmZcNzPGnZwRgCKAfIr1JngYu5.jpg,6.123,2008-03-28,https://www.themoviedb.org/movie/8988
"Strange Tales","Aliens! Junkyard hoes! This highly varied anthology of whacked out stories, some of which have no real dialogue, pretty much all of which will leave you wondering what the hell is going on. Most have really cool music that sets the mood, some genuinely creepy moments and good atmosphere throughout. The first story, ""The Visitant"", features a man in a cemetery visiting his dead son's grave after he died in a car accident. He is soon tormented by visions of his son, as well as other spirits, including an axe-wielding ghoul! The second story, entitled, ""Desire In A Public Dump"", starts out with a man in a junkyard fixating on a paper with an attractive woman on it. The picture then disappears, and the woman is suddenly in front of him!",https://image.tmdb.org/t/p/w500/1s5Tt2T27BTs2hzjBAmPVu5vXoL.jpg,0,1986-01-21,https://www.themoviedb.org/movie/251719
Dillinger,"The life of American public enemy number one who was shot by the police in 1934.",https://image.tmdb.org/t/p/w500/52fF9VV0ImOBtTKpAfKVYRVuuRv.jpg,5.844,1945-04-25,https://www.themoviedb.org/movie/28115
Creepshow,"Five grisly tales from a 1950s-style comic, including a murdered father rising from beyond, a bizarre meteor, a vengeful husband, a mysterious crate's occupant, and a plague of cockroaches.",https://image.tmdb.org/t/p/w500/4SoyTCEpsgLjX6yAyMsx3AsAyRQ.jpg,6.9,1982-11-10,https://www.themoviedb.org/movie/16281
"The Enemy of My Enemy","In the very near future, Jon Specter leads a boring and lonely existence as an out of work copyright editor. When he begins to suffer from a series of horrible nightmares, he seeks the help of a computerized psychologist that suggests a radical change to his current lifestyle. But before he can do much soul searching, Jon becomes embroidered in a synthetic web of deceit by a family of man-made clones and a mysterious figure claiming to be his father. As Jon slowly slips deeper into danger and his own paranoia, he begins to take drastic measures to regain his sanity and find his own answers in this mind- bending sci-fi horror thriller.",https://image.tmdb.org/t/p/w500/o2H891HcUtdTsAnNFbJAjYtG85y.jpg,3,2015-12-25,https://www.themoviedb.org/movie/506886
"Cheyenne Autumn","A reluctant cavalry Captain must track a defiant tribe of migrating Cheyenne.",https://image.tmdb.org/t/p/w500/kYc1NuT9Cvm6GHAdf5nlEXb3evl.jpg,6.707,1964-10-15,https://www.themoviedb.org/movie/40630
"Soul Plane","Following a ridiculously awful flight that leads to his pet's death, Nashawn Wade files a lawsuit against the airline, and wins a multimillion-dollar settlement. Determined to create a better flying experience, Nashawn starts his own airline, one that caters to an African-American clientele. Going into business with a tricked-out plane piloted by the smooth Capt. Mack, the airline hits a snag when it has to deal with the family of Elvis Hunkee.",https://image.tmdb.org/t/p/w500/b5Rzb5JUwPinllWGYUYER3OV14F.jpg,5.4,2004-05-28,https://www.themoviedb.org/movie/12657
"The Vault","Two estranged sisters are forced to rob a bank in order to save their brother. But this is no ordinary bank.",https://image.tmdb.org/t/p/w500/eMXA8Mbl9P9kNVGhMKqwr5Xni8C.jpg,4.903,2017-09-01,https://www.themoviedb.org/movie/416160
Sugarcane,"An investigation into abuse and missing children at an Indian residential school in Canada ignites a reckoning on the nearby Sugarcane Reserve.",https://image.tmdb.org/t/p/w500/9Xx4o4MVSDv0pojOzoHMH5y85hB.jpg,6.917,2024-08-09,https://www.themoviedb.org/movie/1158874
Mayhem,"A virus spreads through an office complex causing white collar workers to act out their worst impulses.",https://image.tmdb.org/t/p/w500/fF5ULrCAQ8TULXyFGlPlQ2s3Jie.jpg,6.451,2017-11-10,https://www.themoviedb.org/movie/429733
Magnolia,"On one random day in the San Fernando Valley, a dying father, a young wife, a male caretaker, a famous lost son, a police officer in love, a boy genius, an ex-boy genius, a game show host and an estranged daughter will each become part of a dazzling multiplicity of plots, but one story.",https://image.tmdb.org/t/p/w500/tpfC325Jk6S38VTe5dDWjWtoyxr.jpg,7.723,1999-12-17,https://www.themoviedb.org/movie/334
"Cars 3","Blindsided by a new generation of blazing-fast racers, the legendary Lightning McQueen is suddenly pushed out of the sport he loves. To get back in the game, he will need the help of an eager young race technician with her own plan to win, inspiration from the late Fabulous Hudson Hornet, and a few unexpected turns. Proving that #95 isn't through yet will test the heart of a champion on Piston Cup Racing’s biggest stage!",https://image.tmdb.org/t/p/w500/fyy1nDC8wm553FCiBDojkJmKLCs.jpg,6.855,2017-06-15,https://www.themoviedb.org/movie/260514
Earthquake,"Various interconnected people struggle to survive when an earthquake of unimaginable magnitude hits Los Angeles, California.",https://image.tmdb.org/t/p/w500/6hJorsInxNpj1dIekh6dK6Kh9S6.jpg,6.104,1974-11-15,https://www.themoviedb.org/movie/11123
"Alien Attack","Earth's Moon is the site of Moonbase Alpha, a scientific research colony nestled in the crater Plato. Staffed by over 300 men and women from Earth, it is the operations center for several space expeditions. It is also a watchdog for vast amounts of atomic waste from Earth stored in silos on the Moon's far side. Magnetic radiation builds up and causes the wastes to explode with such force that the Earth's centripetal pull on the Moon is overcome, and the Moon is broken free of Earth's orbit to drift at incredible speed out of the Solar System off the plane of the ecliptic. The survivors on Moonbase Alpha are unable to return to Earth and must survive in unknown space on their wandering Moon. They encounter a planet whose advanced people project an illusion of a devastating attack on Moonbase. This TV movie was edited from scenes of two episodes (""Breakaway"" and ""War Games"") of ""Space: 1999"" (1975).",https://image.tmdb.org/t/p/w500/foqo8qGxgMLGqFiKLTNVNERs3pM.jpg,6.071,1980-09-04,https://www.themoviedb.org/movie/58248
"The Killer","Zee is a feared contract killer known as ""the Queen of the Dead,"" but when she refuses to murder a young blind woman, she finds herself hunted both by criminal colleagues and a determined police detective.",https://image.tmdb.org/t/p/w500/6PCnxKZZIVRanWb710pNpYVkCSw.jpg,6.268,2024-08-22,https://www.themoviedb.org/movie/970347
Murewa,"In the quiet seaside town of Worthing, Marlon and Murry (Murewa) form a deep friendship, bonding over skateboarding, photography and the carefree adventures of youth. But as they grow older, their lives take different turns. Marlon leaves for university in London, while Murry, facing mounting pressure at home, makes choices that lead to prison. Through years of home video, Murewa reflects on the complexities of growing up, and how opportunity and circumstance shape the futures of young people in ways they don’t fully grasp at the time. Intimate and deeply personal, the film explores boyhood, belonging and the lingering question of what might have been.",https://image.tmdb.org/t/p/w500/visGIEONtvyWJZoR9qJe0j45ffV.jpg,0,2025-03-09,https://www.themoviedb.org/movie/1420767
"Guardians of the Galaxy Vol. 3","Peter Quill, still reeling from the loss of Gamora, must rally his team around him to defend the universe along with protecting one of their own. A mission that, if not completed successfully, could quite possibly lead to the end of the Guardians as we know them.",https://image.tmdb.org/t/p/w500/r2J02Z2OpNTctfOSN1Ydgii51I3.jpg,7.932,2023-05-03,https://www.themoviedb.org/movie/447365
"The Woodsman","After twelve years in prison, Walter returns home. His family has abandoned him, save for his brother-in-law. Few know he's a sex offender and pedophile. Walter finds an apartment and is regularly visited by his parole officer. He gets a job at a lumber mill and starts seeing a coworker. Then his new world begins to unravel; as his past becomes known, he strikes up a high-risk friendship with a young girl and realizes that a man loitering near a schoolyard is a child molester prowling for his next victim.",https://image.tmdb.org/t/p/w500/4fDgLcc35A0IpxhMyJMP33bSDXj.jpg,6.867,2004-12-24,https://www.themoviedb.org/movie/9692
"Real Genius","When teenage geniuses Mitch Taylor and Chris Knight, working on an advanced laser project, learn that the military wants to use it as a weapon, they decide to thwart the plan.",https://image.tmdb.org/t/p/w500/5mVimQD1XOMLzbO2Qug0JQxh70S.jpg,6.7,1985-08-07,https://www.themoviedb.org/movie/14370
"The Bad Guys","When the Bad Guys, a crew of criminal animals, are finally caught after years of heists and being the world’s most-wanted villains, Mr. Wolf brokers a deal to save them all from prison.",https://image.tmdb.org/t/p/w500/7qop80YfuO0BwJa1uXk1DXUUEwv.jpg,7.532,2022-03-17,https://www.themoviedb.org/movie/629542
Disenchanted,"Disillusioned with life in the city, feeling out of place in suburbia, and frustrated that her happily ever after hasn’t been so easy to find, Giselle turns to the magic of Andalasia for help. Accidentally transforming the entire town into a real-life fairy tale and placing her family’s future happiness in jeopardy, she must race against time to reverse the spell and determine what happily ever after truly means to her and her family.",https://image.tmdb.org/t/p/w500/uyNLq2Dc3s4IOdcYTU8ZtM2lTjb.jpg,6.705,2022-11-18,https://www.themoviedb.org/movie/338958
"Wackiki Wabbit","On a tropical island, a pair of castaways look to Bugs as a source of food.",https://image.tmdb.org/t/p/w500/r3h9u2GHUxSeSgNcwExAYwpsSVw.jpg,6.9,1943-07-03,https://www.themoviedb.org/movie/100387
"Midnight Crossing","A blind woman, her husband and another couple sail off to find cash hidden on an island near Cuba.",https://image.tmdb.org/t/p/w500/y2MXeGdF4sSIgkECw6Q9Budena.jpg,4.5,1988-05-13,https://www.themoviedb.org/movie/45774
"Long Distance","After crash-landing on an alien planet, an asteroid miner must contend with the challenges of his new surroundings, while making his way across the harsh terrain to the only other survivor – a woman who is trapped in her escape pod.",https://image.tmdb.org/t/p/w500/m5NKltgQqqyoWJNuK18IqEGRG7J.jpg,6.5,2024-07-12,https://www.themoviedb.org/movie/605722
"The Archies","Set in 1960s India, Archie and the gang navigate romance, friendship and the future of Riverdale as developers threaten to destroy a beloved park.",https://image.tmdb.org/t/p/w500/hmhWb4NTj02FyDxwBm4x9x2JxwJ.jpg,5.868,2023-12-07,https://www.themoviedb.org/movie/975533
"Mystrio (Uno... Dos... Tres Pilyos!)","Three boys are confronted with what they perceive as a challenge to prove their masculinity in a story about sexual awakening. Paul is a show-off whose obnoxious ways mask deep insecurities. Cris is the klutz who tries to please everyone but ends up pleasing no one. And Caloy is the scholarly over-protected son more interested in surfing the net than meeting people. They are out to prove themselves real men but they almost always fall flat on their faces. During an out-of-town school seminar, the trio sees a good chance to finally visit a prostitution house with the three other villains in their lives trying also vainly to thwart their every move by picturing them as bad boys. So Paul, Cris and Caloy enter the red house but, instead of losing their innocence, they uncover the shocking reality that girls forced to work there are minors.",https://image.tmdb.org/t/p/w500/hjejuV2zHOBtNONrqgnYO29V9m.jpg,0,1998-12-02,https://www.themoviedb.org/movie/363450
Resurrection,"A woman's carefully constructed life is upended when an unwelcome shadow from her past returns, forcing her to confront the monster she's evaded for two decades.",https://image.tmdb.org/t/p/w500/kfRr8Jm1gaEnLTXCIfHkSw8QW6t.jpg,5.987,2022-07-29,https://www.themoviedb.org/movie/872497
"Werner - Gekotzt wird später!","Werner, Andi and Eckat play dice to determine the next king of the trio. When Werner is crowned king, he decides for all of them to skip work and start for Korsika.",https://image.tmdb.org/t/p/w500/qBv3CtwUaERWjZSokGmhP2Gks2.jpg,5.921,2003-07-17,https://www.themoviedb.org/movie/10470
"Unknown World","With the cyclotram, an atomic-powered rock-boring vehicle, Dr. Jerimiah Morley leads an expedition into a subterranean world.",https://image.tmdb.org/t/p/w500/gjF34MepQwZBGuc3mumLwmjeCo3.jpg,4.138,1951-10-26,https://www.themoviedb.org/movie/27185
"Speed King","Jimmy Martin, king of the motorcycle speedsters, visits the Kingdom of Mandavia for a race. There he is persuaded to impersonate the king by a traitor, Rodolph D'Henri, who intends to annex part of Mandavia for neighboring Selmarnia. The real king is in jail. D'Henri's plot is successful until Martin falls in love with Princess Margaret of Alvernia. Then he discloses his true identity, releases the real king, exposes the traitor, earns knighthood, and marries Margaret.",https://image.tmdb.org/t/p/w500/ofusIJ7JselHI4o36AKzkuVxBcq.jpg,0,1923-01-01,https://www.themoviedb.org/movie/1011055
Freeheld,"New Jersey car mechanic Stacie Andree and her police detective girlfriend Laurel Hester both battle to secure Hester's pension benefits after she was diagnosed with a terminal illness.",https://image.tmdb.org/t/p/w500/794PfYjTz3yxMRdTRmdFYt6w6ff.jpg,7.209,2015-10-02,https://www.themoviedb.org/movie/306745
"Frosty Returns","Mr. Twitchell, a greedy old businessman, has invented Summer Wheeze: a spray that instantly removes snow and slush! Now Holly has to keep Frosty from melting, and convince everybody that snow's actually a good thing.",https://image.tmdb.org/t/p/w500/qYgHxkiRvjVnPihSAm9Je91kOZq.jpg,5.6,1992-12-01,https://www.themoviedb.org/movie/28042
Arthur,"Arthur is a 30-year-old child who will inherit $750 million if he complies with his family's demands and marries the woman of their choosing.",https://image.tmdb.org/t/p/w500/m8yOFRDVZPxtsr4D2hVdzls6q6t.jpg,6.494,1981-07-17,https://www.themoviedb.org/movie/13665
"The Big Short","The men who made millions from a global economic meltdown.",https://image.tmdb.org/t/p/w500/scVEaJEwP8zUix8vgmMoJJ9Nq0w.jpg,7.358,2015-12-11,https://www.themoviedb.org/movie/318846
Psychobitch,"Frida is different. Self chosen different. Marius, on the other hand is the most perfect boy in class, and likes to show off. When they have to work together at school, it's the start of a turbulent and challenging relationship. Generation Achievement meets impossible love.",https://image.tmdb.org/t/p/w500/9cZcWIEbmVgjqjeLsMDX5XplaUk.jpg,6.56,2019-01-11,https://www.themoviedb.org/movie/572292
Homecoming,"When Nina Patel is nominated to represent her eighth grade class at Homecoming, she's thrilled. However, Nina's traditional Indian parents refuse to let her assimilate to such an American tradition. Nina gets the answer she expects, but decides to ask her father one last time. Only when she shows up at his office unannounced, she discovers him in a compromising position with his secretary. Trying to shake the thoughts of a broken home, Nina flees the scene.",https://image.tmdb.org/t/p/w500/wV9EPHz9R2FRiW2Qi2rLjnlCenU.jpg,0,2011-10-15,https://www.themoviedb.org/movie/598919
"The Homesman","When three women living on the edge of the American frontier are driven mad by harsh pioneer life, the task of saving them falls to the pious, independent-minded Mary Bee Cuddy. Transporting the women by covered wagon to Iowa, she soon realizes just how daunting the journey will be, and employs a low-life drifter, George Briggs, to join her. The unlikely pair and the three women head east, where a waiting minister and his wife have offered to take the women in. But the group first must traverse the harsh Nebraska Territories marked by stark beauty, psychological peril and constant threat.",https://image.tmdb.org/t/p/w500/eGpuOhkm1wG2AxEJShazH5NVGAO.jpg,6.529,2014-05-18,https://www.themoviedb.org/movie/264656
"Drowning Mona","The recently deceased Mona Dearly was many things: an abusive wife, a domineering mother, a loud-mouthed neighbor and a violent malcontent. So when her car and corpse are discovered in the Hudson River, police Chief Wyatt Rash immediately suspects murder rather than an accident. But, since the whole community of Verplanck, N.Y., shares a deep hatred for this unceasingly spiteful woman, Rash finds his murder investigation overwhelmed with potential suspects.",https://image.tmdb.org/t/p/w500/iuN2SXCGPIlC7pAPCOzqAdeaDji.jpg,5.442,2000-03-03,https://www.themoviedb.org/movie/25166
"The Jackpot!","To his family, François Voisin is nothing more than a humdrum civil servant. In truth, for the past twenty years he has been working as a secret agent. All goes well until circumstances put his secret in danger.",https://image.tmdb.org/t/p/w500/uaMMJKLP1r8684rJpU2JRZBvDrb.jpg,5.8,1991-12-18,https://www.themoviedb.org/movie/75944
"Star Struck","A man thinks he's found a cheap thrill, but discovers it's thrown him into a world of danger in this steamy drama. A filmmaker (Nero Campbell) who has moved into a new home discovers to his pleasant surprise that his next door neighbor is a beautiful woman (Amber Smith) who isn't inclined to keep her shades drawn. However, one night while watching her, he unwittingly becomes a witness to a murder, and soon the police have named the director as the prime suspect.",https://image.tmdb.org/t/p/w500/kvFZJjU2sNokZzL5zcSWAl58BNT.jpg,1,2000-01-01,https://www.themoviedb.org/movie/292038
"Citizen Ashe","Follows the life and career of Arthur Ashe.",https://image.tmdb.org/t/p/w500/fcQZTWnCcQ2mokWNt9lITpNKO09.jpg,4.167,2021-12-03,https://www.themoviedb.org/movie/850990
"Hidden Fear","A U.S. lawman busts Copenhagen counterfeiters to help his sister, falsely accused of murder.",https://image.tmdb.org/t/p/w500/3Tb4yFFJWIO6KAPoawMiAB4UPBY.jpg,5,1957-07-01,https://www.themoviedb.org/movie/85517
Taken,"Bryan Mills, a former government operative, is trying to reconnect with his teenage daughter Kim. After reluctantly agreeing with his ex-wife to let Kim go to Paris on vacation with a friend, his worst nightmare comes true. While on the phone with his daughter shortly after she arrives in Paris, she and her friend are abducted by a gang of human traffickers. Working against the clock, Bryan relies on his extensive training and skills to track down the ruthless gang that abducted her and launch a one-man war to rescue his daughter.",https://image.tmdb.org/t/p/w500/wrJjDB8SSJJKcpXVf4KAxZIHvBZ.jpg,7.399,2008-02-18,https://www.themoviedb.org/movie/8681
"Grey Gardens","Edie Bouvier Beale and her mother, Edith, two aging, eccentric relatives of Jackie Kennedy Onassis, are the sole inhabitants of a Long Island estate. The women reveal themselves to be misfits with outsized, engaging personalities. Much of the conversation is centered on their pasts, as mother and daughter now rarely leave home.",https://image.tmdb.org/t/p/w500/qFPj6Eh3ijA4ISRujHu4GKKeAWT.jpg,7.3,1976-02-19,https://www.themoviedb.org/movie/17346
"Rule 34","Simone is a young law student who studies criminal law and advocates for women's rights. On her free time, she's a cam girl that makes live sexual performances on the Internet. One night, she watches a video that awakens her interest in BDSM-related activities, leading her into a series of conflicts dominated by violence and eroticism.",https://image.tmdb.org/t/p/w500/nIiSeI4i9uBlKlxUncgoKyoOQEu.jpg,5.375,2023-01-19,https://www.themoviedb.org/movie/997265
"CONFLICT VIII","The Nihon Tōgōsha continues to dismantle yakuza organizations across the country. To survive, Sankōkai Fourth-Generation Chairman Daiki Yabuta (Kenji Matsuda) plans to create a new yakuza group led by Okita Shōhei (Yasukaze Motomiyac) from Washio-gumi. This group aims to unify yakuza nationwide, similar to the former Tendokai under Kazuma Washio (Hitoshi Ozawa).  Meanwhile, within Nihon Tōgōsha, Kazuma Washio is expanding his influence, prompting the leader Tōjō (Kentarō Shimazu) to take action and plot Washio’s assassination. However, the plan leads to unexpected outcomes...  Additionally, a letter sent to Washio-gumi and other national yakuza organizations pushes Okita and the others into even greater peril.",https://image.tmdb.org/t/p/w500/dPoOsGBbtMxxbT29ycxQJHdhFWU.jpg,0,2019-01-01,https://www.themoviedb.org/movie/1074073
Dumplin',"To prove a point about measuring up and fitting in, Texas teen Willowdean “Dumplin’” Dickson enters a local pageant run by her ex-beauty queen mom.",https://image.tmdb.org/t/p/w500/xJAB1HrFUuOf2VkWPaZ4N2DACCo.jpg,6.772,2018-12-20,https://www.themoviedb.org/movie/472734
"Street Credit","STREET is an Ex Prize Fighter turned P.I. He's currently sitting, in his run-down motel room, sipping Jack Daniels and popping Anti- Psychotics like they’re skittles while staring at the walls dedicated to capturing The “BABYLON BUTCHER”. The Butcher has claimed another victim, and P.K.’s 7-year search has him no closer to finding the elusive serial killer responsible for his wife’s death. But believe it or not, he has more immediate problems. His current girlfriend CHINA WHITE is ranting about his emotional unavailability. To make matters worse his Schizophrenic hallucinations won't stop pestering him to take on a new case. Street Credit is Hip-Hop Noir tale where mental illness, LA Gangs, #metoo movement, “coked-out” cops and genocidal, government conspiracies collide.",https://image.tmdb.org/t/p/w500,0,2016-02-01,https://www.themoviedb.org/movie/1504244
Anora,"A young sex worker from Brooklyn gets her chance at a Cinderella story when she meets and impulsively marries the son of an oligarch. Once the news reaches Russia, her fairytale is threatened as his parents set out to get the marriage annulled.",https://image.tmdb.org/t/p/w500/cgXk2tNYhJZLXdBDO5DidAVzQ82.jpg,7.1,2024-10-14,https://www.themoviedb.org/movie/1064213
"Die Schwefelhölzchen","15-year-old Marie tries to escape her life. Together with her friend Kati and her clique, she sets off to celebrate New Year's Eve. A lavish party night begins, at the end of which Marie finds her personal happy ending.",https://image.tmdb.org/t/p/w500/ot9vLeHUiqURNM1BUJDMoxhl3Fg.jpg,0,2015-01-30,https://www.themoviedb.org/movie/662284
"The Gigolo Revelation","A look at Hong Kong's nightlife, where gigolos service women.",https://image.tmdb.org/t/p/w500/66R0ZIpQr7CEKWcc96R5IJhQ1cv.jpg,0,1994-03-03,https://www.themoviedb.org/movie/1055623
"Friends & Crocodiles","Paul Reynolds is a Gatsby-like figure: owner of a magnificent house, the host of great parties, and a collector of interesting people. He persuades Lizzie Thomas, a secretary at a local estate agent's, to come and work for him as his assistant, to bring some order to his chaos. He inspires her with his enthusiasm and imagination, and frustrates her with his apparent carelessness and destructiveness, which culminates in her calling the police as one of his parties is attacked by local troublemakers, seemingly with his tacit approval.  But their paths are destined to cross again and again as Lizzie, with the help of some of the people that she met at Paul's house, rises through the changing landscape of corporate Britain. This is the tale of a meaningful and powerful relationship that isn't a love story; it's about those rare people who profoundly influence and shape our lives.",https://image.tmdb.org/t/p/w500/5SKARjk6LbE3oklb6mFOm78RCLb.jpg,4.75,2005-08-28,https://www.themoviedb.org/movie/196679
VadeMecum,"VadeMecum is a new short produced by the Palme d’Or-nominated animators Stephen and Timothy Quay. The film shows the life and works of Polish poet Cyprian Kamil Norwid, and offers a great introduction to his legacy ahead of the bicentennial of his birth in September 2021.  The Brothers Quay say: ‘We took the challenge to make this film for an audience who will have probably never ever heard of Norwid; however, in the briefness of this film, we had hoped that we could still ignite the gentle curiosity of the imagination of the viewer towards the legacy that this man left in writing and in art that was simply never validated in his lifetime’.",https://image.tmdb.org/t/p/w500/xqA8NqOCTY4XHuAG2rxdRw3kWZz.jpg,7,2021-04-12,https://www.themoviedb.org/movie/853330
"Frozen Scream","Mad scientists turn people into frozen zombies and the zombies wreak havoc and kill people.",https://image.tmdb.org/t/p/w500/1GbGECwYHBG5zo4CFRZCuoKQG8p.jpg,2.9,1981-01-01,https://www.themoviedb.org/movie/84375
"Mojave Moon","Al McCord is hanging out at his favourite restaurant when he meets an attractive young woman (Ellie) who is looking for a ride from the city out into the Mojave Desert, where her mother lives. Little does he know that while Ellie is falling in love with him, he is falling for her mother (Julie), despite the nearby presence of Julie's boyfriend who seems likely to go berzerk at any moment. Even more strange, hilarious events follow and it's up to Al to find some explanation. His life may never again be the same.",https://image.tmdb.org/t/p/w500/mUGMYmA11ZFnPqOJ4GdnZa2q6FU.jpg,4.784,1996-11-15,https://www.themoviedb.org/movie/24275
Götterdämmerung,"Gathered at the foot of the rock where Siegfried and Brünnhilde have come together, three Norns weave the fate of the world. Past, present and future are interwoven in their rope; when it breaks unexpectedly, the fates still have one oracle: the twilight of the gods is imminent! Götterdämmerung has more than one ending: Siegfried falls victim to intrigue and to his own innocence, Valhalla goes up in flames, Brünnhilde sacrifices herself to return the ring to the Rhinemaidens. Alliances are forged and immediately broken again, magical potions and helmets create painful confusions, and generational traumas result in general destruction. Everything familiar to humans and gods collapses.",https://image.tmdb.org/t/p/w500/nC53MwfA1gELEElmBwN1sHhonf2.jpg,0,2025-02-23,https://www.themoviedb.org/movie/1525912
"Get Fast","When The Thief’s partner is kidnapped after stealing millions in cash from a merciless drug lord named Nushi, he reluctantly teams up with an angst-ridden orphan to rescue him. Nushi enlists her most trusted hitman, The Cowboy, a lovable charmer who’s quick with his guns, to track down the Thief. Guns, cars, and explosions will give the newfound partners a head start, but how long will they be able to keep it up?",https://image.tmdb.org/t/p/w500/tDpTR7xhHu9cz1X4JAIRFwXyf6U.jpg,5.774,2024-12-12,https://www.themoviedb.org/movie/1369679
Eichmann,"Based upon the final confession of Adolf Eichmann, made before his execution in Israel, of his role in Hitler's plan for the final solution.",https://image.tmdb.org/t/p/w500/zoxl3RaZiCBmZIk3fmmw61rOV69.jpg,5.989,2007-09-22,https://www.themoviedb.org/movie/14687
Pandorum,"Two crew members wake up on an abandoned spacecraft with no idea who they are, how long they've been asleep, or what their mission is. The two soon discover they're actually not alone – and the reality of their situation is more horrifying than they could have imagined.",https://image.tmdb.org/t/p/w500/mNMfa6r3pl0EzFIKEkVcxyr6Rc7.jpg,6.574,2009-09-08,https://www.themoviedb.org/movie/19898
Azam,"Azam, who is convicted on charges of robbery is finally released after serving a 17-year sentence. With hopes of starting life anew, he hopes to reconcile with his family. However his ex-wife Latifah and daughter Haniza does not welcome his presence in their lives. Even Musa, Latifah's new husband forbids them from communicating. Helpless, Azam finds his own new life and befriends Ayub. Unknown to Azam, Ayub is Musa's friend, who is plotting his downfall behind Azam's back. When things turn for the worst and Azam is desperate without family and money, he began turning to his bad company of friends. Will he follow his past footsteps and be bathed in crime again? Or will life brings new hope for Azam?",https://image.tmdb.org/t/p/w500/rv7ipagcfhhkWgiQOjuVlq3nsJ9.jpg,10,1997-01-01,https://www.themoviedb.org/movie/275063
"En Marche vers l'Effondrement !","Disappointed by leftists politics this last few years, PAP'40 of the Church of the Holy $aint Con$umption decide to run for presidential election of 2022 to fix the country. He meets his electorate and other candidates to spread the word : Work, Obey, Consume !",https://image.tmdb.org/t/p/w500/5naoUQMRbmbANCTKQ8ZwP0ECt0t.jpg,0,2023-03-08,https://www.themoviedb.org/movie/1092638
"Bloodsport II","After thief Alex Cardo gets caught while stealing an ancient katana in East Asia, he soon finds himself imprisoned and beaten up by the crowd there. One of the guards, Demon, feels upset by Alex appearance and tortures him as often as he gets the opportunity. Alex finds a friend and mentor in the jailhouse, Master Sun, who teaches him a superior fighting style called Iron Hand. When a 'best of the best kumite' is to take place, Demon gets an invitation. Now Master Sun and Alex need to find a way to let Alex take part in the kumite too.",https://image.tmdb.org/t/p/w500/4yHbsdHLHapmWaOcOcRShqWbr4s.jpg,5.38,1996-03-01,https://www.themoviedb.org/movie/25087
Madagascar,"Four animal friends get a taste of the wild life when they break out of captivity at the Central Park Zoo and wash ashore on the island of Madagascar.",https://image.tmdb.org/t/p/w500/zMpJY5CJKUufG9OTw0In4eAFqPX.jpg,6.916,2005-05-25,https://www.themoviedb.org/movie/953
"The Getaway","An ex-con and his devoted wife must flee from danger when a heist doesn't go as planned.",https://image.tmdb.org/t/p/w500/ftbdJTJi6mR5iZV5ESJWv8f8pWN.jpg,5.763,1994-02-11,https://www.themoviedb.org/movie/2087
"The Good Teacher","Julien, a young teacher, is wrongfully accused of sexual misconduct by a teenage girl from his class. As he faces mounting pressures from the girl’s older brother and her classmates, the situation spirals out of control. Allegations spread, the entire school is thrown into turmoil, and the teacher has to fight to clear his name.",https://image.tmdb.org/t/p/w500/haqfplSRnIwO8ha5tKOxwnG1sxP.jpg,6.3,2024-03-27,https://www.themoviedb.org/movie/1000862
Manjari,"Ishwor is a motorbike mechanic in Butwal and lives a simple routine life until he meets a young girl named Manjari. Manjari, daughter of a powerful landlord, falls in love with Ishwor for his simplicity irrespective of their differences. Manjari's dad decides to marry her off with another boy who matches their standard in the society. Manjari is upset by this development and goes to meet Ishwor to inform him about her dad's decision. Manjari forces Ishwor to take her away threatening to kill herself if Ishwor fails to comply. Ishwor agrees with her and takes her to Kathmandu.",https://image.tmdb.org/t/p/w500/nFtY54kco543iMlq9NrA1oNlD8U.jpg,8,2013-05-03,https://www.themoviedb.org/movie/494712
"Speed Kills","Speedboat racing champion and multimillionaire Ben Aronoff leads a double life that lands him in trouble with the law and drug lords.",https://image.tmdb.org/t/p/w500/f4p18CwxidvznZYMA6m4qv5FCvp.jpg,5.5,2018-11-16,https://www.themoviedb.org/movie/466411
"The Monster","A general store clerk and aspiring detective investigates a mysterious disappearance that took place quite close to an empty insane asylum.",https://image.tmdb.org/t/p/w500/kOyxl0PCoYsZybEZnN32tOR2y0G.jpg,5.556,1925-03-16,https://www.themoviedb.org/movie/27502
"Pledge This!","At popular South Beach University, filthy rich super-snob Victoria English is the absolute queen of leading Greek student club, Sigma Sigma. In order to achieve her crowning ambition, winning FHM Magazine's annual best sorority, she must recruit atypical 'Sigmies' to fulfill the diversity criteria. Ambitious sycophant pledge Kristen Haas helps her attract 'losers' (too poor, ugly, unfashionable), who are cruelly put through excruciating hazing, without intent to actually enroll them. Gloria, the brightest and most assertive pledge, wins the heart of Derek 'baby Dick', Victoria's ideal, yet constantly abused boyfriend, whose bitch-addiction is cured by this alternative lover. Together they lead the revolt of the not-even-nerds.",https://image.tmdb.org/t/p/w500/e3wkX38lNtjlz3R8XuKmJQIad8I.jpg,2.75,2007-02-08,https://www.themoviedb.org/movie/19213
Splettrhex,"Imagine this: Jim Button, Vincent Price, and Sam Raimi sitting together over a beer after work. Over the course of the evening, they decide they should do something together... But since such a meeting never took place, the young Berlin puppet maker Florian Moch took it upon himself to combine the relevant influences in a film. The result is probably the world's first puppet splatter horror film. It bears the meaningful title ""Splettrhex.""",https://image.tmdb.org/t/p/w500/3OTuNQEFXbhAYHjmSAswsTDUJU7.jpg,0,2010-04-01,https://www.themoviedb.org/movie/1411237
Blackhat,"Nicholas Hathaway, a furloughed convict, and his American and Chinese partners hunt a high-level cybercrime network from Chicago to Los Angeles to Hong Kong to Jakarta. As Hathaway closes in, the stakes become personal as he discovers that the attack on a Chinese nuclear power plant was just the beginning.",https://image.tmdb.org/t/p/w500/7zu6HPnKPjNA7NuR4DGRdaH0PdX.jpg,5.511,2015-01-13,https://www.themoviedb.org/movie/201088
"Irish Homecoming","This live concert, recorded at Whitewell Metropolitan Tabernacle in Belfast, is spiced with Celtic sounds. Joy Gardner is joined by an Irish choir on ""The Promise"" while Larry Ford, who has developed a following in Ireland in recent years, performs ""What A Friend We Have In Jesus."" Anthony Burger offers a dazzling piano solo on ""Holy, Holy, Holy."" Russ Taff moves close to the audience to sing ""Ain't No Grave"" and the Gaither Vocal Band raises the roof on ""It Is Finished.""",https://image.tmdb.org/t/p/w500/yps4l1cWseGzEcJtth0hv6zlmBb.jpg,0,2000-01-01,https://www.themoviedb.org/movie/783378
"Blood Ties","Magkakapatid is a story about a family that drifts apart due to socio-economic differences. Three siblings, three narratives, one tragedy, wherein a brother kills his own brother, a father struggles to accept a daughter’s marriage, and a daughter who could not mourn. In a situation where even traditions can’t pull them together, a tragedy drags them together.",https://image.tmdb.org/t/p/w500/baXlfZqYWZ6qHK26mKdLbiPA5sm.jpg,0,2010-07-10,https://www.themoviedb.org/movie/472869
"Blue Moon","Corazon (Boots Anson Roa), an old Filipina who lives in Boston, wrote to each Manuel Pineda in her home a letter. She hopes to find her love again. In the Philippines experiences of the old Manuel Pineda (Eddie Garcia), meanwhile, that he has cancer and has only months to live. He goes in search of his Corazon.There were two Corazons in his life: before the Second World War, he spent (Mark Herras) and his buddy Domingo (Polo Ravales) a lot of time with the shy ""Cora"" (Jennylyn Mercado) and the lively "" Azon ""(Pauline Luna).",https://image.tmdb.org/t/p/w500/tDkegNhdXIqJPhuJhcypzaUFvko.jpg,8,2006-01-01,https://www.themoviedb.org/movie/311414
"Tango Bar","Ricardo Fuentes (Carlos Gardel) leaves Buenos Aires after loosing in horse races to go to Barcelona, where he plans to open a tango bar, a new concept of tango dance show and dance saloon. On the ship he meets Laura Montalván (Rosita Moreno) who happens to be a thief working with a thief pal. Ricardo watches them robbing a lady's bracelet aboard but decides not to report them because he has fallen in love with Laura. Once in Barcelona, he opens the tango bar but Laura's partner tells him he sold the bracelet and now needs to recover it to avoid both Laura and him going to jail.",https://image.tmdb.org/t/p/w500/mR5Lr5R8ZhcF5YMGPquhkBNhBhr.jpg,7.8,1935-07-16,https://www.themoviedb.org/movie/170639
Anemone,"Middle-aged Jem sets out from his suburban home on a journey into the woods, where he reconnects with his estranged hermit brother Ray. Bonded by a mysterious, complicated past, the men share a fraught, if occasionally tender relationship—one that was forever altered by shattering events decades earlier.",https://image.tmdb.org/t/p/w500/kXFHVJqZkWtkSRlLpv2clN8KP6E.jpg,6.076,2025-10-02,https://www.themoviedb.org/movie/1364608
"Dusty Ermine","A forger returns to his family when he leaves jail vowing to go straight. Although approached by an international counterfeiting gang he keeps his word only to find his nephew is in the Swiss Alps helping the crooks. He sets off to try and put a stop to things, but with Scotland Yard also hot-footing it to the resort his problems are just beginning. Written by Jeremy Perkins {J-26}",https://image.tmdb.org/t/p/w500/kZrsk15bAlGRH7hu7BDrwscYCA3.jpg,6.1,1936-12-01,https://www.themoviedb.org/movie/190111
"Lightning Guns","The Durango Kid rides again in Lightning Guns. As ever, the masked Durango (alias Steve Brandon) is played by Charles Starrett, who this time around is on the trail of a gang of cold-blooded killers. Rancher Dan Saunders (Edgar Dearing) is held responsible for the killings because of his opposition to a politically expedient dam project. Durango believes that Saunders is innocent, and he intends to prove it.",https://image.tmdb.org/t/p/w500/29tzfxyZKlZbryJXHS6mMp6rG2e.jpg,0,1950-12-01,https://www.themoviedb.org/movie/437182
"The Choirboys","A group of Los Angeles cops decide to take off some of the pressures of their jobs by engaging in various forms of after-hours debauchery.",https://image.tmdb.org/t/p/w500/2c70Xc6bZCIEISC9dRaEknL1e3o.jpg,5.3,1977-12-23,https://www.themoviedb.org/movie/48852
"Taxi Driver’s Mystery Diary SP22","Yoake Sudeo, a former elite detective with the Tokyo Metropolitan Police, now works as a taxi driver. One day, he picks up Michiko Takanezawa, a university assistant professor recently acquitted of murdering her former lover. Hounded by the media and the victim’s wife at her home, Michiko pleads with Yoake to drive her to her hometown, Aizu-Wakamatsu. But the next day, the wife of the murdered professor is found dead near Tokyo—turning the case on its head.",https://image.tmdb.org/t/p/w500/45EBqiQHOEJ9aByMHa9SdIB2FwG.jpg,0,2006-09-16,https://www.themoviedb.org/movie/1502169
"Three Rogues","In 1877, thieves Ace Beaudry, Bronco Dawson and Bull Stanley head West together after having each been betrayed by a woman. They come across a wagon train bound for the town of Custer, where hundreds of people are gathering for a land rush in the Dakotas, which President Ulysses S. Grant has opened to settlers thanks to a treaty with the Sioux Indians. After the three rogues ride off, they spy a lone wagon with a tempting string of thoroughbreds. Before they can steal the horses, however, the wagon is attacked by a gang led by Layne Hunter, a shifty saloon owner from Custer. The trio chase off the gang, and as they are about to abscond with the horses, they find pretty Lee Carleton, whose father was killed in the attack.",https://image.tmdb.org/t/p/w500/a93Y0XGy516ntHbucL9hbvzCbzK.jpg,0,1931-03-08,https://www.themoviedb.org/movie/295736
"The Outback","Being teased for his color, Johnny the white koala joins a traveling carnival with Hamish, a Tasmanian devil, and Higgens, a photographer monkey as talent agents. On the way through the Australian outback desert, the trailer they are in comes loose and crashes. Johnny must live up to the hero status Hamish presents him as while the outback locals try to rescue a kidnapped koala from Bog, a giant crocodile and his dingo lackeys.",https://image.tmdb.org/t/p/w500/tcc5ZqiQLhBVK6Mr6hOJOhjIEvC.jpg,5.6,2012-01-12,https://www.themoviedb.org/movie/136405
"Spider's Web","A wily businessman plots with a sultry executive to swindle $40 million from his father. But who is conning who?",https://image.tmdb.org/t/p/w500/tqGgOCEeXjZLhXiCLo4rI5qq03U.jpg,4.115,2002-11-12,https://www.themoviedb.org/movie/53095
Bhai-Bhai,"Deep Sharma lives a very poor lifestyle with his widowed mom, Radha, and a younger brother, Ashok, who he would like to become a Judge. Unable to fend for themselves in the small town, Deep relocates to Bombay, where he attempts to sell poetry, to no avail. Then he is asked to write stories about an imaginary bandit, Sangram Singh, which he agrees to do so under the pen name of his friend, Jani Babu. Shortly thereafter he gets very popular, so much so that his girlfriend, Lajwanti's dad, the former King Maheshwari Prasad, consents to let him marry his daughter. Then things get complicated when a bandit who calls himself Sangram Singh goes on a crime-spree throughout the region.",https://image.tmdb.org/t/p/w500/wzZppNiuVIP56RGluWcl7dkckrg.jpg,0,1970-01-01,https://www.themoviedb.org/movie/499228
"Ice Age","Heading south to avoid a bad case of global frostbite, a group of migrating misfit creatures embark on a hilarious quest to reunite a human baby with his tribe.",https://image.tmdb.org/t/p/w500/gLhHHZUzeseRXShoDyC4VqLgsNv.jpg,7.366,2002-03-14,https://www.themoviedb.org/movie/425
"Farhope Tower","Five paranormal investigators venture into the infamous Farhope Tower, known for its dark history of unexplained suicides, with dreams of landing a Reality TV deal. But they get more than they bargained for when they enter the strangely ever-changing layout, lair of the most powerful spirits they’ve ever faced. For once inside the derelict structure an omnipresent evil begins manipulating the team, and the higher they climb the more everything spirals out of control. For heaven’s sake, don’t go up! From the filmmakers behind 88 and DEAD BEFORE DAWN 3D comes a classy chiller to leave you super-creeped out.",https://image.tmdb.org/t/p/w500/2ZsE0oe3CIi20D0ezXXQN4ebGvM.jpg,4.5,2015-08-30,https://www.themoviedb.org/movie/347852
"Gods of Egypt","A common thief joins a mythical god on a quest through Egypt.",https://image.tmdb.org/t/p/w500/hzH7fwaTyQNITLo40Hu3R7cVMqv.jpg,5.684,2016-02-25,https://www.themoviedb.org/movie/205584
"The Dark Knight Rises","Following the death of District Attorney Harvey Dent, Batman assumes responsibility for Dent's crimes to protect the late attorney's reputation and is subsequently hunted by the Gotham City Police Department. Eight years later, Batman encounters the mysterious Selina Kyle and the villainous Bane, a new terrorist leader who overwhelms Gotham's finest. The Dark Knight resurfaces to protect a city that has branded him an enemy.",https://image.tmdb.org/t/p/w500/hr0L2aueqlP2BYUblTTjmtn0hw4.jpg,7.8,2012-07-17,https://www.themoviedb.org/movie/49026
Blended,"Recently divorced mom Lauren and widowed dad Jim let their friends push them into a blind date, which goes disastrously wrong. Unsurprisingly, neither wants to see the other ever again. However, fate intervenes when both Jim and Lauren, unbeknownst to each other, purchase one-half of the same vacation package at a South African resort for families, during spring break. They and their children are forced to share the same romantic suite and participate in a slew of family activities together.",https://image.tmdb.org/t/p/w500/o2YrH9jS7CAfWjETHFeL0tth79E.jpg,6.894,2014-05-21,https://www.themoviedb.org/movie/232672
"Marked Cards","Ellen Shannon, the daughter of self-made Irish politician Pat Shannon, is engaged to Ted Breslin, but because Pat began his career as a menial laborer, Ted's mother, Mrs. J. De Barth Breslin, refuses to sanction the marriage. Heartbroken, Ted takes up drinking and gambling with ""Poker"" LeMoyne and Don Jackson, while Ellen attends a finishing school hoping to improve herself. While trying to elude her chaperone, Ellen unwittingly dashes into a man's hotel room, and from the window, she witnesses Don and ""Poker"" playing cards, while Ted lies unconscious from too much drink. When the two gamblers quarrel, Don kills ""Poker,"" but Ted is accused of the crime.",https://image.tmdb.org/t/p/w500,0,1918-07-14,https://www.themoviedb.org/movie/963037
"The Heat","Uptight and straight-laced, FBI Special Agent Sarah Ashburn is a methodical investigator with a reputation for excellence--and hyper-arrogance. Shannon Mullins, one of Boston P.D.'s ""finest,"" is foul-mouthed and has a very short fuse, and uses her gut instinct and street smarts to catch the most elusive criminals. Neither has ever had a partner, or a friend for that matter. When these two wildly incompatible law officers join forces to bring down a ruthless drug lord, they become the last thing anyone expected: buddies.",https://image.tmdb.org/t/p/w500/yERBa1y5zNUOTRKQPiDCPIc2fuv.jpg,6.594,2013-06-27,https://www.themoviedb.org/movie/136795
"The House","Across different eras, a poor family, an anxious developer and a fed-up landlady become tied to the same mysterious house in this animated dark comedy.",https://image.tmdb.org/t/p/w500/xhE1EYcD6U7m5R8AT7yf29CCxia.jpg,7.016,2022-01-14,https://www.themoviedb.org/movie/926899
"Cat City","In the year 80 AMM (After Mickey Mouse) on planet X the crime-syndicated Cats try to erase the Mouse-population once and for all. A scientist of the mice, prof. Fushimishi seems to have found the weapon against the threat - so Intermouse calls its best (albeit retired) agent, Nick Grabowsky, to get the plans. As a distraction for the Cats, they also send a second agent - Seargent Lazy Dick - for the mission.",https://image.tmdb.org/t/p/w500/8LIKCatVApQwGVqtgS7HemL6t49.jpg,7.6,1986-10-02,https://www.themoviedb.org/movie/60800
"Norwegian Dream","Robert moves from the Polish countryside to work on a fish processing factory on the coast of Norway. There he falls in love with Ivar who is openly gay and a member of the workers union. Robert is hiding his sexual orientation from the other Polish immigrant workers. When Ivar helps the Polish to start a strike for better working conditions at the factory, Robert has to choose between money or love.",https://image.tmdb.org/t/p/w500/pGz461zc5RfLcuSrDYY5YM9RTCo.jpg,6.026,2023-03-06,https://www.themoviedb.org/movie/1071715
Quadrophenia,"Based on the 1973 rock opera album of the same name by The Who, this is the story of 60s teenager Jimmy. At work he slaves in a dead-end job. While after, he shops for tailored suits and rides his scooter as part of the London Mod scene.",https://image.tmdb.org/t/p/w500/4sRR3pvrAZMG7GEvnR9XzqyHHfD.jpg,7,1979-09-14,https://www.themoviedb.org/movie/10373
Baphomet,"An American family celebrates their 28-year-old daughter's pregnancy. The celebration is interrupted when a Satanic cult leader, Henrik Brandr, unexpectedly visits their ranch. Henrik offers to pay the family a large sum for ownership of their land. Jacob Richardson, the father, rejects the offer due to the priceless sentimental value of the ranch. Henrik, displeased, begins to put devastating curses on the Richardsons, trying to force them off their land - even if it means murdering them. After suffering unexplainable tragedies, the Richardsons seek help from Marybeth, a white witch high priestess. They soon discover a terrible secret about their house, revealing why their land is so valuable to the cult. They realize they must protect their house from the cult at all costs, and a violent battle between good and evil ensues.",https://image.tmdb.org/t/p/w500/1l6S3EID762dvTOrNwoCRNTESa3.jpg,5.629,2021-06-08,https://www.themoviedb.org/movie/513983
"Paris Calling","Marianne Jannetier, a well-to-do Parisian, engaged to Andre Benoit, a high-ranking government official, flees the city when the goose-stepping Nazi storm-troopers arrive. When her mother dies on the road to Bordeaux as a result of Nazi bombing, she returns to Paris and joins the underground movement. Nicholas Jordan, an American member of the RAF, stranded in Paris after the evacuation is also working with the Paris underground. Marianne kills her former fiancée, a pro-Nazi informant, for the traitorous state papers he is carrying, and she and Jordan try to flee over a French seaport...",https://image.tmdb.org/t/p/w500/c9r525MMoHmQcKHUbOQyVXdywDg.jpg,5.4,1941-12-04,https://www.themoviedb.org/movie/97625
Love+War,"Pulitzer Prize-winning conflict photojournalist Lynsey Addario reflects on a career working in some of the world's most dangerous war zones, including the Russian invasion of Ukraine.",https://image.tmdb.org/t/p/w500/7sr2GJyTZpdv8HvSneDCwRbhmFt.jpg,7,2025-10-24,https://www.themoviedb.org/movie/1526215
"Native Son","A young black man named Bigger Thomas takes a job working for a highly influential Chicago family, a decision that will change the course of his life forever.",https://image.tmdb.org/t/p/w500/vVF6CnjXLqAjK2crI1ielma18TW.jpg,5.443,2019-01-24,https://www.themoviedb.org/movie/512199
"Three Violent People","A rancher, his shady bride and his one-armed brother fight amid carpetbaggers in Texas.",https://image.tmdb.org/t/p/w500/osjexM9Yol8UwdTr5fce5zJkyvy.jpg,5.9,1956-12-01,https://www.themoviedb.org/movie/75012
McCarthy,"""McCarthy"" chronicles the rise and fall of Joseph McCarthy, the Wisconsin senator who came to power after a stunning victory in an election no one thought he could win. Once in office, he declared that there was a vast conspiracy threatening America — emanating not from a rival superpower, but from within. Free of restraint or oversight, he conducted a crusade against those he accused of being enemies of the state, a chilling campaign marked by groundless accusations, bullying intimidation, grandiose showmanship and cruel victimization. With lawyer Roy Cohn at his side, he belittled critics, spinning a web of lies and distortions while spreading fear and confusion. After years in the headlines, he was brought down by his own excesses and overreach. But his name lives on linked to the modern-day witch hunt we call “McCarthyism.”",https://image.tmdb.org/t/p/w500/1YyW0Klt5eDNSmSZ0iHMkWGrkYe.jpg,8,2020-01-06,https://www.themoviedb.org/movie/660603
"Larceny, Inc.","Three ex-cons buy a luggage shop to tunnel into the bank vault next door. But despite all they can do, the shop prospers...",https://image.tmdb.org/t/p/w500/j2Eb8Y7zv6jcOrLpodmMFrgFxpT.jpg,6.9,1942-04-24,https://www.themoviedb.org/movie/69119
Django,"A coffin-dragging gunslinger and a prostitute become embroiled in a bitter feud between a merciless masked clan and a band of Mexican revolutionaries.",https://image.tmdb.org/t/p/w500/vs4vieNstSEfbgLFEelXXOPvr6h.jpg,7.2,1966-04-06,https://www.themoviedb.org/movie/10772
"Memphis '69","It’s the Summer of 1969. The temperature hovers around 105 degrees on a humid weekend in Memphis, Tennessee. It’s only been a year since the assassination of Dr. Martin Luther King Jr. But on this particular weekend, everyone in town, all races, creeds and colors have come out for the Fourth Annual Memphis Country Blues Festival. The lineup is the most ambitious in years, welcoming blues masters like Bukka White, Sleepy John Estes, Furry Lewis and the 106 year-old Nathan Beauregard, coupled with more notable headliners like Rufus Thomas & The Bar-Kays, John Fahey and rocker Johnny Winter. One attendee that year was Gene Rosenthal, who brought along a couple of cameras, a small crew and left with 40,000 feet of color film that was left untouched for nearly 50 years….until now. ‘Memphis 69’ is a time capsule. If you’re a blues enthusiast, watching this film feels like you’ve opened up a treasure chest and discovered that you’ve hit the motherload.",https://image.tmdb.org/t/p/w500/1B0K0xyNhkJFhSwDIkwQQ226lD8.jpg,0,2019-01-28,https://www.themoviedb.org/movie/590018
"Blade Runner 2049","Thirty years after the events of the first film, a new blade runner, LAPD Officer K, unearths a long-buried secret that has the potential to plunge what's left of society into chaos. K's discovery leads him on a quest to find Rick Deckard, a former LAPD blade runner who has been missing for 30 years.",https://image.tmdb.org/t/p/w500/gajva2L0rPYkEWjzgFlBXCAVBE5.jpg,7.6,2017-10-04,https://www.themoviedb.org/movie/335984
"Monte Walsh","Monte Walsh is an aging cowboy facing the ending days of the Wild West era. As barbed wire and railways steadily eliminate the need for the cowboy, Monte and his friends are left with fewer and fewer options. New work opportunities are available to them, but the freedom of the open prarie is what they long for. Eventually, they all must say goodbye to the lives they knew, and try to make a new start.",https://image.tmdb.org/t/p/w500/oASAa5HE0J4lqfIsaSegzglU9ij.jpg,6.088,1970-09-26,https://www.themoviedb.org/movie/71244
Sherdil,"Separated from his family, consisting of his dad, Ramkumar; mom, Mayadevi, and brother, Sanjay, Allahabad-based Prakash Saxena takes to a life of crime, calls himself Shera, but continues to search for them. He subsequently finds out that the person who knows their whereabouts is a Bombay-based male by the name of Shobhraj. He re-locates to Bombay, and this is where circumstances may force him to abandon his quest, for he will not only be arrested and held in prison, but also inadvertently jeopardize the lives of his family. - Written by rAjOo (gunwanti@hotmail.com)",https://image.tmdb.org/t/p/w500,4,1990-09-06,https://www.themoviedb.org/movie/232788
"The Brigand","Carlos Delargo, the banished son of a royal princess of Mandorra, is returned to the kingdom to be tried for a murder change. However, he is freed by King Lorenzo, whom bears a remarkable resemblance to Delargo. When the king is wounded by assassins sent by Napoleon, Delargo takes over the throne at the request of the Prime Minister in a plot to thwart the traitors. He also falls in love with Princess Teresa, the king's fiancée.",https://image.tmdb.org/t/p/w500/8fQpo8HeEJeTPsF4RnMyQiURLpE.jpg,5.5,1952-06-24,https://www.themoviedb.org/movie/214200
"The Paperboy","A reporter returns to his Florida hometown to investigate a case involving a death row inmate.",https://image.tmdb.org/t/p/w500/AiALtw5Nl4adb6oO4VndBPo3RkQ.jpg,5.546,2012-09-14,https://www.themoviedb.org/movie/82390
"The Crocodiles","Ten-year-old Hannes, growing up with his young, poor and single mother wants to join the coolest gang in the area, the Vorstadtkrokodile. When the ‘entry test’ goes wrong, Hannes’s life is saved by Kai, who is desperate to join too but is wheelchair bound and unable to even run away when things get hot. Hannes would accept Kai but the other gang members don’t seem happy to accept a handicapped member...",https://image.tmdb.org/t/p/w500/fZJIGpVj1j3oeSfwT7S3eYomroX.jpg,7.2,2009-03-26,https://www.themoviedb.org/movie/12137
"The Idea of You","40-year-old single mom Solène begins an unexpected romance with 24-year-old Hayes Campbell, the lead singer of August Moon, the hottest boy band on the planet. As they begin a whirlwind romance, it isn't long before Hayes' superstar status poses unavoidable challenges to their relationship, and Solène soon discovers that life in the glare of his spotlight might be more than she bargained for.",https://image.tmdb.org/t/p/w500/Y5P4Q3q8nrruZ9aD3wXeJS2Plg.jpg,7.334,2024-05-02,https://www.themoviedb.org/movie/843527
Spider-Man,"After being bitten by a genetically altered spider at Oscorp, nerdy but endearing high school student Peter Parker is endowed with amazing powers to become the superhero known as Spider-Man.",https://image.tmdb.org/t/p/w500/gh4cZbhZxyTbgxQPxD0dOudNPTn.jpg,7.3,2002-05-01,https://www.themoviedb.org/movie/557
"Seven Days","Seven Days is a glimpse into the lives of Seven Women, in a collection of shorts all played by the same actress, Ellyn Jameson.  There are infinite possibilities of circumstances one can be born into, and what persons can become.  Seven Days is an anthology of seven women, all played by one actress, and each woman refuses simple definition.  There is no one side too strong or weak, good or bad, free or bound. A homeless teacher, wealthy housewife, single mother, social activist, polyamorist, sex worker and same-sex partner.  There are infinite possibilities before, and after.  These are just Seven Days.",https://image.tmdb.org/t/p/w500/1zv15jaZ33BxvVcf12o15c7AaNh.jpg,0,2022-04-01,https://www.themoviedb.org/movie/956684
"Inside Life","A new Nollywood movie, ‘Inside Life’, premiered at the Silverbird Galleria, Victoria Island, Lagos, last week.  It was produced by Chuks Enete and directed by Tope Adebayo Salami. The movie is the debut release of a new Nigerian film production house, Sillo studios.  Inspired by actual events, the movie revolves around the faltering Nigerian Judicial system and its effect on a man’s life.  In attendance at the premiere were actors and comic stars; Wole Ojo and Nedu Wazobia, and others. Also, the victim of the unfair Judicial system Lanre Olorunnisola, whose story inspired the film, was present at the event.",https://image.tmdb.org/t/p/w500,0,2022-09-09,https://www.themoviedb.org/movie/1043355
"The Storm Warriors","Wind and Cloud find themselves up against a ruthless Japanese warlord intent on invading China.",https://image.tmdb.org/t/p/w500/rbziEQVh5qvFAeBCWCObfZlB0ea.jpg,6.09,2009-12-10,https://www.themoviedb.org/movie/32654
"Dramatic Escape","Dramatic Escape follows inmates at Sing Sing Correctional Facility in Upstate New York, as they attempt to mount a behind bars production of A FEW GOOD MEN. Tracing the inmates' steps from auditions through their curtain call, we are witness to their journey - both as individuals and as a players ensemble. All of the obstacles involved with putting on a stage production on the outside become all the more difficult behind bars. Hear the inmates' stories and candid retelling of the crimes that landed them in prison. Witness their everyday struggle with what they have done and listen as they contemplate whether redemption is ever achievable either to themselves or to the outside world.",https://image.tmdb.org/t/p/w500/6XFEgWncFnKuve0IJSEseAmdojx.jpg,0,2015-09-26,https://www.themoviedb.org/movie/555332
"Henry IV","Deranged after a fall from a horse, a man has lived for twenty years in a castle laboring under the delusion that he is Holy Roman Emperor Henry IV. His psychiatrist concocts an elaborate scheme to shock him out of his medieval reverie.",https://image.tmdb.org/t/p/w500/tAXfb2OQWE6v78SfpFLKvlKroNf.jpg,6.409,1984-05-24,https://www.themoviedb.org/movie/42835
Underclassman,"A young detective goes undercover at an elite private school to destroy an international stolen car ring.",https://image.tmdb.org/t/p/w500/kOpQ5doAbDaxKyGq91PugsCTOYO.jpg,4.9,2005-09-02,https://www.themoviedb.org/movie/19803
"Avengers: Age of Ultron","When Tony Stark tries to jumpstart a dormant peacekeeping program, things go awry and Earth’s Mightiest Heroes are put to the ultimate test as the fate of the planet hangs in the balance. As the villainous Ultron emerges, it is up to The Avengers to stop him from enacting his terrible plans, and soon uneasy alliances and unexpected action pave the way for an epic and unique global adventure.",https://image.tmdb.org/t/p/w500/4ssDuvEDkSArWEdyBl2X5EHvYKU.jpg,7.271,2015-04-22,https://www.themoviedb.org/movie/99861
"Ramayana: Part One","First part of the epic Ramayana Duology.",https://image.tmdb.org/t/p/w500/vlYuhFSdmEwo4czE2eDdf2pJ10G.jpg,0,2026-11-06,https://www.themoviedb.org/movie/656908
"Mr. Hush","What is the ultimate horror? For Holland Price, it is losing everything he loves. Holland is a devoted family man whose life is turned upside-down by a horrifying figure one Halloween night.  Holland spends ten years searching the country, filled with self-torment and suffering, as he is haunted by his nightmares of that terrible night. He is drawn back to the small town of Layton, PA where he finds work in a restaurant owned by his friend, Mac. There he meets Debbie and begins to regain stability and peace in his life. But once his life adjusts to normal, Mr. Hush and his henchman, Stark, arrive. Driven by a lifetime of hatred toward the Price family, Mr. Hush continues to taunt Holland. But why? Follow our hero on his emotional rollercoaster ride as he descends into a dank and villainous world to see the face of darkness for what it is the face of Mr. Hush.  Two men, fueled by love lost, collide in this chilling battle of good vs. evil.",https://image.tmdb.org/t/p/w500/l4EmuVuKdw968CRxQvC4zOjrOHG.jpg,3.077,2010-10-23,https://www.themoviedb.org/movie/123389
"The Freemason","A wealthy banker lies brutally murdered. The bankers daughter and only heir, Rana (Alex McKenna) calls upon Cyrus (Randy Wayne) a brilliant but eccentric freelance writer, to assist in the investigation. Teaming up with homicide detective, Leon Weed (Sean Astin), Cyrus and Leon are quickly thrust into the cryptic world of Freemasonry, pursuing a legendary relic. They begin by interviewing Grandmaster Sheldon Lombard (Richard Dutcher) and a 32nd Degree Freemason named Jericho Beck (Joseph James). As the evidence leads them to a few select members of the bankers inner circle, the duo is forced to examine elements beyond their natural senses- and must do so quickly before the killer strikes again!",https://image.tmdb.org/t/p/w500/aCbVK0C5TVMB5Sp1zFbdRKXGSam.jpg,5.6,2013-12-07,https://www.themoviedb.org/movie/315358
"Head On","Nineteen-year-old Ari confronts both his sexuality and his Greek family. Ari despises his once-beloved parents, former radical activists, for having entombed themselves in insular tradition. Ari is obsessed with gay sex, although he does make an unenthusiastic attempt to satisfy the sister of one of his best friends. While all of this is going on, he's facing problems with his traditional Greek parents, who have no clue about his sexual activities.",https://image.tmdb.org/t/p/w500/7kOpfb9oCiDP7LUWbthZhzjnh1J.jpg,6.203,1998-08-13,https://www.themoviedb.org/movie/13817
"Wuthering Heights","Gipsy boy Heathcliffe is adopted by a god-fearing landowner in northern England and grows up as the soul-mate of the daughter, Cathy Earnshaw. When father dies, stern son Hindley returns and bans Heathcliffe to the stables; when they spy upon their upper class neighbors, Edgar Linton sends the dogs upon them and chases Heath but starts an affair -love comes only from him- with her. When Hindley's socialite wife Frances dies in childbirth, he is completely embittered, becomes a drunk unable to care for his son Hareton and has to sell Wuthering Hights- to Heathcliffe. After a misunderstanding Cathy marries Linton, Heath retorts by a loveless match with his sister. Even Cathy's death doesn't stop the cycle of spite, grief and harm so it poisons the next generation's lives as well while she keeps haunting Heathcliffe",https://image.tmdb.org/t/p/w500/bhdKWUgPGiZ8iGrage7twnp3Puu.jpg,6.586,1998-09-11,https://www.themoviedb.org/movie/74170
"Act Naturally","When two estranged stepsisters inherit their father's nudist club, getting back to nature has never been so completely unnatural.",https://image.tmdb.org/t/p/w500/psJDtJOnuephGxMxE5qBYhuxfRB.jpg,5.4,2011-03-22,https://www.themoviedb.org/movie/192690
"Aliens vs Predator: Requiem","After a horrifying PredAlien crash-lands near a small Colorado town, killing everyone it encounters and producing countless Alien offspring, a lone Predator arrives to ""clean up"" the infestation.",https://image.tmdb.org/t/p/w500/5iTwPDNtvK6ZZF607BHBbU3HO0B.jpg,5.174,2007-12-25,https://www.themoviedb.org/movie/440
"Diabolical Kidnapping","Second film in the Tigres del ring series.",https://image.tmdb.org/t/p/w500/79p4HPAGQrCmVaPpq5rIwJ5mptf.jpg,5,1957-01-01,https://www.themoviedb.org/movie/675678
"Summer Magic","Mother Carey, a Bostonian widow, and her three children move to Maine. Postmaster Osh Popham helps them move into a run-down old house and fixes it up for them. It's not entirely uninhabited, though; the owner, Mr. Hamilton, is a mysterious character away in Europe, but Osh assures them he won't mind their living there, since he won't be coming home for a long time yet. The children and a cousin who comes to live with them have various adventures before an unexpected visitor shows up",https://image.tmdb.org/t/p/w500/12GBF0hH9DWSaTBPZpCCKq4DiA6.jpg,6.63,1963-07-07,https://www.themoviedb.org/movie/37204
"7th Heaven","In 1910s Paris, a sewer worker disillusioned with Christianity feels his prayers have been answered when he chances upon a street waif and they fall in love.",https://image.tmdb.org/t/p/w500/wdSn5awvsTklNxwDlEoYKLpeYnl.jpg,7.316,1927-09-10,https://www.themoviedb.org/movie/82474
"In Retirement","A former Triple A (Argentine anti-communist alliance) is abandoned by his former colleagues after the Argentine dictatorship falls, in the course of his solitude he slowly becomes more insane and falls further into dementia, at the same time as one of the parents of the many children that he murdered and tortured during the dictatorship persecute him for revenge.",https://image.tmdb.org/t/p/w500/dPXQFoYu25jQVmPGMdzLtPkh6EH.jpg,5.364,1984-01-01,https://www.themoviedb.org/movie/121932
Wildling,"A young woman held in captivity discovers the realities of truth and lies in the outside world.",https://image.tmdb.org/t/p/w500/wZQR6hKRUBqHRL4lfECFES68zGF.jpg,5.424,2018-04-13,https://www.themoviedb.org/movie/362826
Within,"Rachel is a sweet girl with a troubled soul, caused by a unique gift - she can see evil spirits within others. After witnessing the brutal killing of her mother, Rachel and her father look for a fresh start by moving to a new town. After befriending classmate Michelle Lowe, Rachel soon realizes that her new 'best friend' may not be the girl she first appeared to be. Rachel's visions could be the key to stopping a series of violent attacks against the town's children and unlocking the puzzle behind a grim murder",https://image.tmdb.org/t/p/w500/j223HucSworFZj66plNl77JccYu.jpg,6.7,2009-06-03,https://www.themoviedb.org/movie/47651
"Once Fallen","When Chance (Brian Presley) returns home after five years in jail, he is determined to escape his past, start a new life and make peace with his father, (Ed Harris, Golden Globe® winner), who is the head of the Aryan Brotherhood prison gang and serving a life sentence for murder. Upon his release, his dreams of a crime-free future begin to disintegrate when he is forced to assume his best friend's outrageous debt to a local mobster. Despite being thrust back into a world of organized fighting, drug dealing and ties to corrupt police agents, Chance falls in love with Pearl (Academy Award® nominee Taraji P. Henson) and the prospect of living a normal life seems almost within reach. But will he be able to escape the crimes of his father and his past?",https://image.tmdb.org/t/p/w500/8ebXl6daqC7PdOr9OKxMqsjh40z.jpg,5.2,2010-11-02,https://www.themoviedb.org/movie/44862
"The Box Collector","An overprotective mother tries to stop her son's budding relationship with a flirtatious young divorce.",https://image.tmdb.org/t/p/w500/ishk3bxZREF3KfixNkCvRwmQc2m.jpg,3.4,2008-02-01,https://www.themoviedb.org/movie/16927
"Getting Over","Senor Daniels stars as Mike, a man with a dream of making it big in the music industry. He gets conned by a bigoted board chairman, and has his label, 'Impossibly Funky Records' taken over. As surmised by Alllmovie, this tuneful drama features the rock group Love Machine as it tells the tale of a record promoter hired by a crooked producer to fulfill affirmative action quotas. It is the hard-working, independent-minded promoter who discovers and develops the Love Machine, an all female group. The trouble begins when the group's lead singer is kidnapped and the promoter learns that his employer's label is really a front for the mob.",https://image.tmdb.org/t/p/w500/mmoSXDjYC27mZI0GU47dmZmyEDw.jpg,1,1981-04-24,https://www.themoviedb.org/movie/260054
"Twoyoungmen, UT.","Will and Eli meet by chance in a bar and head to the salt flats searching for a party. In the process, however, they take the first steps towards finding and accepting themselves.",https://image.tmdb.org/t/p/w500/6VMdl0xNfOxWLvmRumBRjuceZrU.jpg,6,2009-01-01,https://www.themoviedb.org/movie/113531
Barry,"A young Barack Obama forges his identity while dealing with race, divergent cultures and ordinary life as a New York City college student.",https://image.tmdb.org/t/p/w500/1Dg6phOePOHc4DHA5I7qjXB3fvA.jpg,5.695,2016-09-10,https://www.themoviedb.org/movie/397717
"The Alice","Alice Springs is the scene of an enchanting date with destiny. Great planetary forces are at work, drawing people to a total eclipse of the sun - An unorthodox hero seeking the love of his life, a central Australian tour gone wrong, a young romantic lost in the desert, a rogue road train and a young woman having fantasies about killing her drop-kick of a husband...",https://image.tmdb.org/t/p/w500/eVzx2Qo4rfCbyKFsWEgea8sA8gG.jpg,5,2004-01-08,https://www.themoviedb.org/movie/24237
Fury,"April, 1945. As the Allies make their final push in the European Theatre, a battle-hardened army sergeant named Wardaddy commands a Sherman tank and her five-man crew on a deadly mission behind enemy lines. Outnumbered and outgunned, and with a rookie soldier thrust into their platoon, Wardaddy and his men face overwhelming odds in their heroic attempts to strike at the heart of Nazi Germany.",https://image.tmdb.org/t/p/w500/pfte7wdMobMF4CVHuOxyu6oqeeA.jpg,7.539,2014-10-15,https://www.themoviedb.org/movie/228150
Tamara,"Tamara, an unattractive girl who is picked on by her peers, returns after her death as a sexy seductress to enact revenge.",https://image.tmdb.org/t/p/w500/9zQaMgFEBKtSB2ZZu73nBis71t9.jpg,5.229,2005-05-12,https://www.themoviedb.org/movie/10263
"The Face of Another","A businessman with a disfigured face obtains a lifelike mask from his doctor, but the mask starts altering his personality.",https://image.tmdb.org/t/p/w500/eUnFdf1Mf1b8AD3ChMPOCUfTBDQ.jpg,7.773,1966-07-15,https://www.themoviedb.org/movie/29452
"The King","England, 15th century. Hal, a capricious prince who lives among the populace far from court, is forced by circumstances to reluctantly accept the throne and become Henry V.",https://image.tmdb.org/t/p/w500/8u0QBGUbZcBW59VEAdmeFl9g98N.jpg,7.156,2019-10-11,https://www.themoviedb.org/movie/504949
Comedians,"Six aspiring comedians tired of the mediocrity of their lives, at the end of an evening stand-up course they prepare to face their first performance in a club. In the audience there is also an examiner, who will choose one of them for a TV show. For everyone this is the great opportunity to change their life, for some it could be the last one. The performances begin and each comedian takes the stage with a great dilemma: to respect the teachings of their master, devoted to intelligent and uncompromising comedy, or to twist their numbers to satisfy the much less refined taste of the examiner? Or maybe look for a third way, one of absolute originality? Through the stories of six comedians, Comedians is a reflection on the very meaning of comedy in our time, facing absolutely topical issues.",https://image.tmdb.org/t/p/w500/hps25NkX5Kh4zDLkUM4Dx1ZavO8.jpg,5.292,2021-06-10,https://www.themoviedb.org/movie/738627
"Perfect Strangers","After World War II service changes them, a married couple dread their postwar reunion.",https://image.tmdb.org/t/p/w500/sI1jTzZRkGv7HhIrPwPftgruzTc.jpg,6.6,1945-10-15,https://www.themoviedb.org/movie/182756
"Be Afraid","Not long after John Chambers and his family arrive at their new home in a small country town of Pennsylvania, John begins to experience sleep paralysis. Lying there paralyzed, trapped within his own nightmare, other-worldly beings visit John. They are entities which exist in the darkest shadows of the night and can only be seen out of the corner of one's eye. These encounters begin to haunt John, transforming to complete terror as he discovers the entities' sole purpose... the abduction of his seven year old son. In the end, John will uncover the town's horrific secret, a portal on his land, and make one last attempt to save his son before the shadow people permanently take him away to their world.",https://image.tmdb.org/t/p/w500/nCDyv3YRKwIuLi9o0k88Ntu9ala.jpg,6,2017-04-26,https://www.themoviedb.org/movie/448252
Bokeh,"On a romantic getaway to Iceland, a young American couple wake up one morning to discover every person on Earth has disappeared. Their struggle to survive and to reconcile the mysterious event lead them to reconsider everything they know about themselves and the world.",https://image.tmdb.org/t/p/w500/cedeEgSeKpsFZH9z9LgWbEqILlW.jpg,5.413,2017-03-24,https://www.themoviedb.org/movie/286538
"Assassin Club","In this world of contract killers, Morgan Gaines is the best of the best. When Morgan is hired to kill six people around the world, he soon discovers all the targets are also assassins unknowingly hired to kill each other.",https://image.tmdb.org/t/p/w500/y2d2SBqK33mGOG2CqAYMo3YbWE4.jpg,5.9,2023-02-24,https://www.themoviedb.org/movie/876969
"The Plant","In a garden in a London suburb, corpses sprout out of the earth on during a live television gardening programme called Down to Earth. However, it soon appears that these human bodies are not dead people, they are grown there, like plants. The question is who is growing these bodies and for which purpose.",https://image.tmdb.org/t/p/w500/tCoDiOj8HnoJlsbrbygJnM38pxc.jpg,3.25,1995-01-20,https://www.themoviedb.org/movie/214752
Erzulie,"A reunion between 4 friends quickly goes awry when they find themselves face to face with Erzulie the swamp mermaid goddess.",https://image.tmdb.org/t/p/w500/31MGaMBBCYpL18PQtmxebgRyktm.jpg,6.4,2022-06-14,https://www.themoviedb.org/movie/972239
"Wolfsgrub - Portrait of My Mother","In this film, Humbert is on the trail of his own history. Wolfsgrub is the name of the house where Humbert's mother lives, and though she is getting on in years, she becomes young again as she answers her son's questions. Humbert allows his mother the space and time to tell her story, portraying he everyday life through the use of concentrated images. From the bits and pieces of these narrative fragments, a stunning portrait of a freethinking woman emerges.",https://image.tmdb.org/t/p/w500,5,1986-06-24,https://www.themoviedb.org/movie/419660
"Surftide 77","Private Eye Bernard Bingbang is hired by old lady Agatha Bungworthy to find her runaway niece Cynthia, heir to the family fortune, before that fortune goes to nasty Uncle Philip. Bingbang’s only clue to the niece’s identity: she has a birthmark that looks like a butterfly right above her left nipple. Naturally, in true Nudie-Cutie fashion, “The Case of the Hidden Butterfly Birthmark” means our hero will have to see numerous naked breasts in order to find the missing heiress.",https://image.tmdb.org/t/p/w500/bvJxzaWCMwe60fHqIquPCzfydpz.jpg,3.4,1962-07-17,https://www.themoviedb.org/movie/282390
"Comic Aid","Shot live at the one off Comic Aid benefit gig at London’s Carling Apollo – which sold out in just three and a half minutes of tickets being put on sale – the DVD features the entire uncut show for all those unfortunate enough to have missed out on tickets.  The 3 hour show sees Jonathan Ross, Jack Dee, Graham Norton, Julian Clary, and Lily Savage host a stellar comic line-up that includes; Lee Evans, Dawn French, Jimmy Carr, Ardal O’Hanlon, Johnny Vegas, Bill Bailey, Bo’ Selecta! star The Bear, Jo Brand, Jon Culshaw, Omid Djalili, Otis Lee Crenshaw, Eddie Izzard, The League Of Gentlemen with Miranda Richardson, Alistair McGowan, Dylan Moran, Dave Spikey, Simon Pegg & Jessica Stevenson. Psychological illusionist Derren Brown and international percussion sensation Stomp also present their own unique blend of stage entertainment.",https://image.tmdb.org/t/p/w500,5,2005-03-02,https://www.themoviedb.org/movie/150096
"Kantara - A Legend: Chapter 1","During the Kadamba reign, King Vijayendra, the ruler of the fictional feudatory land of Bangra, meets his final fate while venturing into the mystical forest of Kantara. Witnessing this, his son Rajashekara seals the borders of their realm. Later, Prince Kulashekara reopens them through a brutal massacre. The protagonist, Berme, in search of prosperity, crosses the divide and ignites a conflict of faith, power, and destiny between the Kingdom and Nature.",https://image.tmdb.org/t/p/w500/ehQPboTPaIMkMUOoNOh8e7pZ5Rp.jpg,7.567,2025-10-01,https://www.themoviedb.org/movie/1083637
"Dead Silence","Jamie returns to his hometown in search of answers to his wife's murder, which occurred after receiving a weird package containing a ventriloquist dummy named Billy, which may be linked to the legend of ventriloquist Mary Shaw. Destined to find out the truth, Jamie goes to the town of Raven's Fair, where Shaw used to perform and is buried. But Jamie is in for more than he expected.",https://image.tmdb.org/t/p/w500/rvcUVdATIHKZt7BSSttUkKbeBXN.jpg,6.45,2007-03-16,https://www.themoviedb.org/movie/14001
Thanksgiving,"After a Black Friday riot ends in tragedy, a mysterious Thanksgiving-inspired killer terrorizes Plymouth, Massachusetts - the birthplace of the holiday. Picking off residents one by one, what begins as random revenge killings are soon revealed to be part of a larger, sinister holiday plan.",https://image.tmdb.org/t/p/w500/f5f3TEVst1nHHyqgn7Z3tlwnBIH.jpg,6.485,2023-11-16,https://www.themoviedb.org/movie/1071215
Pepe,"Mario ""Cantinflas"" Moreno is a hired hand, Pepe, employed on a ranch. A boozing Hollywood director buys a white stallion that belongs to Pepe's boss. Pepe, determined to get the horse back (as he considers it his family), decides to take off to Hollywood. There he meets film stars including Jimmy Durante, Frank Sinatra, Zsa Zsa Gabór, Bing Crosby, Maurice Chevalier and Jack Lemmon in drag as Daphne from Some Like It Hot. He is also surprised by things that were new in America at the time, such as automatic swinging doors. When he finally reaches the man who bought the horse, he is led to believe there is no hope of getting it back. However, the last scene shows both him and the stallion back at the ranch with several foals.",https://image.tmdb.org/t/p/w500/th8c4sGS5ZAOW7zhyGWyhykuL0M.jpg,6.255,1960-12-21,https://www.themoviedb.org/movie/82792
"Uncommon Valor","A group of Vietnam War veterans re-unite to rescue one of their own left behind and taken prisoner by the Vietnamese.",https://image.tmdb.org/t/p/w500/9wx6F98Rl1YNyR66WO1XnFvvh4A.jpg,6.2,1983-12-16,https://www.themoviedb.org/movie/9967
Symphonie,"Symphonie mixes fiction with reality. The author, Romain Schneid, tells the story of his own claustrophobia in front of the camera when, when he was 12 years old, hiding as a Jew during the German occupation, he could not leave a tiny apartment. He tells and he plays alone all the characters in his drama. He invents, deforms, imagines another end. He is at the same time the author, the narrator and the actor (the actors). Did he really experience what he's talking about, or did all that happen in his head? Are we facing a testimony or a delusion?",https://image.tmdb.org/t/p/w500/tIxNl6ff9remMx6XSivA5V7G6Yf.jpg,0,1980-02-05,https://www.themoviedb.org/movie/573263
"Absolute Dominion","In the year 2063 AD, the world faces catastrophe as zealots and extremists wage a global holy war, crumbling cities and dismantling entire countries in the name of spiritual superiority. Desperate for a solution to save humanity from itself, the world's governing bodies vote to establish a radical new form of diplomacy called The Battle of Absolute Dominion, a fierce martial-arts tournament featuring the best fighters in the world to determine a champion whose faith will govern humanity and restore peace for the future.",https://image.tmdb.org/t/p/w500/gTqTss9YJLigp0SFVtc4IXmE6zW.jpg,5.6,2025-05-09,https://www.themoviedb.org/movie/969084
"The Darkest Hour","In Moscow, five young people lead the charge against an alien race which has attacked Earth via our power supply.",https://image.tmdb.org/t/p/w500/5Ao4qAFbjP7fcFOOdMNvQEnl0Yr.jpg,5.301,2011-12-22,https://www.themoviedb.org/movie/71469
"Designing Woman","A sportswriter who marries a fashion designer discovers that their mutual interests are few, although each has an intriguing past which makes the other jealous.",https://image.tmdb.org/t/p/w500/5iKj0fkip6j67iwejogjTGmkLZd.jpg,6.5,1957-05-16,https://www.themoviedb.org/movie/33668
Backlash,"In a series of flashbacks, shows that attorney John Morland has given a lift to a hitchhiker who turns out to be a murderer. As a result, Morland himself is implicated in a killing. A pair of detectives discover that Morland has been having business problems and no end of difficulties with his wife Catherine. The trail of clues leads to a surprising revelation.",https://image.tmdb.org/t/p/w500/1WnmubVdek4oH8wVjg2PFqcgccj.jpg,4.658,1947-03-01,https://www.themoviedb.org/movie/44101
"Two Generations","One of the early films of Chhabi Biswas featuring him as a leading man, before he came to be associated with the dominating patriarch roles that have become iconic in Bengali cinema, the film is a tale of the love, relationships and ideals of two generations. Nutubihari is an idealist who has given up his love for Kalyani  for the sake of his beliefs. He marries Bimala and becomes a lawyer, fighting for the rights of the poor against the feudal lords. Meanwhile, Kalyani comes to ask refuge after she becomes a widow and is inexplicably accepted by Bimala with a lot of warmth. As the years pass Kalyani's daughter Mamata and Nutu's oldest son Arun fall in love and wish to get married. However, the new-found fame and fortune turns his head and Nutu begins to resemble all the ideals and vices that he had always despised. On the other hand in an ironical turn of events, Arun comes to occupy the position once held by his father, highlighting the generational conflict of ideals.",https://image.tmdb.org/t/p/w500/5fXmQSBMh7AjXL530YKQP7OoaTW.jpg,0,1945-08-30,https://www.themoviedb.org/movie/307447
"Captain America: Civil War","Following the events of Age of Ultron, the collective governments of the world pass an act designed to regulate all superhuman activity. This polarizes opinion amongst the Avengers, causing two factions to side with Iron Man or Captain America, which causes an epic battle between former allies.",https://image.tmdb.org/t/p/w500/rAGiXaUfPzY7CDEyNKUofk3Kw2e.jpg,7.448,2016-04-27,https://www.themoviedb.org/movie/271110
"Avengers: Doomsday","The Avengers, Wakandans, Fantastic Four, Thunderbolts, and X-Men all fight against Doctor Doom. Plot TBA.",https://image.tmdb.org/t/p/w500/6eB2oh1SplddsZYCdayrIdrIGLd.jpg,0,2026-12-17,https://www.themoviedb.org/movie/1003596
"Forgotten Silver","The life story of Colin McKenzie, a forgotten pioneer of international cinema who was born in rural New Zealand in 1888.",https://image.tmdb.org/t/p/w500/gSLluaJR2fxmsGOtmfSKQJ9RCly.jpg,7.2,1997-10-03,https://www.themoviedb.org/movie/32458
"SHINE 62","WWN & SHINE Wrestling present  SHINE 62,  Woodside, NY,  11/9/2019. Matches include:  Six Woman War! – All SHINE Championships Are On The Line!  SHINE Champion Allysin Kay & BTY of Marti Belle & Jayme Jameson vs. SHINE Nova Champion Shotzi Blackheart & SHINE Tag Team Champions Triple Aye of Aja Perera & Big Swole w/ Ayla  • Rematch from SHINE 61!  Brandi Lauren vs. Alex Gracia  • Natalia Markova vs. Double D’Rose  • Tag Team Triple Threat Match  Team Sea Stars of Ashley Vox & Delmi Exo vs. Avery Taylor & Brittany Blake vs. Rainbow Bright of Luscious Latasha & Gabby Gilbert  • Candy Cartwright vs. Notorious Nadi  • Tina San Antonio vs. Vanity  • Madi Maxx vs. Savannah Evans.",https://image.tmdb.org/t/p/w500/6Z8Wy4vKrMDnOsXkTYOnJvy7nhk.jpg,0,2019-11-09,https://www.themoviedb.org/movie/1149646
"The Hustle","What do you do when your biggest dream is just an arms reach away. Tre-Dog and C-Note long for the day to be the biggest rap stars in the city of Ft. Lauderdale but don't have the dough or the connections to get there. When a bogus record label offers to sign them if they can come up with their own promotion money, the hustle is on. The two rappers scam their way into raising 20,000 dollars the fast way, stealing it. Now two be wannabee rap stars are on the run from one of the hood's most dangerous drug ealers. Is their dream worth dying for or can they hustle their way out of this one? The Hustle is definitely a slap your knee, gut busting comedy about two hustlers who find themselves getting hustled.",https://image.tmdb.org/t/p/w500/dZRvLYqjl5QLPpYAjArHrw2aolz.jpg,8,2003-11-25,https://www.themoviedb.org/movie/112987
Megacities,"Megacities is a documentary about the slums of five different metropolitan cities.",https://image.tmdb.org/t/p/w500/qO48XLCG58cICOgAR57ao0PrJ6A.jpg,6.528,1998-08-12,https://www.themoviedb.org/movie/92
Luck,"Suddenly finding herself in the never-before-seen Land of Luck, the unluckiest person in the world must unite with the magical creatures there to turn her luck around.",https://image.tmdb.org/t/p/w500/1HOYvwGFioUFL58UVvDRG6beEDm.jpg,7.745,2022-08-05,https://www.themoviedb.org/movie/585511
"Miami Blues","After Junior is released from prison, he plans on starting a new life in Miami. But when he kills a man in the airport, he flees the scene and finds Susie, a mild-mannered prostitute searching for stability. The two opposites become romantically involved, and Junior steals a badge and gun from a veteran detective. Using the officer's identity, Junior embarks on a crime spree and convinces Susie that he is the perfect man.",https://image.tmdb.org/t/p/w500/eOqOf2qG0sjsfhFdYp6SbZuorSF.jpg,6.012,1990-04-20,https://www.themoviedb.org/movie/14931
Harvey,"An unlikely hero, Elwood P. Dowd. This mild-mannered-but-eccentric bachelor has, for several years, happily kept company with Harvey, a six-foot-tall rabbit that only he can see. All's well until Elwood's social-climbing sister, Veta, and her teenage daughter, Myrtle Mae, come to live with him and fear his odd behavior will undermine their ambitions. When Elwood disrupts the ladies' first afternoon tea party by introducing wealthy Aunt Ethel Chauvenet to Harvey, Veta sees that something must be done right away. She takes compliant Elwood to the Chumley Rest Home, leaving him in the car while she tells a Dr. Sanderson all about Elwood and Harvey. Sanderson concludes that Veta is the psychotic one and has her carted off to be committed. Meanwhile Elwood is treated with respect and dignity in light of his sister's mental state. When Dr. Chumley, head of the rest home, returns and hears of the case, he draws the opposite conclusion-that Elwood in fact hallucinates.",https://image.tmdb.org/t/p/w500/tY32c8Abdirj5jOsqQdBUhItj4R.jpg,4.2,1996-10-19,https://www.themoviedb.org/movie/164278
"Secret Society","Daisy is the love of Ken's life - she is also large... and very pretty... and on the dole. But Ken is a dreamer, all his dreams to make a fast buck ending up where they started - as dreams. With the rent unpaid, the bailiffs at the door and Ken's dreams in tatters, Daisy sets out to bring home the bacon and gets a job in the local factory. There she meets Marlene and half a dozen other large women who are all united in a secret passion - Sumo wrestling! Ken doesn't know what's hit him.",https://image.tmdb.org/t/p/w500/sZ4HeEoyOkzmv6848exsbDfsNVJ.jpg,3.333,2000-10-29,https://www.themoviedb.org/movie/161080
"Isleen Pines","A group of friends get together for the annual Halloween party, but are interrupted by mysterious visitors.",https://image.tmdb.org/t/p/w500/cNCWhIj7C6c7RZJHTqHqJNhMOK7.jpg,4.5,2023-10-28,https://www.themoviedb.org/movie/1028583
"Driftin' River","Eddie Dean (Eddie Dean) and his partner Soapy Jones (Roscoe Ates), under government orders, proceed to the ranch of J.C. Morgan (Shirley Patterson to buy cavalry remounts for the Army. At the ranch, they find out that J.C. is a girl. The nearby town of Dow City is under the control of a lawless trio headed by Trigger (Lee Roberts, Clem Kensington (Foxy Callahan) and Joe Morino (Dennis Moore). A member of the gang is Tucson Brown (Lee Bennett), one of J.C.'s trusted hands. When Eddie decides to buy the horses, Tucson steals the herd to prevent the sale. Soldiers, sent to investigate, are brutally murdered. The aroused townspeople elect Tennessee (William Fawcett, J.C.'s foreman, as sheriff. When the outlaws murder Tennessee, Eddie and Soapy, along with the reformed Tucson, swing into action.",https://image.tmdb.org/t/p/w500/6uFWv8TPt5uCrdgrGif6d2uv8C7.jpg,0,1946-10-01,https://www.themoviedb.org/movie/243226
"At the Back of the Screen","A documentary about Malga Kubiak and her team. It's not only a movie about her, but also about the situation of independent, lesbian and queer cinema in Poland, Europe and all over the world. Malga is a director, activist, mother, daughter and grandmother. Her family is constantly engaged in her work. She made over 40 movies about such queer icons as Pasolini, Annemarie Schwarzenbach, F.G. Lorca, Andy Warhol or Lizzie Siddal, the muse of Pre-Raphaelites.",https://image.tmdb.org/t/p/w500,0,2020-04-10,https://www.themoviedb.org/movie/735730
Toro,"Toro (Spanish for ""Bull"") is a young con man and the right hand of Romano, a powerful mob boss in Torremolinos, Málaga (Andalusia, south to Spain). After Toro decides to leave Romano to get a life free of crime, his last sting fails, resulting one of his brothers dead and he sent to jail. Five years later, Romano realizes that López, Toro's older brother, is robbing him money from his tourism business and he orders to kidnap Diana, López's little daughter, until this one get back the money. Without options, López visits Toro, now a touristic driver with the third grade prison close to get the parole, who only wants to be free to marry his girlfriend Estrella. When Toro accepts to help López and both meet Romano looking for a solution, Toro ends attacking Romano's men and fleeing with Diana, trying to escape from Romano's revenge. But Romano starts a ruthless searching for they three, meanwhile Toro counts the hours to back the prison according to the third grade...",https://image.tmdb.org/t/p/w500/4VTgL6uCdR90w1qKInmidWSd3OB.jpg,6,2016-04-22,https://www.themoviedb.org/movie/364615
"Hotel Berlin","An assortment of diverse characters gather at the Hotel Berlin in World War II Germany as the Third Reich falls.",https://image.tmdb.org/t/p/w500/iRg3U3zRa6Ls1dn0WywSWujfQz9.jpg,5.846,1945-03-02,https://www.themoviedb.org/movie/165300
"Wooden Chair","Wooden Chair is narrated by a third person omniscient. He tells the story of two orphaned siblings and their journey to overcoming poverty. Judy Ann, 10 years old, and John Lloyd, 7 years old, were named by their mother after her favorite actress and actor. To provide for the two of them, Judy Ann no longer goes to school but instead, sells root crops that she plants in their small backyard, and fruits and vegetables that she picks up from the floor of the public market. To cope with feelings of abandonment, Judy Ann talks to their imaginary mother who guides and encourages her.",https://image.tmdb.org/t/p/w500/qFHbU8AWGRgJvcXnz4a6dKK4ACW.jpg,0,2019-05-15,https://www.themoviedb.org/movie/605444
Evilspeak,"Bullied by classmates, a pudgy military-school student fights back by computer with the devil.",https://image.tmdb.org/t/p/w500/xoFmhndSAlNqPGd3nALD0cpmazx.jpg,5.307,1981-08-22,https://www.themoviedb.org/movie/39868
"Fail Safe","Cold War tensions climb to a fever pitch when a U.S. bomber is accidentally ordered to drop a nuclear warhead on Moscow.",https://image.tmdb.org/t/p/w500/hg2R1TllSeXGeHYJjIqWuIJ6SKF.jpg,6.911,2000-04-09,https://www.themoviedb.org/movie/31067
Oliver!,"Musical adaptation of Charles Dickens' Oliver Twist, a classic tale of an orphan who runs away from the workhouse and joins up with a group of boys headed by the Artful Dodger and trained to be pickpockets by master thief Fagin.",https://image.tmdb.org/t/p/w500/1XJgoaOWKrqxkKeBKWLKSigqG8c.jpg,7.024,1968-09-26,https://www.themoviedb.org/movie/17917
Rendez-vous,"Nina is a young, carefree actress who arrives in Paris searching for her big break. There, she finds drama both on- and offstage as she becomes involved with three men: a mild-mannered real-estate agent who offers her stability, a bad-boy actor who lives dangerously on the edge, and an intense theater director who casts her in a production of “Romeo and Juliet.” As opening night approaches, the emotional extremes of Nina’s love life fuel her art.",https://image.tmdb.org/t/p/w500/rICHxS03w4peWxcdGgT8pyb9eOp.jpg,5.568,1985-05-15,https://www.themoviedb.org/movie/34093
"The Astrologer","Craig Alexander, a con-man ""psychic"" on the carnival circuit receives the opportunity to pilfer some legendary rubies in Kenya. His luck holds and he winds up the sole beneficiary of the ill-gotten wealth, which he parlays into an astrological broadcasting empire. But once he reaches the top, there's only one direction he can go...",https://image.tmdb.org/t/p/w500/7BKA85xTb1IXipIYnsJlFimhE7i.jpg,5.2,1976-01-14,https://www.themoviedb.org/movie/180220
"The Express","Follow the inspirational life of college football hero Ernie Davis, the first African-American to win the Heisman Trophy.",https://image.tmdb.org/t/p/w500/l4bOPaxwx1WebQXTeqXzXwf9n3M.jpg,7.116,2008-10-10,https://www.themoviedb.org/movie/14325
"Green Book","Tony Lip, a bouncer in 1962, is hired to drive pianist Don Shirley on a tour through the Deep South in the days when African Americans, forced to find alternate accommodations and services due to segregation laws below the Mason-Dixon Line, relied on a guide called The Negro Motorist Green Book.",https://image.tmdb.org/t/p/w500/7BsvSuDQuoqhWmU2fL7W2GOcZHU.jpg,8.225,2018-11-16,https://www.themoviedb.org/movie/490132
Changes,"It's the late sixties, a time of peace signs, free love and revolution; and Kent like others of his generation, is looking for a meaning to his life. Driving alone along the Big Sur, he flashes back to difficult memories about college, drugs, family and relationships. The flashback over, Kent is back in his car, but he loses control and crashes over an embankment. Stunned and hurt, Kent starts hitchhiking, not caring which direction. He wanders aimlessly, taking rides from strangers, never making real contact. Then he meets Julie who intrigues him and they move in together. Kent still has to find himself and the meaning of his existence.",https://image.tmdb.org/t/p/w500/xF8fHysFHBbET0MSNY3NJoYr6DJ.jpg,5,1969-02-11,https://www.themoviedb.org/movie/138491
Julia,"At the behest of an old and dear friend, playwright Lillian Hellman undertakes a dangerous mission to smuggle funds into Nazi Germany.",https://image.tmdb.org/t/p/w500/qHtPzs9eVCilp88c1arq73gH6xk.jpg,6.4,1977-10-01,https://www.themoviedb.org/movie/42222
"Born Free","At a national park in Kenya, English game warden George Adamson and his wife, Joy, care for three orphaned lion cubs. After the two larger lions are shipped off to a zoo in the Netherlands, the smallest of the three, Elsa, stays with the couple. When Elsa is blamed for causing an elephant stampede in the nearby village, head warden John Kendall demands the young lion either be trained to survive in the wilds of the Serengeti or be sent to a zoo.",https://image.tmdb.org/t/p/w500/xI5BkObQm7UtYEFTw7ZmiDGF7gT.jpg,6.7,1966-03-26,https://www.themoviedb.org/movie/15347
"White Apache","This film is based on a true story of an Irish baby brought up by the Colorado Apaches. When a group of outlaws attack and destroy a wagon train, the only survivor gives birth to a baby, whom the Indian chief, White Bear brings up as his son and calls him Shining Sky. Shining Sky grows up with the chief's son Black Wolf and by a stroke of fate kills his best friend and brother. Overcome by grief he leaves and goes to live in the world of white men but decides to go back to the world of his youth, leaving an enemy, Redeath, behind him whom he is destined to meet again and again.",https://image.tmdb.org/t/p/w500/23ta1m2PanW9iRaEa1IfToRxzPt.jpg,4.6,1987-08-26,https://www.themoviedb.org/movie/158050
IO,"As a young scientist searches for a way to save a dying Earth, she finds a connection with a man who's racing to catch the last shuttle off the planet.",https://image.tmdb.org/t/p/w500/utH781EwjzzXQC6fZUO3cw8L5Ht.jpg,5,2019-01-18,https://www.themoviedb.org/movie/433249
"Dancing Queens","The story of Dylan Pettersson, a 23-year-old girl from a small island in the Swedish archipelago with big dancing aspirations.",https://image.tmdb.org/t/p/w500/xq2pkQZV5Yt1METvy5S0QjmCpsn.jpg,5.9,2021-06-03,https://www.themoviedb.org/movie/761270
"American Beast","After a confrontation, a group of women are taken by a presence.",https://image.tmdb.org/t/p/w500/ivQ9rzNV3HzGlwbWNS6bavjsOJk.jpg,6.375,2014-10-21,https://www.themoviedb.org/movie/402515
"Maaman Magal","The film is a love story between Sathyaraj and Meena. Sathyaraj and Goundmani, the best comic combos in Tamil cinema. Goundamani's nostril flaring sarcastic dialogues with Sathyaraj's carefree Coimbatore brand of humor made for the perfect twosome that never failed to tickle the funny bone. The usage of both the witty dialogues and the slapstick in right doses. If Manivannan joins them, never ceases to laugh. The story starts from Manivannan entry in film, He wants to drag down Jayachitra and he asks Sathyaraj to marry his daughter Meena. So those two starts cheating Jayachitra and Meena, After Meena—Sathyaraj marriage knot, truth comes to the light. The plot takes twist when Meena suits for divorce. The plot completes by Meena leaves her selfdom and joins Sathyraj",https://image.tmdb.org/t/p/w500/1q0AV4kpqFsZGNE4KA6eczfVjjo.jpg,6,1995-12-02,https://www.themoviedb.org/movie/335915
"The Graduates","Follows a group of young adults as they navigate life after college.",https://image.tmdb.org/t/p/w500/yZAN6amO7HhzzfTLEMgmUdM12hq.jpg,7,1986-04-03,https://www.themoviedb.org/movie/382848
"Little Richard","The story of Little Richard Penniman, from his poor Southern upbringing to dealing with the trials and tribulations of being a Black singer in the 1950s, to his born-again phase and brief ""retirement"" from rock and roll.",https://image.tmdb.org/t/p/w500/gc7xlAjT14AhzIrBO55YUWlC96B.jpg,6.4,2000-02-20,https://www.themoviedb.org/movie/164741
"Fall Away","On the verge of being discovered, the secretly gay lead singer for up-and-coming country folk band ""65 Home"" dies violently in a back alley. We follow the friends and lovers of 'Handsome Jake' as they try to come to terms with the singer's untimely death. As the band travels to Nashville to honor his passing, we discover that there are many Jake's - the brother, the lover, the poet, the liar and the cruel manipulator. As the band members cross the Midwest with Jake's ashes on board their Winnebago, they must now struggle to regroup, understand what happened, and find a way to move on. But can they do it without Jake?",https://image.tmdb.org/t/p/w500/8ZcfgoKBZLZgQhmVKgzoh1GHlyT.jpg,3.4,2011-08-21,https://www.themoviedb.org/movie/290705
"The Making of Maps","Shot entirely in Welsh, Endaf Emlyn's wry and gentle film captures the magic and innocence of a young boy's imaginative world as he grapples with demons that haunt his family life. Set against the wild, windswept backdrop of the Welsh coast, The Making of Maps charts Griff's journey into adolescence and his attempts to cope with the strife with in his own family.  Pulled in different directions by his philandering father, reclusive mother and unloved sister, he tries to learn the secret that eats away at the fabric of his family life. His mother ran a dance academy, but during a picnic the school's star pupil, the beautiful, ethereal Alis, vanished. Afterward, Griff's mother took to her bed, fearful of leaving her darkened room. Griff's way of dealing with his life is to draw maps outlining his own attempts to comprehend a situation that everyone seems to want to forget. -Piers Handling",https://image.tmdb.org/t/p/w500,0,1995-09-09,https://www.themoviedb.org/movie/551400
"Say Less","Teen siblings Cassie and Max find themselves home alone for the weekend after their parents leave town. Cassie hopes to invite her crush, Blake, over for a study date, while Max plans an intimate evening with his girlfriend, Sky. However, tensions rise when Blake doesn’t respond to Cassie’s texts, and Max taunts her about having no friends. Determined to prove him wrong, Cassie invites Oliver, a boy she previously ignored, to join the group. Cassie’s actions turn Max’s romantic plans into a chaotic double date, setting the stage for a night full of conflict and unexpected discoveries that might tear the family apart forever.",https://image.tmdb.org/t/p/w500/afW2lDdemCVcNlkQF4aIfoB7CAR.jpg,10,,https://www.themoviedb.org/movie/1450811
"Strange Rituals","After a night of heavy drinking, Jeanne and Deb take an empty road through the backwoods to avoid traffic where they unexpectedly hit a mysterious woman that quickly vanishes into a field. Plagued with guilt and unable to go to the police, the girls decide to investigate with the help of some friends. But when their peers start to die or inexplicably vanish, it becomes clear that a bigger, sinister force is at work as Jeanne is thrown into a bizarre conflict with the undead and a sinister voodoo priest with malicious intentions.",https://image.tmdb.org/t/p/w500/hHK9saAl28PU3LQgOmhb4T9YiiC.jpg,3,2017-03-20,https://www.themoviedb.org/movie/507966
"Dangerous Innocence","Ann, a 19-year-old girl who looks much younger, meets a dashing army major on a boat sailing from Liverpool to Bombay, India, and falls in love with him. Her love appears to be unrequited, though, because the major thinks she is far too young--and also, unknown to her, because he had once been in love with her mother. When a fellow passenger on the ship takes advantage of the naive girl the major comes to her rescue, but in the process the girl finds out about the past relationship between he and her mother.",https://image.tmdb.org/t/p/w500/qlTEt4BihEJibl3h5WWJKs81VnZ.jpg,0,1925-04-12,https://www.themoviedb.org/movie/638585
"Safe House","Trapped in a high-security safe house after a terrorist attack in downtown Los Angeles, six government agents realize they must survive not just the enemy outside, but the potential traitor among them.",https://image.tmdb.org/t/p/w500/peUlWeJaqTi0YnsM4L6gnWzz0Ko.jpg,7,2025-10-30,https://www.themoviedb.org/movie/1522923
Honeymoon,"A prospective bride and groom have misadventures in Mexico City.",https://image.tmdb.org/t/p/w500/fzC9gAszOyc3VuO5dKH8N2RoWo3.jpg,6.4,1947-05-17,https://www.themoviedb.org/movie/259292
"The Masquerader","At the instigation of Sybel, an adventuress, Black, a society parasite, steals a valuable diamond brooch. He turns the jewel over to the adventuress, who then throws him over. Black flees from the city to escape arrest. Shortly afterward, the young man meets and falls in love with Mildred.",https://image.tmdb.org/t/p/w500,0,1914-01-28,https://www.themoviedb.org/movie/937208
"Board Control","From 1978 to 1989 skateboarding was illegal in Norway, as the only country in the world it was not legal to sell, buy or use skateboard in this period. The film follows two generations of skaters - from the underground culture in the late 70s, with skating on secret locations in the forest around Oslo, to the commercial explosion when skating was legalized in 1989. The film says something about the Norwegian governments overprotective policy, but it also shows the paradox of how the prohibition led to a unique and creative environment.",https://image.tmdb.org/t/p/w500/aPZEZSDYdfQDrKAL2xLyaA9gDhY.jpg,0,2006-11-18,https://www.themoviedb.org/movie/374904
"Puerto Rico en carnaval","Tin Tan sets off for adventure on the isle of Puerto Rico. This musical comedy takes place in the International Airport of Puerto Rico during a day of carnival. Knowing the problems that go hand-in-hand with the carnival, the airport director appoints a team to deal with a threat from an anonymous letter.",https://image.tmdb.org/t/p/w500/tPxjMNzfOBezCCzvWspxBTt5n4G.jpg,0,1965-01-01,https://www.themoviedb.org/movie/397503
"The Truman Show","An insurance salesman begins to suspect that his whole life is actually some sort of reality TV show.",https://image.tmdb.org/t/p/w500/vuza0WqY239yBXOadKlGwJsZJFE.jpg,8.148,1998-06-04,https://www.themoviedb.org/movie/37165
"Nakuru Song","Told from the perspectives of local residents, Nakuru Song provides a first-person look at a country where hope is struggling to survive against monumental complacency. While Ken coaches a football team to keep boys off the street and James works tirelessly at the Melon Orphanage, countless other Kenyans live on: legions of children sniff glue to avoid hunger, other collect scrap metals for their income, and middle-aged men mix formaldehyde and jet fuel to create the ""illicit brew.""",https://image.tmdb.org/t/p/w500,0,2008-01-01,https://www.themoviedb.org/movie/1328563
"Criminal Investigator","A reporter investigates the murder of a showgirl, who was the widow of a millionaire.  While digging in to the mysterious murder of a showgirl (Vivian Wilcox), intrepid reporter Bob Martin (Robert Lowery) uncovers a connection between that case and another one he's been working on. An inmate (Lawrence Creighton) holds the key to the crime, but there's one problem: He's deaf and mute. Meanwhile, the murderers (Jan Wiley and Charlie Hall) appear to be working for a very powerful person.",https://image.tmdb.org/t/p/w500/bj56CXniDDo9dyRAqCzVK5R5GmL.jpg,4,1942-10-23,https://www.themoviedb.org/movie/182503
Wasteland,"A young man, Stevie, awakes on a wasteland overlooking Bradford, still bleeding from a brutal attack that has left him with severe memory loss. Recent events are a total blank; his more distant memories are a blur. He slowly begins to piece together his identity: his name, his home, his family. At first it appears he returns to his former self but through a series of painful flashbacks and encounters, he comes to learn of the dark and disturbing events that led to his beating. Ashamed to learn of the person he has become – and the dangerous world he became mixed up in –  Stevie realises he will have to pay. But at what price?",https://image.tmdb.org/t/p/w500/tEOiI2YPLiilWE3UGRX3aL86M06.jpg,6.6,2018-10-29,https://www.themoviedb.org/movie/556453
"Spider-Man 3","The seemingly invincible Spider-Man goes up against an all-new crop of villains—including the shape-shifting Sandman. While Spider-Man’s superpowers are altered by an alien organism, his alter ego, Peter Parker, deals with nemesis Eddie Brock and also gets caught up in a love triangle.",https://image.tmdb.org/t/p/w500/qFmwhVUoUSXjkKRmca5yGDEXBIj.jpg,6.4,2007-05-01,https://www.themoviedb.org/movie/559
Thrillkill,"Karlie Kendall's job is to write computer games - but in her spare time she hacks bank accounts. With 5 million dollars gathered, she wants to retire to Brazil - unaware that her secret partner Adrienne intends to keep all the money. Moreover, Karlie's boss Julien has got to know of her doing and has hired villains to get hold of the treasure. Only after Karlie's death they realize that she has hidden the money well inside the computer game ""Thrillkill"" - leaving the single clue to her sister, stewardess Bobbie.",https://image.tmdb.org/t/p/w500/bXhQkG2SzZPcVH20OtepR37Dkkf.jpg,3,1984-12-14,https://www.themoviedb.org/movie/89935
Executor,"Kyle (Markiss McFadden), one of the many orphans raised in an orphanage by Father Antonio (Paul Sorvino) is an assassin who is sent on missions; from God. For years Father Antonio led these boys to believe they are killing in the name of God. Kyle was one of the best executioners of Father Antonio’s men. After placing a bomb in a little coffee shop to execute the owner a little boy Matthew (Aiden Wind) and his mother walks in the restaurant just seconds before the explosion. Kyle decided to save both of them but unfortunately he was only able to save the little boy. A reluctant Kyle takes him in and keeps him hidden for seven days. Through a very complex relationship Kyle discovers a different side in him he didn’t know existed. With all the fights, bullets flying, and explosions it's going to be harder than he thought keeping Matthew safe. But with the help of Kyle's beautiful neighbor Tara (Mischa Barton) it just might be possible.",https://image.tmdb.org/t/p/w500/djGpWgMOCTGTcv3JEeIzt5NxcC4.jpg,4.8,2016-07-05,https://www.themoviedb.org/movie/464723
"Runaway Nightmare","A teenage girl accidentally murders her abusive Step-Father in self-defense on Halloween night, 1988. She runs away from home, hoping to hitch-hike to her Aunt Laura's house. However, she's soon picked up by two unsavory men in the next county over who proceed to drug and kidnap her. She awakens in the clutches of a deranged cult deep in the woods, hellbent on sacrificing her to their God at the stroke of Midnight.",https://image.tmdb.org/t/p/w500/fNOBhibHCkaF0XoousrNohuVlWs.jpg,0,2018-10-31,https://www.themoviedb.org/movie/1151327
Baaz,"Baaz is the story of SP Inder Pal Singh Sidhu. Sidhu is a man on a mission. With complete honesty and full determination, he vows to fight against evil. The movie focuses on the political influence and corruption prevailing in Police. It revolves around Darbara Singh, a businessman cum leader, who is a drug mafia and uses his influence to run his illegal activities right under the nose of Police.",https://image.tmdb.org/t/p/w500/AaRC9GHB0Upoogwo2HWkAqmS9bK.jpg,7,2014-11-07,https://www.themoviedb.org/movie/307916
Rhinegold,"Xatar’s way from the ghetto to the top of the charts is as dramatic as it is daring: Fatih Akin’s new film is based on the autobiographical novel »Alles oder Nix« (»All or Nothing«) of the probably most authentic exponent of German gangsta rap. From the hell of an Iraqi jail, Giwar Hajabi (Emilio Sakraya) emigrated to Germany as a young boy with his family in the mid-1980s and has to start right at the bottom. There are opportunities, but far more obstacles. Giwar’s rise from petty criminal to major dealer is swift. Until one shipment goes missing. In order to clear his debts with the cartel, he plans a legendary gold heist. But just as everything goes wrong, another door opens for Giwar thanks to his passion for music …",https://image.tmdb.org/t/p/w500/aUtbh1sFpCWEZlABXNjOugCbt88.jpg,6.545,2022-10-27,https://www.themoviedb.org/movie/912726
"The Grudge","An American nurse living and working in Tokyo is exposed to a mysterious supernatural curse, one that locks a person in a powerful rage before claiming their life and spreading to another victim.",https://image.tmdb.org/t/p/w500/5AGB8FVELnhMMw3nO372sw1xp58.jpg,5.915,2004-10-22,https://www.themoviedb.org/movie/1970
"Still Alice","Alice Howland, happily married with three grown children, is a renowned linguistics professor who starts to forget words. When she receives a devastating diagnosis, Alice and her family find their bonds tested.",https://image.tmdb.org/t/p/w500/yY6ypZPQl67J4RwOA6YBALNS3Wj.jpg,7.5,2014-12-05,https://www.themoviedb.org/movie/284293
"After Tomorrow","In the Depression, Pete and Sidney are good kids, working hard, giving money to their parents, and engaged for three years while they save to get married. Each has a selfish mother: Sydney's is cold, Pete's is clingy. Sidney's mother is looking for her own happiness, no matter how much that search harms her daughter and long-suffering husband; and, the longer the engagement lingers, the more pressure Pete's mom puts on Sidney to break it off and set her son free. ""After Tomorrow"" is Pete and Sidney's favorite song, but with illness, poverty, and temptation: will that good day ever come?",https://image.tmdb.org/t/p/w500/sWL7mnRofdgeU6t1hn8x9VdSxMl.jpg,5.8,1932-03-06,https://www.themoviedb.org/movie/123059
Bhairavam,"The relationship between three childhood friends begins to crumble as their loyalty is tested.",https://image.tmdb.org/t/p/w500/dT4zhRKIgRLcoSOWbxsA6vMWLxx.jpg,3,2025-05-30,https://www.themoviedb.org/movie/1388451
"Bright Lights","Tom loves Patsy, but she lives in the city while he is every bit the country bumpkin. When an invention of his sells, he decides to take the money and go to the city. There he will show Patsy that he can be just what he thinks she wants: a city slicker. But Patsy yearns for the simple pleasure of her country boy, Tom, and is shocked at what shows up at her door.",https://image.tmdb.org/t/p/w500/uPbyvD8VGiEttygnEOZbruPw13W.jpg,0,1925-11-15,https://www.themoviedb.org/movie/544760
Elektra,"In the spring of 2024, the Berliner Philharmoniker, under the direction of their chief conductor Kirill Petrenko, presented a staged production of Richard Strauss’s thrilling and dark opera Elektra – the highlight of the Baden-Baden Easter Festival. The title role was sung by the acclaimed soprano Nina Stemme. Philipp Stölzl, who has caused a sensation with his spectacular productions on the lake stage at the Bregenz Festival, was the director and set designer.",https://image.tmdb.org/t/p/w500/7RWDvWc49xJL8TlmxfjlcGvyCyD.jpg,0,,https://www.themoviedb.org/movie/1508741
"Enemy Mine","A soldier from Earth crashlands on an alien world after sustaining battle damage. Eventually he encounters another survivor, but from the enemy species he was fighting; they band together to survive on this hostile world. In the end the human finds himself caring for his enemy in a completely unexpected way.",https://image.tmdb.org/t/p/w500/a3dr9L8VIjhEvivzQ2M12VQDere.jpg,6.942,1985-12-12,https://www.themoviedb.org/movie/11864
"The Tomorrow War","The world is stunned when a group of time travelers arrive from the year 2051 to deliver an urgent message: Thirty years in the future, mankind is losing a global war against a deadly alien species. The only hope for survival is for soldiers and civilians from the present to be transported to the future and join the fight. Among those recruited is high school teacher and family man Dan Forester. Determined to save the world for his young daughter, Dan teams up with a brilliant scientist and his estranged father in a desperate quest to rewrite the fate of the planet.",https://image.tmdb.org/t/p/w500/34nDCQZwaEvsy4CFO5hkGRFDCVU.jpg,7.49,2021-09-03,https://www.themoviedb.org/movie/588228
"Saw VI","Special Agent Strahm is dead, and Detective Hoffman has emerged as the unchallenged successor to Jigsaw's legacy. However, when the FBI draws closer to Hoffman, he is forced to set a game into motion, and Jigsaw's grand scheme is finally understood.",https://image.tmdb.org/t/p/w500/cT7ufx1x6OKoi3bpUCWf2eV446G.jpg,6.3,2009-10-22,https://www.themoviedb.org/movie/22804
"The Whiskey Bandit","Between 1993 and 1999, one man robbed 29 financial institutions in Budapest. Banks, post offices and even travel agencies fell victim to his crime spree. The police had no leads and no hope of finding him during his six-year stint. The only clue left behind at the crime scenes was the distinct aroma of whiskey. The media christened him the “Whiskey Bandit”. Never physically harming anyone, many began to eagerly follow his escapades through the media. A Transylvanian immigrant, who also happened to be a goalie for one of the city's largest hockey teams, named Attila Ambrus, was finally identified as the “Whiskey Bandit”. The police had finally captured him... or so they thought.",https://image.tmdb.org/t/p/w500/uaL59BF0jcHsvqxx3SSho3ZLAiY.jpg,6.4,2017-11-23,https://www.themoviedb.org/movie/401600
Rememory,"The widow of a wise professor stumbles upon one of his inventions that's able to record and play a person's memory.",https://image.tmdb.org/t/p/w500/qz3mvkpTOQOEqzxenvaaObOMarj.jpg,6.095,2017-09-08,https://www.themoviedb.org/movie/395814
"Discovering Ella","The (mostly) true story of the greatest jazz drummer you've never heard of who stumbled upon a 16-year-old singer and nurtured her into a legend.",https://image.tmdb.org/t/p/w500/qkQLOTPEUEuiTXiMffMlh6B6i92.jpg,0,2023-07-08,https://www.themoviedb.org/movie/1337141
"Jungle of Screaming Death","Unbridled lust and passion boil over in W.A.V.E.’s steamy production of the JUNGLE OF SCREAMING DEATH starring Tina Krause, Pamela Sutch, and Chuck Simpson. Set in the early 1900’s, this erotic thriller follows the return of Amelia (Tina) to her now deceased Grandfather’s plantation where her cousin Karlotta (Pamela) and her husband, Hans (Chuck) now live. Amelia’s return sets the stage for a violent confrontation between herself and Karlotta over Amelia’s love affair with Hans years earlier. Karlotta’s plan for revenge leads to tragedy for all of them! Amelia finds herself stabbed, strangled and shot! Karlotta is shoved into a deadly quicksand pit and left to sink! And Hans becomes the victim of a woman scorned! Sizzling passion and erotic action make this W.A.V.E.’s sexiest thriller ever!",https://image.tmdb.org/t/p/w500,0,1999-01-01,https://www.themoviedb.org/movie/444918
Exterritorial,"When her son vanishes inside a US consulate, ex-special forces soldier Sara does everything in her power to find him — and uncovers a dark conspiracy.",https://image.tmdb.org/t/p/w500/micQGmD3K7Ni0wzyaSgBKGxrFWn.jpg,6.615,2025-04-29,https://www.themoviedb.org/movie/1233069
"The Rail Joint : Can't Stay Faithful To My Husband","A film from ""Spring,"" the fourth group of works from the Love & Eros CINEMA COLLECTION 2nd season. Humorously depicts the emotions of a housewife troubled by her sexless marriage. Homemaker Ryoko (Komatsu Miyuki) is irritated with her husband (Tayama Ryosei), who doesn't help out with household chores or child rearing. Ryoko starts working part-time for fun, and meets aspiring actor Yahata (Kaai Gamo). Having reaffirmed her identity as a woman, Ryoko fans Yahata's delusions about love.",https://image.tmdb.org/t/p/w500/oiUZnbQOFLaU65cGvwDUCDIfmKK.jpg,0,2013-03-30,https://www.themoviedb.org/movie/1372496
"Demon Slayer -Kimetsu no Yaiba- The Movie: Mugen Train","Tanjiro Kamado, joined with Inosuke Hashibira, a boy raised by boars who wears a boar's head, and Zenitsu Agatsuma, a scared boy who reveals his true power when he sleeps, boards the Infinity Train on a new mission with the Fire Hashira, Kyojuro Rengoku, to defeat a demon who has been tormenting the people and killing the demon slayers who oppose it!",https://image.tmdb.org/t/p/w500/h8Rb9gBr48ODIwYUttZNYeMWeUU.jpg,8.2,2020-10-16,https://www.themoviedb.org/movie/635302
Zola,"A waitress agrees to accompany an exotic dancer, her put-upon boyfriend, and her mysterious and domineering roommate on a road trip to Florida to seek their fortune at a high-end strip club.",https://image.tmdb.org/t/p/w500/bJLCPROp9bmNndurwZpVnOioVpB.jpg,6.194,2021-06-30,https://www.themoviedb.org/movie/539565
"Self Storage","Jake is the overnight security guard at a highly-secured Self Storage facility in rural Rhode Island. When his friend's party plans fall through, he invites them to his job site to throw a fiesta of his own. There couldn't be a better location: removed, no people, nothing but party... right? Innocent mischief turns a naughty night of fun into an evening of horror. We soon learn that some things were meant to stay under lock and key and certain places were supposed to be left undisturbed. The kids aren't the only ones at the self storage facility who are looking for a night of fun.",https://image.tmdb.org/t/p/w500/rYcMwK3kOC3xyJU4WcnjV6KFUVl.jpg,3.929,2013-09-16,https://www.themoviedb.org/movie/222299
Noel,"Christmas Eve in New York, and the lonely divorced publisher, Rose Collins, needs a miracle to improve the health of her mother, interned in a hospital with Alzheimers. She feels sorry for another patient and meets his visitor. Meanwhile, Nina Vasquez breaks her engagement with her beloved fiancé Mike due to his suffocating jealousy, but misses him. Mike is stalked by a stranger, bartender Artie Venzuela. The poor Jules arranges to spend Christmas Eve in the hospital, where he spent the best Christmas of his life when he was a teenager. The lives of some of these characters cross with others along the night.",https://image.tmdb.org/t/p/w500/pPYlVwLF8mRFxCiXFxHeFN0d4ON.jpg,5.8,2004-11-12,https://www.themoviedb.org/movie/41171
"Crooked House","A private investigator helps a former flame solve the murder of her wealthy grandfather, who lived in a sprawling estate surrounded by his idiosyncratic family.",https://image.tmdb.org/t/p/w500/AewyKG2cvgZQBG4XU6SVomfu1k5.jpg,6.4,2017-09-06,https://www.themoviedb.org/movie/419835
"The Animals","A woman tracks down the three men who raped her, helped by an Apache. Traveling through the Old West to her new home, young schoolteacher Alice McAndrew is abducted by five outlaws headed by robber Pudge Elliott. The thugs rape Alice before leaving her for dead, but she is rescued by Chatto, an Apache chief. He restores her health and aids her in her bloodthirsty quest for revenge. With her sanity wavering, will Alice be able to find the men who tortured her?",https://image.tmdb.org/t/p/w500/4ww0D6wNLyIR56eKm3LXjYCBYxA.jpg,3.455,1970-03-09,https://www.themoviedb.org/movie/79192
"Steel Magnolias","In an updated contemporary version of the beloved stage play and 1989 film, ""Steel Magnolias"" chronicles the lives and friendship of six women in Louisiana. Supporting each other through their triumphs and tragedies, they congregate at Truvy’s beauty shop to ponder the mysteries of life and death, husbands and children - and hair and nails - all the important topics that truly unite and celebrate women.",https://image.tmdb.org/t/p/w500/vrJOLBM6XAv7oBf3jlK3Lt3L49a.jpg,7,2012-10-07,https://www.themoviedb.org/movie/136718
"The Animals","A woman tracks down the three men who raped her, helped by an Apache. Traveling through the Old West to her new home, young schoolteacher Alice McAndrew is abducted by five outlaws headed by robber Pudge Elliott. The thugs rape Alice before leaving her for dead, but she is rescued by Chatto, an Apache chief. He restores her health and aids her in her bloodthirsty quest for revenge. With her sanity wavering, will Alice be able to find the men who tortured her?",https://image.tmdb.org/t/p/w500/4ww0D6wNLyIR56eKm3LXjYCBYxA.jpg,3.455,1970-03-09,https://www.themoviedb.org/movie/79192
"Steel Magnolias","In an updated contemporary version of the beloved stage play and 1989 film, ""Steel Magnolias"" chronicles the lives and friendship of six women in Louisiana. Supporting each other through their triumphs and tragedies, they congregate at Truvy’s beauty shop to ponder the mysteries of life and death, husbands and children - and hair and nails - all the important topics that truly unite and celebrate women.",https://image.tmdb.org/t/p/w500/vrJOLBM6XAv7oBf3jlK3Lt3L49a.jpg,7,2012-10-07,https://www.themoviedb.org/movie/136718
"Term Life","If Nick Barrow can stay alive for 21 days, he'll die happy. Everyone Nick knows wants him dead; Mob bosses, contract killers, and dirty cops. Performing the last act of a desperate man, Nick takes out a million dollar insurance policy on himself, payable to his estranged daughter. The problem? The policy doesn't take effect for 21 days. Nick knows they'll be lucky to be alive for twenty-one hours.",https://image.tmdb.org/t/p/w500/9oAVYDh7RHW3wzQWbGsRB7RFE6J.jpg,5.957,2016-04-29,https://www.themoviedb.org/movie/257440
"King Kong en Asunción","An old hired killer is hiding in the interior of Bolivia, in the desert region of the Salar de Uyuni. You just committed your last murder. After months in isolation, he travels to the interior of Paraguay where he receives a good reward and heads to Asunción with the aim of meeting his daughter.",https://image.tmdb.org/t/p/w500/oyAqNsaiDvfMuEGamVCWyjIECBv.jpg,7.2,2020-09-17,https://www.themoviedb.org/movie/739455
"The Commitments","Jimmy Rabbitte, just a thick-ya out of school, gets a brilliant idea: to put a soul band together in Barrytown, his slum home in north Dublin. First he needs musicians and singers: things slowly start to click when he finds three fine-voiced females virtually in his back yard, a lead singer (Deco) at a wedding, and, responding to his ad, an aging trumpet player, Joey ""The Lips"" Fagan.",https://image.tmdb.org/t/p/w500/iccBDq9aS1gwi6b8aJjBgPU4t2D.jpg,7.255,1991-08-14,https://www.themoviedb.org/movie/11663
"The Mask","Bank clerk Stanley Ipkiss is transformed into a manic superhero when he wears a mysterious mask.",https://image.tmdb.org/t/p/w500/jPC2eYub74zwf2tPGVtzSlBW6Oy.jpg,7,1994-07-29,https://www.themoviedb.org/movie/854
"The Fury","When a devious plot separates CIA agent Peter Sandza from his son, Robin, the distraught father manages to see through the ruse. Taken because of his psychic abilities, Robin is being held by Ben Childress, who is studying people with supernatural powers in hopes of developing their talents as weapons. Soon Peter pairs up with Gillian, a teen who has telekinesis, to find and rescue Robin.",https://image.tmdb.org/t/p/w500/tkIXykrfndqf11Lb7U5RbIRa13b.jpg,6.291,1978-03-10,https://www.themoviedb.org/movie/12611
"The Undertaker","A deranged undertaker kills various people to keep as his friends in his seedy funeral home.",https://image.tmdb.org/t/p/w500/omc9Lb1IGVIUk0QiFBs1olX3Lln.jpg,5.14,1988-11-01,https://www.themoviedb.org/movie/138997
After.Life,"Following a terrible car crash, a woman awakes to find an enigmatic mortician preparing her for burial.",https://image.tmdb.org/t/p/w500/ty43RTdSBpL3VjBJWeRoKhFg7hF.jpg,6.327,2009-11-07,https://www.themoviedb.org/movie/36419
Joker,"During the 1980s, a failed stand-up comedian is driven insane and turns to a life of crime and chaos in Gotham City while becoming an infamous psychopathic crime figure.",https://image.tmdb.org/t/p/w500/udDclJoHjfjb8Ekgsd4FDteOkCU.jpg,8.131,2019-10-01,https://www.themoviedb.org/movie/475557
"Fortune Cookies","So, you're a talented young actor. It's the eve of your theatrical debut. Would you turn down your big break to help save the family business? And appear with them on their favorite TV game show? Fortune Cookies is the debut feature film from Writer/Director Brenda Lee. Shot in Northampton, UK, by Screen Northants.",https://image.tmdb.org/t/p/w500/pd7QyqYXGLKkTQZyacQd4gk9xK6.jpg,0,,https://www.themoviedb.org/movie/933971
"Fistful of Vengeance","A revenge mission becomes a fight to save the world from an ancient threat when superpowered assassin Kai tracks a killer to Bangkok.",https://image.tmdb.org/t/p/w500/3cccEF9QZgV9bLWyupJO41HSrOV.jpg,5.611,2022-02-17,https://www.themoviedb.org/movie/890656
"Orlando, Now","A re-framing both of Virginia Woolf’s 1928 novel Orlando, and of Potter’s film of the same name. Through song and dance, the new film will explore Orlando’s 400 year journey, with questions of class, race, sex, Britain’s imperialist history and what it means to be British now. In a departure from the original novel and film, a Black narrator and chorus will operate as a guide for the audience, bringing to light stories that were not told in the book and its adaptation.",https://image.tmdb.org/t/p/w500,0,,https://www.themoviedb.org/movie/1129107
"Stenographer Wanted","Two businessmen need to hire a stenographer, but their wives get suspicious when they notice a parade of beautiful young women entering and leaving their husbands' office.",https://image.tmdb.org/t/p/w500,4,1912-02-26,https://www.themoviedb.org/movie/420104
"Bad Genius","A highly-gifted student sees an opportunity to escape her roots by helping wealthy classmates cheat on key exams, but at great risk to her future.",https://image.tmdb.org/t/p/w500/h5hONXZ4hPgniv1DXMB1IZohhpO.jpg,6.633,2024-09-12,https://www.themoviedb.org/movie/934866
Eva,"A playwright encounters a mysterious woman when he takes shelter in a chalet during a violent snowstorm and becomes obsessed with her.",https://image.tmdb.org/t/p/w500/iDIQvVf8ZyAxf3WzJhbn15hpXPK.jpg,4.44,2018-03-07,https://www.themoviedb.org/movie/431135
"The Terror","Lt. Andre Duvalier awakens on a beach to the sight of a strange woman who leads him to the gothic, towering castle that serves as home to an eerie baron.",https://image.tmdb.org/t/p/w500/7ls64LquXB0nc5MkJFWyWaXlBLj.jpg,5.153,1963-06-17,https://www.themoviedb.org/movie/31655
"Leo Mania","He's the Hollywood Heartthrob who starred in the most successful movie in history, the $2 billion theatrical box office blockbuster Titanic and received am Academy Award nomination when he was still in his teens. He's the modern day James Dean who set the screen on fire in William Shakespeare's Romeo &amp; Juliet, and has captured female hearts from teenagers to senior citizens.",https://image.tmdb.org/t/p/w500,0,1998-08-16,https://www.themoviedb.org/movie/379390
Litsonero,"SYNOPSIS. Fidel (Paolo Contis) is a fresh culinary arts graduate from a Swiss school, working as an under-chef in a casino restaurant in Macau. Fidel is compelled by his mother, Inay Viring (Maricel Laxa), to come back to their hometown in time for the first death anniversary of his father. Fidel starts apprenticing with the town's lechon master, Mang Carding (Jun Urbano) and falls in love with Carding's granddaughter, Carmel (Karylle). As the story moves forward, Fidel is constantly confronted by his familly's over-dependence on him, even if the eldest in the family is his Kuya Roger (Gerard Pizzaras), an ill-tempered trisikad driver. Meanwhile, Fidel's teen sister gets pregnant by her high school boyfriend, and before long has a bad miscarriage. At around the same time, Tiyo Pinoy (Michael de Mesa) stabs the lover of his wife Cora (Joanne Quintas). All this domestic turmoil happens while Fidel is struggling through his training as a litsonero with Mang Carding.",https://image.tmdb.org/t/p/w500/n49x7Ne6Gh8atwXAYbnkaYNgaZo.jpg,0,2009-05-20,https://www.themoviedb.org/movie/77382
"The Veteran","Soldier Robert Miller returns home from Afghanistan unable to fit back into society. Living on a violent council estate and finding work in undercover surveillance, he becomes obsessed with taking down a group of local gangsters who are intrinsically tied to a suspected terrorist cell. Taking the situation into his own hands, Robert embarks on a brutal quest for justice, with devastating consequences.",https://image.tmdb.org/t/p/w500/i1gSsXTWtCmNQArmIeUpAysHEmi.jpg,5.797,2011-04-29,https://www.themoviedb.org/movie/70196
LOVEME2030,"Paris, like the other metropolitan cities in Europe, was flourishing because of new crossing urbanities, while tension was born between the conservative and the new types of Europeans. By the year of 2030, the new races of Europeans have a chance to return to their hometown where the standard of living began to improve. In anticipating the exodus of reverse migration, LOVEME2030 wishes to defer the unfinished love stories until year 2030. Love me, not now, not here. LOVE ME when I am gone.",https://image.tmdb.org/t/p/w500/mkJ9maDVX7k2xAAsvgfTNfYanRm.jpg,4,2005-05-01,https://www.themoviedb.org/movie/778894
Biggles,"Unassuming catering salesmen Jim Ferguson falls through a time hole to 1917 where he saves the life of dashing Royal Flying Corps pilot James ""Biggles"" Bigglesworth after his photo recon mission is shot down. Before he can work out what has happened, Jim is zapped back to the 1980s......",https://image.tmdb.org/t/p/w500/9dsO33VTBp265IQDcLG2HNFtUdO.jpg,5.158,1986-05-30,https://www.themoviedb.org/movie/22976
"The Remnant","A team of con artists posing as paranormal investigators steal from the home of an affluent elderly woman, only to find themselves unleashing a dormant malevolent spirit.",https://image.tmdb.org/t/p/w500/1sDTrClP9dh38EkqECoYIseYVLt.jpg,5.5,2019-11-26,https://www.themoviedb.org/movie/650716
"Strange Compulsion","Young bright medical student Fred has a dark secret - he's a peeping tom!",https://image.tmdb.org/t/p/w500/gNbhQSiQCPmgJgQopEQMYClTIh3.jpg,3,1964-12-01,https://www.themoviedb.org/movie/208282
Eva,"The story tells a lawyer with a personality disorder, freeing a criminal, then becoming a ruthless woman. Trapped in one body, Eva, Mike and Amy are 3 separate individual trapped in one body. Eva is well renowned lawyer who was diagnosed with split personalities. Mike and Amy are her alters developed from her traumatic childhood caused by her own father. Elly, Eva's sister has always been there for her since day one. Miqal, Eva's son too has been well accustom to Eva's alters. Driven by vengeance that her father had caused her, Eva and her alters started to plan to set revenge on the rapist that Eva had set free. Miqal become to get suspicious when he saw weird happening in the house through his ""cctv"".",https://image.tmdb.org/t/p/w500/7cOrrScfQvUbbMtOQkGO1HpXZ1Y.jpg,2,2023-01-26,https://www.themoviedb.org/movie/1059634
"Voodoo Possession","Imagine an insatiable demon that feeds on blood, thrives on pain, and reaches from beyond the grave to torment the living...and the dead. For believers and skeptics alike, there is nothing in this world or the next to rival the relentless evil of a Voodoo Possession. Burdened since childhood with a gnawing sense of guilt, cynical Aiden Chase journeys to a Haitian insane asylum in search of his missing brother. Upon arriving, he discovers all the inmates and the hospital administrator (Danny Trejo, Machete) are seemingly possessed by a bloodthirsty voodoo spirit. Now, Aiden must abandon reality and descend into a terrifying spirit world to try to rescue his brother - or they will both be damned for eternity.",https://image.tmdb.org/t/p/w500/nuHQxaA1ei3flajBZgyFoqffQYR.jpg,3.1,2014-01-14,https://www.themoviedb.org/movie/245589
"Dark Dungeons","College freshmen Debbie and Marcie are excited to start their new lives at a Pacific Northwest university but after being invited to a Zeta Omega Epsilon party the two suddenly find themselves in the strange and occult world of Role Playing Games.  The duo are soon hooked on the highly addictive experience that is RPGing and the game quickly becomes a habit that consumes their lives. After Debbie’s intense pagan training through the RPGs lead her to accept an invitation to join a witches’ coven, her grades begin to plummet and she is in danger of flunking out of college. She calls on darker and deeper magical forces to use a “mind bondage” spell on her professor. Meanwhile, Marcie foolishly reads from the Necronomicon and summons Cthulhu.",https://image.tmdb.org/t/p/w500/ztwYgEmSfx5tbCBDeuGx6U0Bqng.jpg,2.9,2014-08-15,https://www.themoviedb.org/movie/286805
"A Very Special Love","Laida Magtalas is a modern-day Belle who works hard to provide for her family while hoping that someday she will meet her prince charming and that they will live happily ever after together. That would-be prince charming is none other than ""Miggy"", the youngest member of the Montenegro clan — a well established family in the business world. Moony Laida's desire to finally meet Miggy leads her to apply as an Editorial Assistant at his newly launched men’s magazine, ""Bachelor"". In spite of the fact that a relationship with Miggy may prove to be a long shot, Laida revels working in such close proximity with the man of her dreams.",https://image.tmdb.org/t/p/w500/eggMe506MiKRzDKuY1yAO71sUGY.jpg,7.3,2008-08-03,https://www.themoviedb.org/movie/52800
"Gun Smoke","U. S. Marshals Nevada Jack McKenzie and Sandy Hopkins come upon an overturned stagecoach with the driver and the passenger dead. They learn that the passenger, Hinkley, an archaeologist, has discovered an old Indian site that contains gold relics, and a gang has robbed him of the relics he was carrying. Jane Condon, daughter of Hinkley's partner who was also murdered, tells Nevada that an old Indian guide, Shag, is the only one who knows where the site is. The outlaws find Shag first, and kill him after forcing the information from him. Hinkley's son, Joel, arrives and knows where the site is and leads Nevada and Sandy there ahead of the outlaws.",https://image.tmdb.org/t/p/w500/h1RZ01uOnEu7RlfysLzgOnasmDl.jpg,4.8,1945-02-16,https://www.themoviedb.org/movie/358617
"Tea Time","A grand-mother replaces her old companion robot by a more recent one. But things won’t go as expected…",https://image.tmdb.org/t/p/w500/3TXZtB4giXbQFG4nAoHSJDfijuo.jpg,6.5,2015-09-03,https://www.themoviedb.org/movie/719538
Abigail,"A group of criminals kidnap a teenage ballet dancer, the daughter of a notorious gang leader, in order to obtain a ransom of $50 million, but over time, they discover that she is not just an ordinary girl. After the kidnappers begin to diminish, one by one, they discover, to their increasing horror, that they are locked inside with no normal little girl.",https://image.tmdb.org/t/p/w500/5gKKSoD3iezjoL7YqZONjmyAiRA.jpg,6.721,2024-04-16,https://www.themoviedb.org/movie/1111873
Ejecta,"Two men witness an unexplainable event in the sky as a historic solar storm approaches, and they try to survive as a terrifying life form hunts them.",https://image.tmdb.org/t/p/w500/wMF7hBnoUhVjjDZcTZqaO1iZ378.jpg,3.732,2014-09-24,https://www.themoviedb.org/movie/266433
"Hollow Point","Livingston is trying to merge the Russians, Chinese and Italian gangsters into one group with huge amounts of money and power. FBI agent Susan and DEA agent Max are trying to stop them.",https://image.tmdb.org/t/p/w500/1fb03z1y3Ruz6HLgh7OS35A5CCw.jpg,5.03,1996-10-21,https://www.themoviedb.org/movie/58028
Posse,"A group of mostly black infantrymen return from the Spanish-American War with a cache of gold. They travel to the West where their leader searches for the men who lynched his father.",https://image.tmdb.org/t/p/w500/rdlqu3eweNIa9CHpyysASyh5AtE.jpg,5.314,1993-05-14,https://www.themoviedb.org/movie/36233
WALL·E,"What if mankind had to leave Earth and somebody forgot to turn the last robot off? After hundreds of years doing what he was built for, WALL•E discovers a new purpose in life when he meets a sleek search robot named EVE. EVE comes to realize that WALL•E has inadvertently stumbled upon the key to the planet's future, and races back to space to report to the humans. Meanwhile, WALL•E chases EVE across the galaxy and sets into motion one of the most imaginative adventures ever brought to the big screen.",https://image.tmdb.org/t/p/w500/hbhFnRzzg6ZDmm8YAmxBnQpQIPh.jpg,8.103,2008-06-22,https://www.themoviedb.org/movie/10681
Michael,"The story of Michael Jackson's life beyond the music, tracing his journey from the discovery of his extraordinary talent as the lead of the Jackson Five, to the visionary artist whose creative ambition fueled a relentless pursuit to become the biggest entertainer in the world.",https://image.tmdb.org/t/p/w500/dLhIYRptZACtKbQ3Lyf9wbqZKFT.jpg,0,2026-04-22,https://www.themoviedb.org/movie/936075
Indian,"DCP Raksekhar Azad (Raj) is an invincible cop with a great aim. He arrests a terrorist by the name of Khan. But Khan lands in a prison cell that looks cushier than the Buckingham Palace. However, this gets Raj promoted, and he is congratulated by none other than his father-in-law, who is also a very high ranking policeman. Then all of a sudden, Raj finds out that many policemen would like to see Khan go free. He discusses this issue with his father-in-law, and to his surprise, does not find any support from him. Disagreements and arguments ensue, and as a result, his father-in-law gets killed. The Police suspect Raj of killing him, they begin the process of arresting him, he runs away, while Khan is all set to get freed to do whatever he likes.",https://image.tmdb.org/t/p/w500/kMoS0caFjAsEJFX5HrbMGd4g51T.jpg,5.1,2001-10-26,https://www.themoviedb.org/movie/82575
Aftermath,"Searching for a happy ending to a tale of unimaginable disaster and horror, nine strangers find themselves holed up together in a farmhouse cellar in rural Texas. The United States has hastily become embroiled in World War 3. A young doctor named Hunter survives the nuclear attack and is thrown together by happenstance with a group of wounded and frightened victims, including Elizabeth, a strong-willed confidant to Hunter, Brad - an antagonistic redneck jackass, and Jennifer, a barely coherent young woman suffering from severe post-traumatic stress. Together, they attempt to endure the devastating holocaust as they struggle with claustrophobia and conflicting personalities. In a makeshift shelter, Hunter and his dying companions wait for news from the government while fending off hunger, radiation sickness, and a horde of frightened and dying refugees",https://image.tmdb.org/t/p/w500/3QsMEN5Vkjusez9Q1bZTaFJJWOM.jpg,4.727,2014-07-18,https://www.themoviedb.org/movie/188839
Endgame,"Sex is currency. It commands power and can instill fear. Tom, a young man with a troubled past finds himself sucked into a seedy underworld by George Norris, a now super villain with a sadistic streak. A helpless pawn in one of Norris's narcotic scams with a bent cop, Dunston, Tom is dragged deeper into a vicious circle of blood money, vice and ruthless violence from which their seems no way out. Until fate gives Tom a glimmer of hope. When Norris is killed in his apartment, Tom seizes his chance to escape. Terrified and covered in Norris's blood, Tom heads downstairs to his neighbors, Max and Nikki his new friends in the city. With going to the police out of the question, Max and Nikki speed Tom to their desolate cottage deep in the Welsh countryside. With the luxury of space, Tom begins to realize a long-forgotten dream; a return to happier times before his innocence was shattered. Suppressed emotion flood back provoked by Tom's attraction to Nikki...",https://image.tmdb.org/t/p/w500/ogpTYLw25X4798zyg9DxfoNOnki.jpg,4.308,2001-10-12,https://www.themoviedb.org/movie/51491
"Stallion Canyon","It took a lot of courage to set up a new production company devoted to ""B"" westerns in 1949, a year when the genre was showing signs of winding down. Filmed in Trucolor, Stallion Canyon was the maiden effort from Kanab Productions, a Utah-based organization. Former Sons of the Pioneers vocalist Ken Curtis made his starring debut in this one, playing a ranch foreman who does his best to track down a rogue stallion. The rest of the cast is comprised of unknowns, save for villains Ted Adams and Forrest Taylor. Cheaply produced, Stallion Canyon has the twin advantages of a relatively new leading man and excellent location photography.",https://image.tmdb.org/t/p/w500/eDQUr48t3gsHZJjgkHcBk5sfMlD.jpg,0,1949-06-15,https://www.themoviedb.org/movie/457224
"The Zone of Interest","The commandant of Auschwitz, Rudolf Höss, and his wife Hedwig, strive to build a dream life for their family in a house and garden next to the camp.",https://image.tmdb.org/t/p/w500/hUu9zyZmDd8VZegKi1iK1Vk0RYS.jpg,7.006,2023-12-15,https://www.themoviedb.org/movie/467244
"Sol Madrid","Government agent Sol Madrid travels to Mexico with hooker Stacey to bring mobster Villanova and drug kingpin Dietrich to justice.",https://image.tmdb.org/t/p/w500/x4QBMc3rqzXBveLj1A0bWzeYmTh.jpg,6.4,1968-02-07,https://www.themoviedb.org/movie/139328
"The Gang That Sold America","Now an agent of Interpol undercover, the former Inspector Giraldi, goes to New York to find his friend Salvatore Esposito, aspiring restaurateur in Little Italy, suffocated by debts with the usurers headed by Don Gerolamo. He will remove the gang and assure her of justice, but she will suffer the advances of the Boss's daughter, the ugly Maria Sole.",https://image.tmdb.org/t/p/w500/mmMnrnRIYMZJnOZYakUPsbWy6bV.jpg,5.448,1979-03-01,https://www.themoviedb.org/movie/52238
Stripes,"Hard-luck cabbie John Winger, directionless after being fired from his job and dumped by his girlfriend, enlists in the U.S. Army with his close pal, Russell Ziskey. After his barely satisfactory performance in basic training, the irreverent Winger emerges as the figurehead for a ragtag band of misfits. However, his hijinks threaten to cause an international scandal when he inadvertently commandeers a military assault vehicle behind enemy lines.",https://image.tmdb.org/t/p/w500/toyyN62VLUXoUudFbHPdrrmRFSZ.jpg,6.564,1981-06-26,https://www.themoviedb.org/movie/10890
Magic,"A ventriloquist is at the mercy of his vicious dummy while he tries to renew a romance with his high school sweetheart.",https://image.tmdb.org/t/p/w500/edxr6rPbpLh1V6dTiMIiyHNKRi9.jpg,6.817,1978-11-08,https://www.themoviedb.org/movie/34193
"Alois Nebel","A train dispatcher encounters a mute stranger who appears out of nowhere, and finds himself mysteriously involved with a murder in Poland.  The end of the eighties in the twentieth century. Alois Nebel works as a dis­patcher at the small railway station in Bílý Potok, a remote village on the Czech–Polish border. He's a loner, who prefers old timetables to people, and he finds the loneliness of the station tranquil – except when the fog rolls in. Then he hallucinates, sees trains from the last hundred years pass through the station. They bring ghosts and shadows from the dark past of Central Eu­rope. Alois can’t get rid of these nightmares and eventually ends up in sanatorium.  In the sanatorium, he gets to know The Mute, a man carrying an old photograph who was arrested by the police after crossing the border. No one knows why he came to Bílý Potok or who he’s looking for, but it is his past that propels Alois on his journey…",https://image.tmdb.org/t/p/w500/G2WxodRC1RrK411bWOt5Q7tYqq.jpg,7.1,2011-09-04,https://www.themoviedb.org/movie/86819
Cranks,"Cranks is a city symphony focused on several different characters living in the sleepy isolated town of Winnipeg. Formally, the film emulates the aesthetic of a photo album - each new scene a black & white tableau vivant of a new character and setting. Connecting the various characters is the letters they all wrote - very odd ones - to Peter Warren, the radio host of the infamous Action Line program, which was broadcast throughout Canada from 1971-1998. Cranks explores how journalists like Peter Warren, who pioneered an accusatory and belligerent style of reporting, how this angry way of tackling issues has trickled down into our culture, and has impacted and emboldened real lives.",https://image.tmdb.org/t/p/w500/rHOH3zred2qU1ScBKADFXpIShHp.jpg,0,2019-09-30,https://www.themoviedb.org/movie/623313
Carpool,"A man with an important business meeting finds himself having to take care of the carpool for the neighborhood school children when his wife gets sick. Stopping to get donuts for the kids, things go even more awry when he finds himself a victim of a robbery. However, the situation only gets worse as a desperate man who had been contemplating a bank robbery robs the robbers and takes the man and the kids hostage in their van as his truck is blocked by an armored car. The thing then proceeds into a comedic chase movie. The father finds his kids don't really respect him and they react better to the robber. The end result is everyone gets a lifestyle change, including the original store owner.",https://image.tmdb.org/t/p/w500/rYoZR4EtrfziT5WXhZzcNbH5GuE.jpg,5.2,1996-08-23,https://www.themoviedb.org/movie/23945
"Destination Earth","A Martian explorer discovers the secrets behind the USA's prosperity — oil and free enterprise.",https://image.tmdb.org/t/p/w500/doHXzdvY0xZRwAZlzUjpE7XgZcj.jpg,4.6,1956-01-01,https://www.themoviedb.org/movie/226794
Attica,"Follows the largest prison uprising in US history, conducting dozens of new interviews with inmates, journalists, and other witnesses.",https://image.tmdb.org/t/p/w500/8dpc49O7G9B0y2crRbI7hHtbQzB.jpg,6.913,2021-09-09,https://www.themoviedb.org/movie/858059
"For Good","A 13 year old girl is raped and murdered in a small country town. Ten years later, the murderer is up for parole  and the victim's father has vowed personal vengence if the killer is released. Sometime journalist, Lisa, is haunted  by the crime and in confronting the killer she starts a chain of events that puts her own life in danger.",https://image.tmdb.org/t/p/w500/4UrapEPF31vgfxWLnEqZ0c8F6Wp.jpg,5.8,2003-07-17,https://www.themoviedb.org/movie/362706
"Hotel Transylvania","Welcome to Hotel Transylvania, Dracula's lavish five-stake resort, where monsters and their families can live it up and no humans are allowed. One special weekend, Dracula has invited all his best friends to celebrate his beloved daughter Mavis's 118th birthday. For Dracula catering to all of these legendary monsters is no problem but the party really starts when one ordinary guy stumbles into the hotel and changes everything!",https://image.tmdb.org/t/p/w500/eJGvzGrsfe2sqTUPv5IwLWXjVuR.jpg,6.963,2012-09-20,https://www.themoviedb.org/movie/76492
"True Crime","Mary Giordano is a bright, intelligent student who goes to a catholic school. She also has an addiction to mystery novels and detective magazines, which inspire her to do her own detective work. When she starts snooping around on the case of a murderer of teenage girls, it gets her in hot water with her mentor Detective Jerry Gunn. But it also starts a team up with police cadet Tony Campbell. The two work together to find the murderer. But the closer Mary gets to solving the murder, the more danger she puts herself in of being the next victim.",https://image.tmdb.org/t/p/w500/nPYe83tWVSwVFRyWa6f5aaE7bbu.jpg,5.661,1996-03-12,https://www.themoviedb.org/movie/37144
"Prepare to Die","A young man trains in the ways of martial arts to seek vengeance on the corrupt landowner who murdered his family.",https://image.tmdb.org/t/p/w500/m2LXOFhen3eosyKXpmaIZPS4rdM.jpg,5.3,2024-09-18,https://www.themoviedb.org/movie/1217410
"Selfie Dad","Spiraling into a mid-life crisis and feeling disconnected from his family, Ben Marcus, a reality-TV editor, thinks he can only be happy by fulfilling his dream of becoming a professional comedian. Ben posts his stand-up routines to YouTube, and the videos fall flat. Then his tweener son posts Ben miserably failing on a home improvement project, and much to his teenage daughter’s dismay, it goes viral, launching Ben's social-media career as Selfie Dad. Although he quickly becomes an award-winning phenom, no amount of success brings Ben satisfaction. Through his friendship with a young coworker, Mickey, Ben finds the secret to a happy family . . . with his Bible in one hand, and his phone in the other.",https://image.tmdb.org/t/p/w500/xPhqit1DmfsAgC2i4HhZCCXUZW1.jpg,6.6,2020-06-19,https://www.themoviedb.org/movie/487674
"MOON SAGA - Mysteries of Yoshitsune I","The theatre play is set in the late Heian (794–1185) and early Kamakura period (1185–1333) in Japan. The main character is young adult Minamoto no Yoshitsune, from the Minamoto clan. Like previous chapters, it is a historical fiction, a world with supernatural powers and spirits (Mononokes). The idea was to create a story where the Oni (Japanese demons) were the origin of vampires, and eventually of the central character.[19] In the Heian period existed those called as Mononoke (spirits), and Mononofu, who were born between humans and Mononoke, and with special powers dominated both Mononoke and humans. The story from Mysteries of Yoshitsune spreads out when the member with inherited blood crossed over to Europe, and became the progenitor of the later vampires.",https://image.tmdb.org/t/p/w500/1F0HyqgMDYTQI6LrAHAdsqzB97g.jpg,8,2012-07-15,https://www.themoviedb.org/movie/1382424
Hero,"During China's Warring States period, a district prefect arrives at the palace of Qin Shi Huang, claiming to have killed the three assassins who had made an attempt on the king's life three years ago.",https://image.tmdb.org/t/p/w500/vxgZto2Cz7ILHAlmRXt50I2brB2.jpg,7.499,2002-07-22,https://www.themoviedb.org/movie/79
"Mine Own Executioner","Fearing her husband could become a killer, a woman seeks a psychiatrist's help.",https://image.tmdb.org/t/p/w500/3OaVwwLLZlNLIeXGFjaHJCGIT3Y.jpg,7,1947-11-22,https://www.themoviedb.org/movie/74759
"The Equalizer","McCall believes he has put his mysterious past behind him and dedicated himself to beginning a new, quiet life. But when he meets Teri, a young girl under the control of ultra-violent Russian gangsters, he can’t stand idly by – he has to help her. Armed with hidden skills that allow him to serve vengeance against anyone who would brutalize the helpless, McCall comes out of his self-imposed retirement and finds his desire for justice reawakened. If someone has a problem, if the odds are stacked against them, if they have nowhere else to turn, McCall will help. He is The Equalizer.",https://image.tmdb.org/t/p/w500/9u4yW7yPA0BQ2pv9XwiNzItwvp8.jpg,7.281,2014-09-24,https://www.themoviedb.org/movie/156022
"The Revenge","Luxembourg is a small country in the heart of Europe. It's a multi-cultural society, foreigners representing almost 40% of its population.  It's famous for its forward-thinking social policies and - especially - for its financial services.  It used to be known for its steel industry and it still boasts one of the most important media groups in the world.  But it's certainly not known either for soccer or unemployment.  So this is 'Revanche's' recipe: take Luxembourg's unemployed. Put them in business suits. Encourage them to create an international football club which begins to win all its matches.  Into this strange mix, throw in a bunch of international criminals, and a bevy of glamorous Eastern European dream creatures all looking for husbands, fame and fortune.  The result is a delicious humanist fable, a comedy in which love conquers money.",https://image.tmdb.org/t/p/w500/5OwygwUZRNJoNt5VJ4umkFuauaG.jpg,0,2004-10-01,https://www.themoviedb.org/movie/439644
"On the Roof","A group of Spanish boys take advantage of a high roof to ogle a sunbathing woman, but the presence of an adjacent male nude complicates matters.",https://image.tmdb.org/t/p/w500/2oTN2WSKQNak5IFNhnxl4N8CbCf.jpg,5.923,2015-10-28,https://www.themoviedb.org/movie/389685
"Maintenance Required","Charlie, the fiercely independent owner of an all-female mechanic shop, is forced to reevaluate her future when a flashy corporate competitor moves in across the street. Seeking comfort, she turns to an anonymous online confidant - unaware she's confiding in Beau, the very rival threatening her business. As sparks fly both online and off, the truth threatens to blow everything apart.",https://image.tmdb.org/t/p/w500/lM7Q1y0pmHPWZCPmGkAWGKdgu6W.jpg,5.902,2025-10-07,https://www.themoviedb.org/movie/1352755
"Blind Trust","An immigration lawyer is unwittingly entangled in a money-laundering scheme where his only chance to survive is to confront the same people who set him up.",https://image.tmdb.org/t/p/w500/v5wUsnkw1yP9Z8YxAly3YurQN77.jpg,8,2021-09-22,https://www.themoviedb.org/movie/897865
Drone,"Ideologies collide with fatal results when a military drone contractor meets an enigmatic Pakistani businessman.",https://image.tmdb.org/t/p/w500/o1Zp7DBOkxDhGCg6fXhuaFaFwsN.jpg,5.326,2017-05-26,https://www.themoviedb.org/movie/452068
"Being Earnest","A Groovy 1960s Musical Take on Wilde’s Most Popular Play. Being Earnest takes place in a mod, 1960’s, Austin Powers-era setting. All of the brilliant wit in Wilde’s most popular play intact in this effervescent musical about two young couples and the societal conventions, over-bearing mothers, and misplaced handbags in railway stations that they must overcome in the course of finding true love. The score is a sparkling homage to 1960’s rock groups such as Herman’s Hermits, The Dave Clark Five, The Rolling Stones, The Seekers, The Hollies, The Lovin’ Spoonful and more.",https://image.tmdb.org/t/p/w500/5fipVoEwAnOkhhhfaVToy2XF3Yc.jpg,0,2021-09-17,https://www.themoviedb.org/movie/1102830
"Silver Wolf","A boy learns to deal with personal loss by making friends with a wild animal in this drama for the entire family. Jesse is a 16-year-old who is trying to put his life back together after the death of his father, who died while trying to rescue him in the wilderness. Jesse goes to live with his Uncle Roy, who lives in the rugged mountains of Washington State. While exploring, Jesse finds and rescues a wolf who has been seriously wounded; Jesse bonds with the animal, and while Roy understands the dangers of trying to tend to a wild animal, reluctantly allows Jesse to keep him. Jesse, who is fond of snowboarding, teaches the wolf to be his partner in skijoring, a sport in which a dog is used to haul a man on skis. John Rockwell the owner of a ranch, has different plans for the animal; he sees the wolf as a threat to his stock and is determined to see that the animal is put down.",https://image.tmdb.org/t/p/w500/zSDT6UzAHLbmJe5VErvyfaERFJs.jpg,6.133,1999-01-10,https://www.themoviedb.org/movie/85951
Paradox,"A loud poem. A whimsical western tale of music and love.",https://image.tmdb.org/t/p/w500/bEvWTCEZUIqSJ12n4mOVAxid0x3.jpg,3.81,2018-03-15,https://www.themoviedb.org/movie/502140
"The Hustle","Two female scam artists, one low rent and the other high class, compete to swindle a naïve tech prodigy out of his fortune. A remake of the 1988 comedy ""Dirty Rotten Scoundrels.""",https://image.tmdb.org/t/p/w500/qZniBGQRESLIfxw6GeZLZ2G1osa.jpg,6.19,2019-05-09,https://www.themoviedb.org/movie/449562
Matinee,"A showman introduces a small coastal town to a unique movie experience and capitalizes on the Cuban Missile crisis hysteria with a kitschy horror extravaganza combining film effects, stage props and actors in rubber suits in this salute to the B-movie.",https://image.tmdb.org/t/p/w500/5Hkt61mL0yixpC6ML24R8gDdh8y.jpg,6.637,1993-01-29,https://www.themoviedb.org/movie/25389
"Wicked: One Wonderful Night","Cynthia Erivo and Ariana Grande lead a one-time-only, two-hour special featuring electrifying performances alongside their Wicked: For Good co-stars for a night of reimagined musical arrangements, cast interviews, behind-the-scenes moments, exclusive surprises, and a sneak peek at Wicked: For Good.",https://image.tmdb.org/t/p/w500/vI8gfZVhPnYo0gjK6vSP7p3idpV.jpg,8.944,2025-11-06,https://www.themoviedb.org/movie/1479945
Swashbuckler,"A pirate and a hot-tempered noblewoman join forces to protect Jamaica from a tyrant.",https://image.tmdb.org/t/p/w500/yeC8gs83BJfs1NENk5sPNyXGGxm.jpg,6.045,1976-07-29,https://www.themoviedb.org/movie/42242
Blink,"The Pelletier family sets out on an epic journey to see the beauty of the world when three of their four children are diagnosed with an incurable eye condition.",https://image.tmdb.org/t/p/w500/w8w7QbN4gyX4tL2nvenS7Xh44su.jpg,8,2024-10-04,https://www.themoviedb.org/movie/1340168
"CBeebies Musical: The Great Ice Cream Hunt","When all the ice creams go missing, Lolly the cow and Pinecone the hedgehog team up for a musical road trip to save the Empress of Storyland's Summer Send-Off!",https://image.tmdb.org/t/p/w500/hwAeaDz4sex9SSYcZg4KgylO8sp.jpg,0,2025-07-11,https://www.themoviedb.org/movie/1498532
"Poor Things","Brought back to life by an unorthodox scientist, a young woman runs off with a lawyer on a whirlwind adventure across the continents. Free from the prejudices of her times, she grows steadfast in her purpose to stand for equality and liberation.",https://image.tmdb.org/t/p/w500/kCGlIMHnOm8JPXq3rXM6c5wMxcT.jpg,7.7,2023-12-07,https://www.themoviedb.org/movie/792307
"How to Train Your Dragon: The Hidden World","As Hiccup fulfills his dream of creating a peaceful dragon utopia, Toothless’ discovery of an untamed, elusive mate draws the Night Fury away. When danger mounts at home and Hiccup’s reign as village chief is tested, both dragon and rider must make impossible decisions to save their kind.",https://image.tmdb.org/t/p/w500/xvx4Yhf0DVH8G4LzNISpMfFBDy2.jpg,7.748,2019-01-03,https://www.themoviedb.org/movie/166428
Candyman,"A Chicago artist's sanity starts to unravel, unleashing a terrifying wave of violence when he begins to explore the macabre history of the Candyman.",https://image.tmdb.org/t/p/w500/qeV15PpR8jFJA9TF9JPXIoqEgp1.jpg,6,2021-08-25,https://www.themoviedb.org/movie/565028
"Truth or Dare","Six college kids find internet stardom when they make ""Truth or Dare"" videos with a violent twist. It is all fun and games until their number one fan decides he wants to play by his own rules.",https://image.tmdb.org/t/p/w500/6EVAvgr4QVUsnWE5Bib7EYYGmaU.jpg,5.875,2013-09-13,https://www.themoviedb.org/movie/227907
"The Revenant","In the 1820s, a frontiersman, Hugh Glass, sets out on a path of vengeance against those who left him for dead after a bear mauling.",https://image.tmdb.org/t/p/w500/ji3ecJphATlVgWNY0B0RVXZizdf.jpg,7.537,2015-12-25,https://www.themoviedb.org/movie/281957
"Fantastic Four: Rise of the Silver Surfer","The Fantastic Four return to the big screen as a new and all powerful enemy threatens the Earth. The seemingly unstoppable 'Silver Surfer', but all is not what it seems and there are old and new enemies that pose a greater threat than the intrepid superheroes realize.",https://image.tmdb.org/t/p/w500/1rxTraSO45jbvTrCeSvJ6RmOu1b.jpg,5.6,2007-06-13,https://www.themoviedb.org/movie/1979
"Breathe In","When a foreign exchange student arrives in a small upstate New York town, she challenges the dynamics of her host family's relationships and alters their lives forever.",https://image.tmdb.org/t/p/w500/dqXrIoaPTYIB9GWdD0DF1LArl6d.jpg,5.916,2013-01-18,https://www.themoviedb.org/movie/158907
"Mrs. Winterbourne","Connie Doyle is eighteen, pregnant and alone. She accidentally ends up on a train where she meets Hugh Winterbourne and his wife pregnant Patricia. The train wrecks and she wakes up in the hospital to find out that it's been assumed that she's Patricia. Hugh's mother takes her in and she falls in love with Hugh's brother Bill. Just when she thinks everything is going her way, her ex-boyfriend shows up.",https://image.tmdb.org/t/p/w500/ppHqVo9uAFZYMvRm9x0XUtnyQPR.jpg,7.202,1996-04-19,https://www.themoviedb.org/movie/40001
"Stealing Harvard","John and his girlfriend have vowed to marry once they save $30,000 for their dream house. But the minute they achieve their financial goal, John finds out his niece has been accepted at Harvard, and he's reminded of his promise to pay for her tuition (nearly $30,000). John's friend Duff convinces him to turn to petty crime to make the payment … but Duff's hare-brained schemes spin quickly out of control.",https://image.tmdb.org/t/p/w500/iCHAn0eVAXwybuzoQO598aKMVJD.jpg,4.8,2002-09-13,https://www.themoviedb.org/movie/12770
"Confessions of a Fool","About August Strindberg's marriage to Siri von Essen. She was married when she met him, but abandoned her husband, became Strindberg's mistress and later his wife.",https://image.tmdb.org/t/p/w500,0,1976-10-17,https://www.themoviedb.org/movie/1303305
Supernova,"Sam and Tusker, partners of 20 years, are traveling across England in their old RV visiting friends, family and places from their past. Since Tusker was diagnosed with early-onset dementia two years ago, their time together is the most important thing they have.  As the trip progresses, however, their ideas for the future clash, secrets come out, and their love for each other is tested as never before. Ultimately, they must confront the question of what it means to love one another in the face of Tusker’s illness.",https://image.tmdb.org/t/p/w500/c21Vwt4shqVxCQziFz0Hf91wSow.jpg,6.89,2020-11-20,https://www.themoviedb.org/movie/642208
"16 Acres","The dramatic inside story of the monumental collision of interests at Ground Zero in the decade after 9/11.",https://image.tmdb.org/t/p/w500/zEitNWaHleGSWtMtnCBMAXxFHKA.jpg,7.3,2012-09-23,https://www.themoviedb.org/movie/130745
Crossfire,"A man is murdered, apparently by one of a group of soldiers just out of the army. But which one? And why?",https://image.tmdb.org/t/p/w500/s3EFBiCsc4Ckc1tntoHAEnhZtSO.jpg,6.631,1947-08-15,https://www.themoviedb.org/movie/28120
Snatched,"The wives of three wealthy men are kidnapped and held for a $3 million ransom, but one of the men doesn't want to pay his share.",https://image.tmdb.org/t/p/w500/9KGWBUBaE2VHSohwGeFz9Bd5aVJ.jpg,5.2,1973-01-31,https://www.themoviedb.org/movie/378918
"Agent Orange","A hooded youth carrying a goldfish in a plastic bag walks aimlessly through an underground NYC subway stop that has the look of a Wong Kar Wai film. Through the crowd comes a young woman all in orange, from her hair, sunglasses, lipstick, jewelry, and clothes to her nail polish. She drops a plastic bag containing a goldfish. He picks it up, gives chase, and stares at her after the train door has closed before he can reach her. He takes her photograph. The next day, wearing the same jacket, he waits for her, but on the wrong platform - again he sees her, runs, and reaches the train to stare at her as it pulls away. He has a surprise for her. Will all this ever bear fruit?",https://image.tmdb.org/t/p/w500/9I3P8NFxktzh3DkbTKvplKCRb4T.jpg,7.5,2004-11-16,https://www.themoviedb.org/movie/1192177
L'Batal,"Ali, an amateur actor, gets caught up in a bizarre situation after he posts a compromising selfie on social media. The photo captures Sam with his mistress, Ibtissam. To protect Sam, Ali is asked to pose as her lover. Tricked into believing he is auditioning for a film, Ali agrees to take on the “role.” But Ibtissam is kidnapped by a gang, plunging Ali and his friends into a dangerous adventure.",https://image.tmdb.org/t/p/w500/6GJDSp3hsVOjud63rGjJshrkPMd.jpg,0,2024-10-09,https://www.themoviedb.org/movie/1392300
Shaft,"Cool Black private eye John Shaft is hired by a crime lord to find and retrieve his kidnapped daughter.",https://image.tmdb.org/t/p/w500/yJChPuu2V339IiDPQDHeIh1SYpA.jpg,6.409,1971-06-25,https://www.themoviedb.org/movie/482
Sick,"While quarantining at her family's lake house during the pandemic, Parker and her best friend are threatened by an unexpected visitor.",https://image.tmdb.org/t/p/w500/bshCGAHZRldAfdxXDX3637PW9cR.jpg,6.15,2022-09-11,https://www.themoviedb.org/movie/829410
"Howl's Moving Castle","Sophie, a young milliner, is turned into an elderly woman by a witch who enters her shop and curses her. She encounters a wizard named Howl and gets caught up in his resistance to fighting for the king.",https://image.tmdb.org/t/p/w500/13kOl2v0nD2OLbVSHnHk8GUFEhO.jpg,8.394,2004-09-09,https://www.themoviedb.org/movie/4935
"Annie Live!","Annie, the beloved seven-time Tony Award-winning Broadway sensation, comes to life like never before in a live musical event starring Harry Connick, Jr., Nicole Scherzinger, Tituss Burgess, Megan Hilty and Taraji P. Henson, with newcomer Celina Smith in the title role of Annie. The iconic musical follows smart and spirited little orphan Annie, whose whole life changes when larger-than-life billionaire Daddy Warbucks takes her away from an orphanage run by the mean Miss Hannigan. One of Broadway's all-time biggest hits, the stage production features such popular songs as ""Tomorrow"" and ""It's the Hard Knock Life,"" which are adored by generations of audiences around the world.",https://image.tmdb.org/t/p/w500/sVvCYvChT69s1r1kF3jOT0HCCM0.jpg,5.5,2021-12-02,https://www.themoviedb.org/movie/846542
"Pirates of the Caribbean: Dead Men Tell No Tales","Thrust into an all-new adventure, a down-on-his-luck Capt. Jack Sparrow feels the winds of ill-fortune blowing even more strongly when deadly ghost sailors led by his old nemesis, the evil Capt. Salazar, escape from the Devil's Triangle. Jack's only hope of survival lies in seeking out the legendary Trident of Poseidon, but to find it, he must forge an uneasy alliance with a brilliant and beautiful astronomer and a headstrong young man in the British navy.",https://image.tmdb.org/t/p/w500/qwoGfcg6YUS55nUweKGujHE54Wy.jpg,6.652,2017-05-23,https://www.themoviedb.org/movie/166426
"High Season","On the isle of Rhodes, Katherine, an expatriate English photographer, lives with her daughter. A young local wants to encourage tourism, so he commissions a sculpture of the Unknown Tourist for the town square; the sculptor he brings to Rhodes is Kate's ex-husband. Also there to see Kate is Sharp, an aging antiquarian and her dear friend. He has something important to tell her. As Kate, her ex, and Sharp sort out things that go back years, two English tourists bumble about, one thinking he's fallen in love with Kate, his wife thinking she's found her own lover. A rare vase, a spy, old friendships, the statue's unveiling, and off-hand English sorting-out play into the resolution.",https://image.tmdb.org/t/p/w500/cKcfGc9lQIGKNeKhbiDA1zY9HfM.jpg,5,1987-09-01,https://www.themoviedb.org/movie/121893
"Seattle Superstorm","An object is shot down over Seattle and the debris begins to affect the local weather, ultimately threatening the whole world.",https://image.tmdb.org/t/p/w500/1qDBcSvSfSutZ2UjhnZszNEHVtL.jpg,4.8,2012-03-31,https://www.themoviedb.org/movie/107100
Raaj,"Hailing from a small village, Muthuraj aspires to be a great actor someday. He goes to the city to pursue his dreams and gets the role of a junior artist. His diligence gets him into the good books of an assistant director who casts him as lead in his new film. But the lead actress leaves the project when she discovers this. Or is this the real reason? Raaj the Showman finds out.",https://image.tmdb.org/t/p/w500/myPAUHOi625emkbZzMoYsvhdOKC.jpg,4,2009-08-14,https://www.themoviedb.org/movie/691609
Subspecies,"Three students get caught in the struggle between a good vampire and his evil brother in the Transylvanian mountains.",https://image.tmdb.org/t/p/w500/jDN4ILUNcYpy4IxnBkSspKHeUUb.jpg,5.4,1991-08-08,https://www.themoviedb.org/movie/24789
"Serious Sixteen","When young Tom and Adele learn they must wait four years before they can marry, they agree to kill themselves. They reconsider, and then decide to elope. The plan sours when Adele sees two friends flirting with Tom. Brokenhearted, she decides to give her life to the Salvation Army. Tom responds by choosing to join a monastery. When, however, Adele’s father buys her a new hat, Adele backslides and Tom follows suit.",https://image.tmdb.org/t/p/w500,0,1910-06-08,https://www.themoviedb.org/movie/608926
Kidnapped,"The story of Edgardo Mortara, a young Jewish boy living in Bologna, Italy, who in 1858, after being secretly baptized, was forcibly taken from his family to be raised as a Christian. His parents’ struggle to free their son became part of a larger political battle that pitted the papacy against forces of democracy and Italian unification.",https://image.tmdb.org/t/p/w500/p0tanDacNHQhXPdu583UG3KS7fM.jpg,7.3,2023-05-25,https://www.themoviedb.org/movie/801112
Underdogs,"All seems well for Amadeo, a shy but talented foosball player who's in love with the free-spirited Laura. Trouble strikes when Grosso, the world's best soccer player, returns home with plans to destroy the village and turn it into a new sports stadium. When Grosso kidnaps Laura, Amadeo receives the ultimate surprise when the figurines from his foosball table spring to life to help him save his beloved and reclaim the town.",https://image.tmdb.org/t/p/w500/tJL0oyVmrwSpULCAGaTqs9VMTdM.jpg,6.994,2013-07-18,https://www.themoviedb.org/movie/153158
Pygmalion,"When linguistics professor Henry Higgins boasts that he can pass off Cockney flower girl Eliza Doolittle as a princess with only six months' training, Colonel George Pickering takes him up on the bet. Eliza moves into Higgins's home and begins her rigorous training after the professor comes to a financial agreement with her dustman father, Alfred. But the plucky young woman is not the only one undergoing a transformation.",https://image.tmdb.org/t/p/w500/aoaSwi4nCKoRWpSv607IVe33x6m.jpg,6.974,1938-10-06,https://www.themoviedb.org/movie/25016
"Dude Ranch","Chester Carr, owner of a dude ranch in the Rockies, caters to guests seeking the thrill of the Wild West. Among his guests are the wealthy Spruce Meadows and his daughter Susan. But the West isn't wild anymore and most of Carr's guests are bored and about to leave. He is in despair when a caravan carrying a broke-down-and-out troupe of actors---Jennifer, Judd, Mrs. Merridew and her daughter, Alice---crashes down the hill and wrecks the hotel sign.",https://image.tmdb.org/t/p/w500/slPj7D5pNFU5GO3kfRjCUzwCn4.jpg,4.7,1931-05-16,https://www.themoviedb.org/movie/327390
"Tainted Souls","The lives of the tenants of a lower-class apartment building in the outskirts intersect on a backdrop of crime, drug dealing, confused feelings and tainted relationships, in a lucid portrait of contemporary Rome. Marcello, a bisexual former body builder married with Chiara, has an affair with the bourgeois professor Walter; the ambitious Mauro and cold-blooded dealer and his wife Simona get involved in the ambiguous business of the local boss Carmine to move up to the elegant and cruel circles of central Rome that profit from the public funds for the disadvantaged; Valeria and her son Attilio, Flaminia and her violent husband Bruno face the daily difficulties of their troubled lives. The corrupted powers of urban speculation invade a suspended corner of the suburbs, contaminating the lives of a group of lost souls,revealing the desperate world of the slum and the pitiless scene of the city center as the hidden face of the same coin.",https://image.tmdb.org/t/p/w500/df384ZH7kOXjm3V6bladg8qjU1Q.jpg,5.89,2017-09-28,https://www.themoviedb.org/movie/474585
"Open the Wall","A lighthearted look at the opening of the border crossing of Bornholmer Straße in Berlin from the point of view of the confused border guards.",https://image.tmdb.org/t/p/w500/xqncvbgBM0ybQc5MI8lcJ6V88bI.jpg,7.303,2014-11-05,https://www.themoviedb.org/movie/301633
"Planet Raptor","In 2066, the planet is entirely occupied by raptors. The only hope for the human race is a group of marines.",https://image.tmdb.org/t/p/w500/6XVtp6V3gKA52v0NiAC3ZOBO0wV.jpg,3.9,2007-08-08,https://www.themoviedb.org/movie/27896
Papusza,"The rise and fall of the most distinguished Polish-Gypsy poetess Bronislawa Wajs, widely known as Papusza, and her relationship with her discoverer, writer Jerzy Ficowski.",https://image.tmdb.org/t/p/w500/ptKXNtjOfvDRoKegyijxypviPyi.jpg,7.8,2013-11-15,https://www.themoviedb.org/movie/205865
"28 Days Later","Twenty-eight days after a killer virus was accidentally unleashed from a British research facility, a small group of London survivors are caught in a desperate struggle to protect themselves from the infected. Carried by animals and humans, the virus turns those it infects into homicidal maniacs -- and it's absolutely impossible to contain.",https://image.tmdb.org/t/p/w500/sQckQRt17VaWbo39GIu0TMOiszq.jpg,7.2,2002-10-31,https://www.themoviedb.org/movie/170
"NS Roulette","A story about an unusual break-up.",https://image.tmdb.org/t/p/w500/zmBj9VJSlk125yIznWAlC8gCvva.jpg,0,2012-02-01,https://www.themoviedb.org/movie/1263771
Banning,"A playboy golf pro, kicked off the circuit for alleged cheating, is forced to hustle for a living.",https://image.tmdb.org/t/p/w500/xpgrGgP2FLpFDgphq8urIA5WDh4.jpg,5.636,1967-12-13,https://www.themoviedb.org/movie/84511
"Driftin' Thru","A drifter hobo is falsely accused of killing a saloon owner",https://image.tmdb.org/t/p/w500/ydEfTigiNSJRnIx5YBy4UzHx8xF.jpg,0,1926-02-21,https://www.themoviedb.org/movie/955833
"Dangerous Business","Clarence Brooks is a shy, timid man working for Mr. Flavell. He is love with Flavell's daughter, Nancy. Nancy is shallow and fickle, always chasing after other, less-upstanding men. Clarence enlists when World War I erupts. While Clarence is off defending his country, Nancy's mother arranges for her daughter to marry the wealthy Mr. Braille. When Braille is drafted, Nancy's mother starts arranging a rush wedding, against Nancy's wishes. Nancy claims that she and Clarence are already secretly married. When the war is over and Clarence returns home, he refuses to be a part of her charade. When Clarence declines the offer to marry Nancy for real, she must mature to win his affections back. A lost film.",https://image.tmdb.org/t/p/w500,0,1920-11-28,https://www.themoviedb.org/movie/451851
"Purple Rain","A victim of his own anger, the Kid is a Minneapolis musician on the rise with his band, the Revolution, escaping a tumultuous home life through music. While trying to avoid making the same mistakes as his truculent father, the Kid navigates the club scene and a rocky relationship with a captivating singer, Apollonia. But another musician, Morris, looks to steal the Kid's spotlight -- and his girl.",https://image.tmdb.org/t/p/w500/vkQmzaSuDj8QyXmwNhCceCAmwUe.jpg,6.694,1984-07-27,https://www.themoviedb.org/movie/13763
"Pacific High","In April 1978, the annual Ensenada Yacht Race from Newport Beach, California, to Ensenada, Mexico, occurred over the course of twenty-four hours. More than 600 yachts and sailboats competed in the 200-mile race. In the final stretch into Ensenada Harbor, the winds calmed, leaving the boats moving slowly to the finish line.",https://image.tmdb.org/t/p/w500/wIeNsf8auCzaiyISMiqm0bGeD2o.jpg,0,1980-01-01,https://www.themoviedb.org/movie/974662
"Deadly Sale","Two real estate agents sell a strip of land where a hermit lives. While they look over the property for the last time, the hermit uses black magic to try to stop them, as well as a pair of cops and the land's new owner after they show up. There's animated vines, giant webs, being roasted over a fire pit and an attempt at a human sacrifice to the Elemental gods of Earth, Air, Fire, and Water.",https://image.tmdb.org/t/p/w500,0,1997-01-01,https://www.themoviedb.org/movie/444966
Samaritan,"Thirteen year old Sam Cleary suspects that his mysteriously reclusive neighbor Mr. Smith is actually the legendary vigilante Samaritan, who was reported dead 25 years ago. With crime on the rise and the city on the brink of chaos, Sam makes it his mission to coax his neighbor out of hiding to save the city from ruin.",https://image.tmdb.org/t/p/w500/zgH8Ej50n2cvJCMJrxd4twEwSqz.jpg,6.67,2022-08-25,https://www.themoviedb.org/movie/629176
Firestarter,"For more than a decade, parents Andy and Vicky have been on the run, desperate to hide their daughter Charlie from a shadowy federal agency that wants to harness her unprecedented gift for creating fire into a weapon of mass destruction. Andy has taught Charlie how to defuse her power, which is triggered by anger or pain. But as Charlie turns 11, the fire becomes harder and harder to control. After an incident reveals the family's location, a mysterious operative is deployed to hunt down the family and seize Charlie once and for all. Charlie has other plans.",https://image.tmdb.org/t/p/w500/jjBdPcQ0bplBnv2XgElKLoeFDuM.jpg,5.5,2022-05-12,https://www.themoviedb.org/movie/532710
"Last Wedding","Three couples in Vancouver navigate their relationships: first jobs, first crises, professional jealousy, an affair, and lack of communication. Noah and Zipporah marry after a brief courtship. She wants to be a singer and stalls out when she fails. He's working hard at a business that may go under. Sarah and Shane are architects; he can't handle her success at a downtown firm. Leslie is a librarian, sour and prickly; her mate, Peter, is a college teacher whose head is turned by a student. Can any of these couples sort things out and stay together? Should they?",https://image.tmdb.org/t/p/w500/zoMMNLI4QhwS8uABuCbECzn1U9D.jpg,3,2001-09-06,https://www.themoviedb.org/movie/125824
Grimm,"One cold winter's day, Jacob and his sister Marie are abandoned in a wood by their out of work father. In his jacket Jacob finds a letter from their mother urging them to go to her brother in Spain. Once in Spain, it turns out that their uncle is dead. Marie meets Diego, a wealthy charming Spanish surgeon, and falls in love with him. Diego lives with his sick, domineering sister, Teresa. To Jacob's astonishment, Marie wants to marry Diego. Even after the wedding has taken place, jealous Jacob tries to get his sister away from Diego. When this doesn't succeed, Jacob starts to provoke his brother-in-law. It soon transpires that no one will go unpunished for this.",https://image.tmdb.org/t/p/w500/sQqsGLGjQFMR9lHlQDJyjPMih6Y.jpg,5.689,2003-10-08,https://www.themoviedb.org/movie/50387
"The Marsh","Two social outcasts in 19th century Eastern Europe, Alexandre and Ulysse, become friends and settle down to live alone on the edge of a marsh that is reputedly haunted by demons, monsters and goblins. These two men have been outcasts all their lives. Alexandre was raised in a nomad family that traveled from town to town, being rejected by the people of his homeland. Due to his physical abnormalities, Ulysse has always been pushed aside ever since his childhood. When a strange murder is committed in a nearby village, the peasants turn their suspicions on Alexandre and Ulysse, because they are different. In the eyes of the villagers, they are demons that must be hunted, burned and killed.",https://image.tmdb.org/t/p/w500/6nGGTPyCOdNzTwGx1bOTzCbhRup.jpg,6.5,2002-11-01,https://www.themoviedb.org/movie/99198
"My Neighbor Totoro","Two sisters move to the country with their father in order to be closer to their hospitalized mother, and discover the surrounding trees are inhabited by Totoros, magical spirits of the forest. When the youngest runs away from home, the older sister seeks help from the spirits to find her.",https://image.tmdb.org/t/p/w500/rtGDOeG9LzoerkDGZF9dnVeLppL.jpg,8.1,1988-04-16,https://www.themoviedb.org/movie/8392
"Cattle Queen","After conning a potential buyer into believing that Queenie's herd is diseased, nasty would-be empire builder Duke Drake is confronted by the girl's new tough foreman Bill Foster. In retaliation, Drake frames Bill for a stage robbery committed by his own henchmen and arranges a phony trial presided over by the saloon's bartender Judge Whipple. Queenie interrupts the ""trial"" with the news that the townswomen have all elected Jim Marshal. To uphold the decision, Bill has secured the release of three convicted outlaws: Blackie Malone, Bad Bill Smith, and Shotgun Thompson, two of whom join in the fight against Drake and his gang.",https://image.tmdb.org/t/p/w500/p1cuFurj82B1qDPvxEOMkBmHp7K.jpg,0,1951-11-15,https://www.themoviedb.org/movie/458250
"Wild Rovers","Ross Bodine and Frank Post are cowhands on Walt Buckman's R-Bar-R ranch. Bodine is older and broods a bit about how he will get along when he's too old to cowboy. Post is young and rambunctious and ambitious for a better life than wrangling cows. When one of their fellow cowboys is killed in a corral accident, Post suggests a way into a better life for himself and his friend: robbing a bank. Bodine reluctantly joins in the plan and the two contrive to rob the local bank. They make good their escape initially, but Walt Buckman and his two sons, John and Paul, are incensed at this betrayal by their own trusted employees. John and Paul set out to bring Bodine and Post to justice.",https://image.tmdb.org/t/p/w500/xi86WQgEfPEADexlsyCxyEhyonC.jpg,6.2,1971-06-23,https://www.themoviedb.org/movie/42531
"Inside Detroit","Gus Linden, former racketeer head of a Detroit local of the United Automobile Workers of America, A.F.L, attempts to destroy his successor, Blair Vicker, so he can put his old rackets back into the auto factories. Vickers fights him off, ultimately winning help from Linden's attractive daughter Barbara and from Joni Calvin, Vickers' moll.",https://image.tmdb.org/t/p/w500/votVfxZpv68Nny4icQ7luwcFF3s.jpg,6,1956-01-01,https://www.themoviedb.org/movie/348501
"Alice in Wonderland","Alice, now 19 years old, returns to the whimsical world she first entered as a child and embarks on a journey to discover her true destiny.",https://image.tmdb.org/t/p/w500/o0kre9wRCZz3jjSjaru7QU0UtFz.jpg,6.636,2010-03-03,https://www.themoviedb.org/movie/12155
"The Parent Trap","Hallie Parker and Annie James are identical twins who were separated at a young age due to their parents' divorce. Unbeknownst to their parents, the girls are sent to the same summer camp, where they meet, discover the truth about their relationship, and come up with a plan to switch places in an effort to reunite their mother and father.",https://image.tmdb.org/t/p/w500/dNqgjqxHIdfsQRQL5XTujNfX9pj.jpg,7.216,1998-07-28,https://www.themoviedb.org/movie/9820
Deadline,"A journalist sets out to report on a minor earthquake in the Australian outback, and finds that the tremor was a result of a small nuclear explosion - part of an extortion threat that has the government fearing nuclear blackmail. With the help of local reporters, and despite the harassment of the security agencies, he sets out to avert the crisis.",https://image.tmdb.org/t/p/w500/jQeNqGyhOuv63UTklNiCNayerfH.jpg,6,1982-01-01,https://www.themoviedb.org/movie/313582
Dweller,"After a perfect bank heist, three criminals high-tail it to an old cabin in the woods to split the $100,000 they stole.  Little do they know that an alien being from a crashed saucer is prowling the woods for food.  The suspense tightens as greed, fear, and paranoia split the group apart as the hungry creature closes in on them.  Terror and shock in the usual Polonia Brothers tradition!",https://image.tmdb.org/t/p/w500/zKqUEdvL5a0Tjib3h6qdYA743no.jpg,4.5,2001-08-04,https://www.themoviedb.org/movie/147061
Dinocroc,"After an African dinosaur ancestor of the crocodile is found, Dr. Campbell uses its DNA to create prototypes at Paula Kennedy's Gereco lab.",https://image.tmdb.org/t/p/w500/8Q3qe9yg0lEzsljgknyES8pVHIu.jpg,3.915,2004-04-20,https://www.themoviedb.org/movie/4289
Turbo,"The tale of an ordinary garden snail who dreams of winning the Indy 500.",https://image.tmdb.org/t/p/w500/w6GdF5hcnsU5IwaRhyhnysNy5hO.jpg,6.264,2013-07-11,https://www.themoviedb.org/movie/77950
OtherLife,"Ren Amari is the driven inventor of a revolutionary new drug. OtherLife expands the brain's sense of time and creates virtual reality directly in the user's mind. With OtherLife, mere seconds in real life feel like hours or days of exciting adventures. As Ren and her colleagues race around the clock to launch OtherLife, the government muscles in to use the drugs as a radical solution to prison overcrowding. They will create virtual cells where criminals serve long sentences in just minutes of real time. When Ren resists, she finds herself an unwilling guinea pig trapped in a prison cell in her mind. She must escape before she descends into madness, and then regain control of OtherLife before others suffer the same fate.",https://image.tmdb.org/t/p/w500/stSDsKsb4fS6NPzuHwfAWD2jim8.jpg,6.383,2017-06-16,https://www.themoviedb.org/movie/411999
"Mission Improbable","Matthew was born with a silver spoon in his mouth that allows him to obtain his degree in theology from Harvard and land a sweet and lucrative pastoral gig that gives him freedom to recreate to his heart’s content. His new $74,000 Cadillac, which he dubs “White Lightning” is the pride of his considerable possessions. Matthew is also proud of his very upscale church in Tennessee.  When God sends him a dream in the night, he has to reconsider his priorities in life. The nocturnal vision leads him to a local faith based drug/alcohol rehab center operated by Mission Teens. While Matthew is trying to determine a road map for his life, two substance abusers in the Heartland are trying to avoid being sent to an obscure community in Tennessee for rehabilitation. Circumstances put both Shane and Susan on the same bus, headed to Davy Crockett country and a rendezvous with a proud young pastor, Cupid, and the Holy Spirit",https://image.tmdb.org/t/p/w500/xPOYQx3LWZ4RgvIoFQSn6PVykIP.jpg,2,2016-02-27,https://www.themoviedb.org/movie/799648
"The Inventor","This biopic traces the life of Dr. József Béres from the development of the ""Béres drops"" to his struggles under the Communist regime in Hungary.",https://image.tmdb.org/t/p/w500/lhorI4bvmV8zG22Hw9hJAr9ZSeI.jpg,8,2020-02-06,https://www.themoviedb.org/movie/677029
Dawn,"DAWN is the film of 2 stories, the story of life and death In one apartment a young couple is waiting for a baby to be born. Pregnant Leila is asleep in the bathroom. Her boyfriend tries to assemble a baby bed with her father who comes from Serbia. While trying to read the manual and assemble the bed they talk, they fight and slowly get to know one another. In another apartment Robert comes from Paris to visit his sister and dying father. Because of old resentments they haven't seen each other for some time. Trough music the son reconnect with his dying father. In a 3 hour period, while the dawn is coming, the characters overcome their conflicts and resolve old issues. One life end so another one can begin.",https://image.tmdb.org/t/p/w500/kdhTwQlMWURfL6QWkgcuBU8xtmD.jpg,0,2014-09-19,https://www.themoviedb.org/movie/1268178
"Detective Dee: The Four Heavenly Kings","Dee, the detective serving Chinese empress Wu Zetian, is called upon to investigate a series of strange events in Loyang, including the appearance of mysterious warriors wearing Chiyou ghost masks, foxes that speak human language and the pillar sculptures in the palace coming alive.",https://image.tmdb.org/t/p/w500/nZ3XTA5ZlGOj92jRBSYglW8r9QY.jpg,6.2,2018-07-27,https://www.themoviedb.org/movie/506763
Banksters,"Karolina works in a bank, she is energetic, self-confident, go-getting. When the latest currency product comes into her hands - a loan in Swiss francs, the woman gets a great chance to prove herself. Having the full consent of his boss - Adam, he unscrupulously starts persuading clients to take the most risky and unfavorable investments. Jan is the gray eminence of the Polish financiers. In his phone, he has contacts to the presidents of the largest banks in Poland. His cynical ideas and decisions affect the economy and the fate of hundreds of thousands of people overnight. Such as Artur - an ambitious head of an IT company who decides to use currency options to develop his business. His partner is Mateusz, who dreams of independence, his own place and the longed-for move away from his in-laws.",https://image.tmdb.org/t/p/w500/3LKtQDyxWo7UwcPoWyPzAjRKfig.jpg,5.7,2020-10-16,https://www.themoviedb.org/movie/759331
"Gretel & Hansel","A long time ago in a distant fairy tale countryside, a young girl leads her little brother into a dark wood in desperate search of food and work, only to stumble upon a nexus of terrifying evil.",https://image.tmdb.org/t/p/w500/mBBBXseq4k4dI63k06XIrsc02j8.jpg,6,2020-01-30,https://www.themoviedb.org/movie/542224
"Sarah's Oil","Sarah Rector, an African-American girl born in Oklahoma Indian Territory in the early 1900s, believes there is oil beneath the barren land she’s allotted, and her faith is proven right. As greedy oil sharks close in, Sarah turns to her family, friends, and some Texas wildcatters to maintain control of her oil-rich land, eventually becoming among the nation's first female African-American millionaires—at eleven years old.",https://image.tmdb.org/t/p/w500/4pkdtlpExaX7vjUW80apb38fcA3.jpg,0,2025-11-06,https://www.themoviedb.org/movie/1325678
"The Muse","With his career on the skids, a Hollywood screenwriter enlists the aid of a modern-day muse, who proves to test his patience.",https://image.tmdb.org/t/p/w500/hmtvDW52V3EuFmbhTOLjaGMYCDx.jpg,5.214,1999-08-27,https://www.themoviedb.org/movie/37718
"Raging Bull","The life of boxer Jake LaMotta, whose violence and temper that led him to the top in the ring destroyed his life outside of it.",https://image.tmdb.org/t/p/w500/1WV7WlTS8LI1L5NkCgjWT9GSW3O.jpg,7.921,1980-11-14,https://www.themoviedb.org/movie/1578
"Journey with Tarsilinha","Tarsilinha sets off on a journey to save her mother’s memory. The only way to do this is to find her mom's stolen keepsakes and overcome her own fears.",https://image.tmdb.org/t/p/w500/szoK1qZ0YThXajLnkE8l7wygXpG.jpg,5.4,2022-03-17,https://www.themoviedb.org/movie/840439
"A Time to Kill","A young lawyer defends a black man accused of murdering two white men who raped his 10-year-old daughter, sparking a rebirth of the KKK.",https://image.tmdb.org/t/p/w500/w8UCke112E9jrhjKcwG32kyhTx5.jpg,7.386,1996-07-24,https://www.themoviedb.org/movie/1645
Cinderella,"When her father unexpectedly passes away, young Ella finds herself at the mercy of her cruel stepmother and her daughters. Never one to give up hope, Ella's fortunes begin to change after meeting a dashing stranger in the woods.",https://image.tmdb.org/t/p/w500/j91LJmcWo16CArFOoapsz84bwxb.jpg,6.826,2015-03-06,https://www.themoviedb.org/movie/150689
"Another Earth","Tragedy connects a young woman and a shattered music professor as an exact replica of Earth is discovered.",https://image.tmdb.org/t/p/w500/qvGJK3lFzpifAdyIupMNdWNX0qr.jpg,6.709,2011-07-22,https://www.themoviedb.org/movie/55420
"Peter Pan","The stage musical Peter Pan starring Cathy Rigby has toured the world to great acclaim. An adaptation of the famous 1954 musical directed by Jerome Robbins and starring Mary Martin, this new version is lasting proof that J.M. Barrie's tale of the boy who would never grow up is one of the kingpins of family entertainment. All the elements are in good form for this video production shot at the Mirada Theater in 2000 for the A&E Network. Some new songs have been added to the fabulous Moose Charlap-Carolyn Leigh score (which includes ""Tender Shepherd,"" ""I Gotta Crow,"" ""I'm Flying,"" and ""I Won't Grow Up""). But the biggest asset to this production are the spectacular flying sequences: Peter even soars over the audience at times. Martin was a stronger actress in a close-up, but Rigby is magical with her athleticism and spark, most notably in a percussion-filled song and dance number ""Ugh-a-Wug."".",https://image.tmdb.org/t/p/w500/x1Zuf4pYgw6olXa0zghF67MhlAq.jpg,6.6,2000-10-10,https://www.themoviedb.org/movie/273106
"Flight Risk","A U.S. Marshal escorts a government witness to trial after he's accused of getting involved with a mob boss, only to discover that the pilot who is transporting them is also a hitman sent to assassinate the informant. After they subdue him, they're forced to fly together after discovering that there are others attempting to eliminate them.",https://image.tmdb.org/t/p/w500/q0bCG4NX32iIEsRFZqRtuvzNCyZ.jpg,5.992,2025-01-22,https://www.themoviedb.org/movie/1126166
Mekko,"Mekko gets out of prison after 19 years. He has no home or family so he makes his way to Tulsa. He tries to connect with a cousin but she turns him away. With nowhere to go Mekko ends up sleeping on the streets. He is taken in by the homeless native community. At times jovial, there is a dark undercurrent to the community. He begins having issues with a man named Bill. Bill is pure evil. Convinced that this man is a witch, Mekko turns to the old teachings of his grandmother in order to rid the community of this 'witch'. It's a story of redemption, and hope. Mekko is in search of his home and the strength to forgive himself of his past.",https://image.tmdb.org/t/p/w500/o8jMnuRs7B7lT2J1dmJzHUSCfB7.jpg,6.6,2015-06-12,https://www.themoviedb.org/movie/342182
"Nae Expectations","Pip is just your average wee guy – happy with his lot and not much of a complainer (though you really wouldn’t blame him if he was!). Regularly tortured and terrified, in what is, it must be said, a truly hard life, he still finds time to laugh, smile and dream of a brighter future, even though no-one expects anything of him. Or so he thinks…",https://image.tmdb.org/t/p/w500,0,2023-12-19,https://www.themoviedb.org/movie/1220580
"The Perfumier","To regain her sense of smell and get back her lover, a detective joins forces with a perfume maker who uses deadly methods to create the perfect scent.",https://image.tmdb.org/t/p/w500/ieivbB7SDenOGfqae0vZdJQfJA.jpg,4.506,2022-09-21,https://www.themoviedb.org/movie/1016446
"Public Enemies","Depression-era bank robber John Dillinger's charm and audacity endear him to much of America's downtrodden public, but he's also a thorn in the side of J. Edgar Hoover and the fledgling FBI. Desperate to capture the elusive outlaw, Hoover makes Dillinger his first Public Enemy Number One and assigns his top agent, Melvin Purvis, the task of bringing him in dead or alive.",https://image.tmdb.org/t/p/w500/3KgtekisQBrHRsm2cD5UOB6Ce3k.jpg,6.688,2009-07-01,https://www.themoviedb.org/movie/11322
"Slow Dance","Surfer Dane Reynolds takes a sharp look into the timeless style of Craig Anderson. A modern approach with hints to the past, Slow Dance follows Craig in and out of the water as he travels the world meeting up with heroes and friends in Australia, Chile, India, West Africa and Tahiti to name a few. Dane attempts to unravel Craig's perspective on his role as a professional surfer and Craig provides vague glimpses into his psyche. However, what does become clear is that Craig's approach to surfing and his outlook on life is truly unique.",https://image.tmdb.org/t/p/w500/zVZ44oQSqTn4nHKdAO1tvHHPQR9.jpg,0,2013-04-22,https://www.themoviedb.org/movie/326699
Identity,"Complete strangers stranded at a remote desert motel during a raging storm soon find themselves the target of a deranged murderer. As their numbers thin out, the travelers begin to turn on each other, as each tries to figure out who the killer is.",https://image.tmdb.org/t/p/w500/sYgimsiBywqVwJI8H4sETke8m7v.jpg,7.174,2003-04-25,https://www.themoviedb.org/movie/2832
"Moving Alan","The story follows the two sisters Melissa and Emily, the former who accidentally killed her husband Alan and the latter who agrees to help her bury her husband in the desert. While there, they encounter a trucker who hates his dogs and takes a special dislike to the sisters, a Park Ranger who takes a shine to Melissa and finally a strange, homeless man who thinks he is in a soap opera. While Melissa and Emily try their best to find a suitable place to bury Alan, much of their history is revealed and the day in the desert has a great impact on their lives.",https://image.tmdb.org/t/p/w500/hmk8kQ8s34mw6Me6aOxRLsWCJa4.jpg,1,2003-04-04,https://www.themoviedb.org/movie/157152
Shameless,"It's the summer of 1951 in Oslo. Lillian and Amund Wang are blessed with their first and only child. Adrian Wang - a boy or a girl?",https://image.tmdb.org/t/p/w500/wdwFUm4yUxnGd89Qwxau7UVLtdt.jpg,4.909,2010-10-01,https://www.themoviedb.org/movie/47405
Batanes,"Pam meets Rico an Ivatan, and decides to leave her stressful life in the city to follow him to Batanes to meet his parents Boy and Lydia and marry him. Pam tries to adapt to the Ivatan way of life but hates the sea that Rico loves so much. Her hatred for the sea intensifies when her husband Rico dies in a fishing accident. Pam is devastated and decides to go back to Manila. But when she sensed that the sea was laughing at her failure, she chose to stay in Batanes to be with Rico's family. In one of her trips to the sea, she accidentally meets Kao Ken Chu, a Taiwanese, whom she rescues during a storm. As they spend time together, the two eventually fall for each other despite language barriers and cultural differences.",https://image.tmdb.org/t/p/w500/z1lIaHktz27uSJHZDX8Y4s1NlZw.jpg,6.2,2007-12-05,https://www.themoviedb.org/movie/180649
"The Outcast","The prologue shows the life of a trapper, living in the solitude of the forest. He digs a bear trap, which is covered with boughs and grass. An Indian girl, armed with a bow and arrow, creeps close to a wild turkey, which she brings down. As she runs forward to gather up her prey she falls into the trap. Evans, the trapper, finds her there and on lifting her from the pit, finds that she has sprained her ankle, and takes her to his cabin, and makes her as comfortable as possible. As the shades of evening fall and the pain subsides, the girl drops into a slumber, and loath to awaken her, Evans leaves her in possession of his cabin and, wrapped in a blanket, sleeps outside. In the morning, the girl having recovered sufficiently, he lifts her to his horse, and mounting behind her, proceeds to the Indian camp. On the way he is attacked by a trio of Indians, who fire at him from behind a tree, and the trapper brings down one of his assailants.",https://image.tmdb.org/t/p/w500/5MKnuc54cVVSgWi7wSU0Pagf317.jpg,0,1912-06-08,https://www.themoviedb.org/movie/937536
"The Bigtop","Vincent O'Malley endures a home life on the prairie under the oppressive eyes of his father. The arrival of a circus in Vincent's home town leads Vincent to run away. Vincent assumes the role of a clown, but realizes that his new family is in need of an audience and the muscle and daring to acquire it. Vincent leads his friends in missions to gather crowds to the circus tent. The arrival of a young girl, however, sets Vincent on edge as he begins to suspect that those around him are thwarting the acquisition of his true love. As jealousy leads to a precipice of loneliness and annihilation, Vincent must come to a reckoning with his true nature and with his place in the universe.",https://image.tmdb.org/t/p/w500,0,2010-01-01,https://www.themoviedb.org/movie/1094720
"Summer Interlude","During a brief summer vacation, a lonely woman recalls her first love thirteen years earlier.",https://image.tmdb.org/t/p/w500/3Yl2nPAzBcygds63L6yf4g7I2k8.jpg,7.373,1951-10-01,https://www.themoviedb.org/movie/47473
"South Pacific","Can a girl from Little Rock find happiness with a mature French planter she got to know one enchanted evening away from the military hospital where she is a nurse? Or should she just wash that man out of her hair? Bloody Mary is the philosopher of the island and it's hard to believe she could be the mother of Liat who has captured the heart of Lt. Joseph Cable USMC. While waiting for action in the war in the South Pacific, sailors and nurses put on a musical comedy show. The war gets closer and the saga of Nellie Forbush and Emile de Becque becomes serious drama.",https://image.tmdb.org/t/p/w500/nYNltu2clFoRQGBz9BtZUTcCbUm.jpg,6.1,1958-03-19,https://www.themoviedb.org/movie/17352
Valleyheart,"In the middle of a blazing hot San Fernando Valley summer, Jane Francis must decide how far she is willing to go to help her small-time criminal brother Tommy out a jam with the Russian mob. Jane calls on her ex-cop former husband to get them both out of California alive or die in a brutal fashion when the mob catches up to them. Valleyheart takes the audience on a nail-biting ride through the underbelly of Los Angeles as Jane must help her small-time criminal brother escape the Russian mob.",https://image.tmdb.org/t/p/w500/Adz17JAqysM4TJUeq92IMR6bRXN.jpg,0,2024-07-19,https://www.themoviedb.org/movie/1117242
Solace,"A psychic doctor, John Clancy, works with an FBI special agent in search of a serial killer.",https://image.tmdb.org/t/p/w500/pbcXpZgem8kgr90RwIUNAbC2ite.jpg,6.423,2015-09-03,https://www.themoviedb.org/movie/339527
"Embraceable You","Eddie, a small-time hoodlum is forced to care for Marie, the woman he accidentally hit with his car during a crime. He is broke and hits up his very displeased mob boss for cash. To make matters worse, Eddie and Marie begin to fall for each other.",https://image.tmdb.org/t/p/w500/pudSJPZTCnS3808oCsmD1DGk0sO.jpg,5.5,1948-08-21,https://www.themoviedb.org/movie/182895
"The Fever","Justino, a 45-year-old member of the indigenous Desana people, is a security guard at the Manaus harbor. As his daughter prepares to soon depart to Brasília, Justino comes down with a mysterious fever.",https://image.tmdb.org/t/p/w500/c6EdWeWS9blzYVzLwRbXBSZds3S.jpg,6.1,2021-06-30,https://www.themoviedb.org/movie/515985
"Bear Season","An adolescent boy lives in Detroit after World War II with his Polish immigrant mother Olona and his late father's brother Izzy, a former soldier. Izzy likes to tell Chester stories of his father's military days, especially about he served alongside Wojtek, a legendary soldier bear. Chester is the only one who believes the tales and his unwavering faith sets him off on a road trip to uncover the truth and confirm Wojtek's existence.",https://image.tmdb.org/t/p/w500,0,,https://www.themoviedb.org/movie/839950
Speed,"Jack Traven, an LAPD cop on SWAT detail, and veteran SWAT officer Harry Temple thwart an extortionist-bomber's scheme for a $3 million ransom. As they corner the bomber, he flees and detonates a bomb vest, seemingly killing himself. Weeks later, Jack witnesses a mass transit city bus explode and nearby a pay phone rings. On the phone is that same bomber looking for vengeance and the money he's owed. He gives a personal challenge to Jack: a bomb is rigged on another city bus - if it slows down below 50 mph, it will explode - bad enough any day, but a nightmare in LA traffic. And that's just the beginning...",https://image.tmdb.org/t/p/w500/82PkCE4R95KhHICUDF7G4Ly2z3l.jpg,7.1,1994-06-09,https://www.themoviedb.org/movie/1637
"The Goldfish","This film is an adaptation of Etgar Keret's famed short story 'What Of This Goldfish Would You Wish?' in which a young man named Yoni (Jason Ritter) sets out to make a documentary about the secret longings of everyday Americans. By knocking on strangers doors and asking them this question: 'If you had a magic goldfish that granted you three wishes, what of this goldfish would you wish?' Yoni thinks he will discover the hopes, dreams and greatest wishes his fellow citizens. But Yoni is not prepared when he meets an elderly immigrant named Sergei who we learn has been wrestling with the exact same question for years and is desperate not to lose his old friend-- a beautiful talking goldfish (Lucy Punch).",https://image.tmdb.org/t/p/w500/l32Fg1J1CR3S3Smb3yHBKtsvUKE.jpg,0,2013-09-12,https://www.themoviedb.org/movie/866543
GANTZ:O,"After being brutally murdered in a subway station, a teen boy awakens to find himself resurrected by a strange computer named Gantz, and forced to fight a large force of invading aliens in Osaka.",https://image.tmdb.org/t/p/w500/9yTuw6ddf28lItHwgeqFSNtXsaG.jpg,7.294,2016-10-14,https://www.themoviedb.org/movie/396263
Damage,"A prominent married couple Taiwo and Sarah played by Uche Jombo and Kali Ikeagwu respectively, have a life that is marred by domestic violence. When things are going well, their relationship is blissful, but when it is going badly is hellish. On one occasion the husband surprises his wife by spelling out I love you with petals by their swimming pool, but when they fight it is vicious and violent. Quick tempered Taiwo appeases his wife by buying her gifts after they fight. Their home life affects their children in the worst way. Their son is violent at school and their daughter is withdrawn to the point of muteness, her own way of protesting, but the couple refuses to see that the violent nature of their relationship is responsible until it is too late.",https://image.tmdb.org/t/p/w500/zFyNzuJyC8hchiyWS16M7S42Sts.jpg,0,2012-11-11,https://www.themoviedb.org/movie/347388
Heavy,"Victor is a cook who works in a greasy roadside restaurant owned by his mother, Dolly. It's just the two of them, a waitress named Delores, and a heavy drinking regular, Leo. But things change when Callie, a beautiful college dropout, shows up as a new waitress and steals Victor's heart. But Victor is too shy to do anything about it, and too self-consciously overweight to dream of winning Callie away.",https://image.tmdb.org/t/p/w500/xo2KsY7hOHDqpgYlDStL56zmgaq.jpg,6.647,1995-12-29,https://www.themoviedb.org/movie/22621
Floris,"This adventurous feature film is a sequel to Paul Verhoeven's legendary youth series from 1969. In this modern film version - the Middle Ages are more imaginative and larded with anachronistic jokes - the story revolves around Floris (grandson of Rutger Hauer's character from the series), a peace-loving bloke whose father despises him because he refuses to carry on the family tradition of stout-hearted knights defending freedom: Floris is an actor. To prove to his father that he can still be a hero, he helps him search for a missing sacred relic with special powers. This is the last hope for the Duke of Burgundy, his father's boss, to eliminate the mean Duchess of Gelre. Along with his oriental girlfriend Pi, Floris goes through some perilous moments when he enters into battle with the duchess and her stooges Van Rossum jr., Kleine Pier jr. and Sergeant jr..",https://image.tmdb.org/t/p/w500/cWR58OgTz9g4xeL7bflMc1EWhWC.jpg,5.3,2004-12-16,https://www.themoviedb.org/movie/59253
"Donjon & Cie","The Grolls, victimized minions of a dungeon, are relentlessly attacked by knights in search of adventure.",https://image.tmdb.org/t/p/w500/sMGfLKzhgKYhzDtbHdnVZPxSwAb.jpg,0,2020-09-06,https://www.themoviedb.org/movie/854478
"Iron Man 3","When Tony Stark's world is torn apart by a formidable terrorist called the Mandarin, he starts an odyssey of rebuilding and retribution.",https://image.tmdb.org/t/p/w500/qhPtAc1TKbMPqNvcdXSOn9Bn7hZ.jpg,6.93,2013-04-18,https://www.themoviedb.org/movie/68721
"Fire & Ice","While many celebrities believe their fame gives them good luck with the opposite gender, one man with a successful television career discovers fame is spoiling his chances with the woman he loves in the made-for-TV romantic drama. Holly Aimes (Lark Voorhies) is the daughter of a prominent politician (Glynn Turman), and recently broke off her engagement with a well-known actor. Holly has spent most of her life in the spotlight, and wants nothing more than to be left alone without the glare of public scrutiny. When Holly meets talk show host Michael Williams (Kadeem Hardison), he's soon convinced that she's the woman with whom he wants to share his life, but can he convince her of his sincerity so she will brave another high-profile romance? Based on the popular romance novel by Carla Fredd, Fire and Ice also features Tempestt Bledsoe and Freda Payne. ~ Mark Deming, Rovi",https://image.tmdb.org/t/p/w500/kJqzKZwMcrM6lkwOMS2qLyvoPve.jpg,8,2001-01-22,https://www.themoviedb.org/movie/251917
"Duck Soup","Fleeing a group of forest rangers, who are rounding up tramps to serve as firefighters, they take refuge in a mansion. The owner has gone on vacation and the servants are away, so Hardy pretends to be the owner and offers to rent the house to an English couple. Hardy gets Laurel to pose as the maid. Unfortunately, the owner returns and tells the would-be renters that he owns the house; Laurel and Hardy then flee again and are caught by the rangers and forced to fight wildfires.",https://image.tmdb.org/t/p/w500/ln7zgsn2yOqlrOy1MbKVAYBWHbp.jpg,6.2,1927-03-13,https://www.themoviedb.org/movie/50897
"Strange Affair","Eminent psychiatrist Dr. Brenner invites cartoonist Bill Harrison and his wife, Jack, to a banquet honoring war refugees. Bill volunteers to pick up fellow psychiatrist Dr. Baumler at the train station, but the man vanishes when he has Bill stop so he can use a pay phone. At the dinner, Bill and Jack are seated with Brenner's daughter, Freda, and, to Bill's surprise, another man is introduced as Baumler -- who dies moments later.",https://image.tmdb.org/t/p/w500/nx1IOfWdwwrdj7aTua27MKQAbzm.jpg,6.2,1944-10-05,https://www.themoviedb.org/movie/269077
Cartouche,"In the 18th century, Louis de Bourguignon is working with the Malichot's gang, but their ways are too 'unethical' for him. He creates his own band, acting under the name of Cartouche, making audacious robberies of the rich people, and even distributing the takings with the poor. Thus, cartouche attracts the people's sympathies, Venus's love, and hate from the Police and Malichot... Cartouche can escape all the traps they set at him - except the entrapments of love. Eventually, he will be saved by a woman, at her own cost.",https://image.tmdb.org/t/p/w500/5j6hcUIXzG8ltLk2yQeFdhJx6jA.jpg,6.356,1962-03-07,https://www.themoviedb.org/movie/26866
Kajaki,"British soldiers guarding the Kajaki Dam set out to rescue a three-man team after one of them loses a leg to a landmine.",https://image.tmdb.org/t/p/w500/csL2D3ZbcxSoqoWyhYz4lDjdmk2.jpg,6.608,2014-11-12,https://www.themoviedb.org/movie/306650
Luther,"During the early 16th century, idealistic German monk Martin Luther, disgusted by the materialism in the church, begins the dialogue that will lead to the Protestant Reformation.",https://image.tmdb.org/t/p/w500/5Z3wlA8sKdd3tPTZW8N1q3YEd5f.jpg,6.448,2003-10-29,https://www.themoviedb.org/movie/5653
Moonstruck,"37-year-old Italian-American widow Loretta Castorini believes she is unlucky in love, and so accepts a marriage proposal from her boyfriend Johnny, even though she doesn't love him. When she meets his estranged younger brother Ronny, an emotional and passionate man, she finds herself drawn to him. She tries to resist, but Ronny, who blames his brother for the loss of his hand, has no scruples about aggressively pursuing her while Johnny is out of the country. As Loretta falls for Ronny, she learns that she's not the only one in her family with a secret romance.",https://image.tmdb.org/t/p/w500/2mnVWpvsHEHHnfvLn1NXYVvBGl5.jpg,6.844,1987-12-16,https://www.themoviedb.org/movie/2039
"Kingdom of Heaven","After his wife dies, a blacksmith named Balian is thrust into royalty, political intrigue and bloody holy wars during the Crusades.",https://image.tmdb.org/t/p/w500/rNaBe4TwbMef71sgscqabpGKsxh.jpg,7.002,2005-05-03,https://www.themoviedb.org/movie/1495
Scream,"A year after the murder of her mother, a teenage girl is terrorized by a masked killer who targets her and her friends by using scary movies as part of a deadly game.",https://image.tmdb.org/t/p/w500/lr9ZIrmuwVmZhpZuTCW8D9g0ZJe.jpg,7.4,1996-12-20,https://www.themoviedb.org/movie/4232
Jealousy,"Larry O'Roark is a boxer who's insanely posssesive and jealous of his fiancee, Jo. the sight of her and her employer, Mr. Lambert, at ringside during his big fight distracts Larry and he is knocked out. He then promises never to be jealous again and marries Jo. When she realizes that they're broke she asks Lambert for a job (she had quit on marrying Larry.) One thing leads to another and Larry, enraged with jealousy, end up killing Lambert. He then wanders off in a daze, and Jo takes the rap for the murder. Larry descends from his amnesiac fog just in time to interrupt the announcement of the jury's verdict in Jo's trial. then it's off to the chair for Larry. Or is it?",https://image.tmdb.org/t/p/w500/8MsdbPIa9HmiUyg1VV2jGgDDPWZ.jpg,4.7,1934-11-23,https://www.themoviedb.org/movie/513458
"Female Ninjas Magic Chronicles 5: Secret Story of Jiraiya","This time the girls are the bad guys. Which means they will be a lot nude and action in this series and they have to fight a superhero called Jirasyso.",https://image.tmdb.org/t/p/w500/xtrBJV3BLCujq4IMJYvUJsJVeNh.jpg,7,1995-05-06,https://www.themoviedb.org/movie/360780
"The Invisible Life of Addie Larue","A film based on the novel of the same name. Follows a woman who makes a Faustian bargain to live forever. But in return, she’s cursed to be forgotten by everyone she meets. That all changes 300 years later, when Addie LaRue stumbles upon a man who remembers her name.",https://image.tmdb.org/t/p/w500/d5lv1Jd1o8KSCUEZUGzhnlBE5KI.jpg,0,,https://www.themoviedb.org/movie/809106
"LEGO Frozen: Operation Puffins","After the events of Frozen, Anna and Elsa want to start fresh in Arendelle, and make the castle feel a bit more comfortable. While they struggle to break free of the bounds of tradition, the Duke of Weselton has other plans for their beloved home alongside a flock of menacing puffins.",https://image.tmdb.org/t/p/w500/cmW3OY1W1wwjpYEWZu1jJlOcZ56.jpg,6.4,2025-10-23,https://www.themoviedb.org/movie/1549292
Counterattack,"When a hostage rescue mission creates a new enemy, Capt. Guerrero and his elite soldiers must face an ambush by a criminal group.",https://image.tmdb.org/t/p/w500/38I76hGcFY6xB47pjm7pZwkfuAF.jpg,8.3,2025-02-27,https://www.themoviedb.org/movie/1356039
Nostalgia,"A mosaic of stories about love and loss, exploring our relationship to the objects, artifacts, and memories that shape our lives.",https://image.tmdb.org/t/p/w500/vbvexHHFLEonIuXul2AVpnwgrZw.jpg,5.35,2018-02-16,https://www.themoviedb.org/movie/442709
"The Silencer","Harley-riding Angel plays to win in her fight against a slavery and prostitution ring that abuses young runaways -- It's a life-and-death game in which video-games hold the clues, and the only way to win is to kill without conscience. The chill of each killing drives Angel into the arms of anonymous lovers -- a desperate attempt for affection -- but her ex-boyfriend George is watching ... In a demented rage he stalks her through her steamy video-arcade reality. But when the game is over and the high score is counted, will Angel be able to walk away?",https://image.tmdb.org/t/p/w500/cLO6VhYxbeAOdlEijJ0VHQVpTOV.jpg,4.125,1992-10-01,https://www.themoviedb.org/movie/124655
"El rey","Spain, June 2014. King Juan Carlos I abdicates after forty years on the throne. The historical cycle that began in 1978 has ended. It is the beginning of a new era. Felipe VI is the new king and the future is uncertain.",https://image.tmdb.org/t/p/w500/ajpFRYkrKRqbu64MBTFtpR6XnPz.jpg,6.5,2018-12-05,https://www.themoviedb.org/movie/560082
"Fort Apache Napoli","The story of Giancarlo Siani, a journalist killed by the Neapolitan Mafia in 1985.",https://image.tmdb.org/t/p/w500/8hB2cp65RF3Odu1h35JNh7wcQko.jpg,7.112,2009-03-27,https://www.themoviedb.org/movie/50987
"Hypocritical Hit","The satanic panic in the 1980s was real.... real hypocritical. When religious parents Bill and Shelley take away their daughter's metal records and D&D they have to answer to a lower power for their own sins and now it's up Chloe and Lou to save them from Satan's grasp! Hypocritical Hit is a new film from Ama Lea dedicated to all the girls who grew up with dirt under their nails and metal in their hearts.",https://image.tmdb.org/t/p/w500/e548bp7y6qu61dvWUPSAEezJt2J.jpg,0,2021-10-31,https://www.themoviedb.org/movie/1076187
"Force Majeure","While holidaying in the French Alps, a Swedish family deals with acts of cowardliness as an avalanche breaks out.",https://image.tmdb.org/t/p/w500/41agNfzepz2DTdgTBX1fX0QclHp.jpg,6.863,2014-08-15,https://www.themoviedb.org/movie/265189
Everest,"Inspired by the incredible events surrounding a treacherous attempt to reach the summit of the world's highest mountain, ""Everest"" documents the awe-inspiring journey of two different expeditions challenged beyond their limits by one of the fiercest snowstorms ever encountered by mankind. Their mettle tested by the harshest of elements found on the planet, the climbers will face nearly impossible obstacles as a lifelong obsession becomes a breathtaking struggle for survival.",https://image.tmdb.org/t/p/w500/2jKOu2bjpLP6NXJcm7Ep14bDGtA.jpg,6.827,2015-09-10,https://www.themoviedb.org/movie/253412
"Leave the World Behind","A family's getaway to a luxurious rental home takes an ominous turn when a cyberattack knocks out their devices—and two strangers appear at their door.",https://image.tmdb.org/t/p/w500/29rhl1xopxA7JlGVVsf1UHfYPvN.jpg,6.377,2023-11-22,https://www.themoviedb.org/movie/726209
"When C Goes with G7","It is normal to face challenges in love, career, and friendships when growing up. In this film, 13-year-old Tank meets 3 good friends Dean, Fai and Ian on the street one day by chance. They are all musically talented and the friendship grows because of a piano shop. Tan helps them to promote their piano shop and recruit classmates at his school, but is discovered by his teacher and the school discipline master… Nevertheless, the four keep trying to make a success of the business. In the meantime, Dean is mourning his lost love and regrets what he did; Fai is bitter because his talents go underappreciated. They all have their own problems and life is not happy. Then they meet a musically talented air-conditioner technician. Seeing how a shy boy made a success of his job, their attitude begins to change. Tank understands and wants to be grown up and ask his dream girl to be his girlfriend one day.",https://image.tmdb.org/t/p/w500/lgejw5iFmDhxYARcO13X0LTZ32k.jpg,0,2013-12-10,https://www.themoviedb.org/movie/243495
"Day Six","Vie, from dying planet Thoria, must find and save brilliant postgraduate Natalie from life force thieves, as her discoveries if she lives, could save Earth and the Thorian race.",https://image.tmdb.org/t/p/w500/mUxdTQxzwrbZpMXRTW19fnTFHcG.jpg,0,,https://www.themoviedb.org/movie/1427158
"Atlantic Adventure","When reporter Dan Miller is once again late to meet his girl friend, Helen Murdock, because he is working on a story, Helen breaks up with him. Later, in an effort to reconcile with her, Dan misses an appointment with the district attorney, and is fired when his editor learns that the district attorney was murdered in Dan's absence. The man suspected of the crime, Mitts Coster, is rumored to be traveling to Europe aboard an ocean liner. While Dan's friend, photographer Snapper McGillicuddy, fetches Helen to the boat, under the pretense that Dan is leaving town to forget her, Dan searches the ship for Mitts, whom he does not recognize. When Helen arrives, Dan feigns illness, and she admits her love for him. When Helen learns of Dan's ruse, however, she angrily hits him with a package that a passenger gave her when she boarded the ship. The package contains a passport for Dorothy Madden, who greatly resembles Helen, and $2,000 dollars.",https://image.tmdb.org/t/p/w500/aZTZhlRVwD2hgpNfhrYhBBswXQV.jpg,5.5,1935-08-25,https://www.themoviedb.org/movie/239976
Bridgend,"Over a 5-year period in Bridgend in Wales, 79 people, many of them teenagers, committed suicide without leaving any clue as to why. This is the starting point for this mysterious social drama.",https://image.tmdb.org/t/p/w500/5mYC98zfbhJtC5Mso4rPBqMAQGv.jpg,5.264,2015-01-22,https://www.themoviedb.org/movie/316885
"Chopping Mall","High-tech robots equipped with state-of-the-art security devices have been recruited as the new mechanical ""night watchmen"" for the Park Plaza Mall. When a jolting bolt of lightning short-circuits the main computer control, the robots turn into ""killbots"" on the loose after unsuspecting shoppers!",https://image.tmdb.org/t/p/w500/ggHbJPYJsjiJnEwHi4xUyJxWpmS.jpg,5.835,1986-11-14,https://www.themoviedb.org/movie/28941
"The Idiot","A small farm town in Kentucky bands together to prevent the evil mayor and his capitalist cronies from taking over and turning their town into a shopping mall.  It all comes down to a bet – can the local village idiot, Dingus, beat an Olympic wrestling champion – Alekski “The Bear From Belarus” Cavalenko from Mother Russia in a wrestling match for the ages!  This is one helluva match-up.",https://image.tmdb.org/t/p/w500/dRJzm8MaF3XZpEpbsK6e7pj4R2D.jpg,0,2010-01-01,https://www.themoviedb.org/movie/309937
Holidays,"An anthology feature film that puts a uniquely dark and original spin on some of the most iconic and beloved holidays of all time by challenging our folklore, traditions and assumptions.",https://image.tmdb.org/t/p/w500/5FXtPtetZaB0giJEqC6mOLBr15A.jpg,4.943,2016-04-22,https://www.themoviedb.org/movie/323262
"Les Lucioles","In the 1920s, female workers in a factory paint fluorescent watch dials. Mollie, the newcomer, makes a mistake that forces her colleagues to work with her through the night. Deprived of the evening ball they were supposed to attend, they end up improvising their own ball in the factory…",https://image.tmdb.org/t/p/w500/lTUCxkL82njFQgKfQXq7iR3DPWF.jpg,0,2024-09-05,https://www.themoviedb.org/movie/1327668
"The Hunger Games: Mockingjay - Part 1","After surviving the Quarter Quell, Katniss finds herself in the hidden stronghold of District 13, where the rebellion against the Capitol is gaining momentum. Struggling with the weight of becoming the symbol of resistance, she must navigate fragile alliances while trying to protect those she loves. As propaganda battles rage and Panem moves closer to full-scale war, Katniss is forced to confront the true cost of revolution.",https://image.tmdb.org/t/p/w500/4FAA18ZIja70d1Tu5hr5cj2q1sB.jpg,6.815,2014-11-19,https://www.themoviedb.org/movie/131631
Ferry,"Before he built a drug empire, Ferry Bouman returns to his hometown on a revenge mission that finds his loyalty tested — and a love that alters his life.",https://image.tmdb.org/t/p/w500/uT0CbPtySSNLNh6MvFkq3xwbRBR.jpg,6.852,2021-05-13,https://www.themoviedb.org/movie/717192
"Ghost Town","Bertram Pincus, a cranky, people-hating Manhattan dentist, develops the unwelcome ability to see dead people. Really annoying dead people. Even worse, they all want something from him, particularly Frank Herlihy, a smooth-talking ghost, who pesters him into a romantic scheme involving his widow Gwen. They are soon entangled in a hilarious predicament between the now and the hereafter!",https://image.tmdb.org/t/p/w500/b8VS14DwpLlugTxVWSllYU0Gjn5.jpg,6.53,2008-09-19,https://www.themoviedb.org/movie/12797
Spectral,"A special-ops team is dispatched to fight supernatural beings that have taken over a European city.",https://image.tmdb.org/t/p/w500/b38TATFWkb3TRNUIPcvGiErRzrw.jpg,6.521,2016-12-09,https://www.themoviedb.org/movie/324670
Christy,"Christy Martin never imagined life beyond her small-town roots in West Virginia—until she discovered a knack for punching people. Fueled by grit, raw determination, and an unshakable desire to win, she charges into the world of boxing under the guidance of her trainer and manager-turned-husband, Jim. But while Christy flaunts a fiery persona in the ring, her toughest battles unfold outside it—confronting family, identity, and a relationship that just might become life-or-death.",https://image.tmdb.org/t/p/w500/dYQ63YbeHgaukE7I2d3cC9Lnoor.jpg,8,2025-11-06,https://www.themoviedb.org/movie/1287322
"Finders Keepers","A curious toddler creates trouble when he finds bank robbers' loot",https://image.tmdb.org/t/p/w500/vPz8V4lq0yCYRGSaOrDAfGXB2gK.jpg,0,1952-01-01,https://www.themoviedb.org/movie/5510
Klimt,"A portrait of Austrian artist Gustav Klimt whose lavish, sexual paintings came to symbolize the art nouveau style of the late 19th and early 20th century.",https://image.tmdb.org/t/p/w500/k23zlYZptToVRMJrG7KdKSGTL6o.jpg,5.082,2006-03-03,https://www.themoviedb.org/movie/29291
"Beyond the Reach","A high-rolling corporate shark and his impoverished young guide play the most dangerous game during a hunting trip in the Mojave Desert.",https://image.tmdb.org/t/p/w500/t6m6ICEG7KrnyYQpROISURkuCD5.jpg,5.891,2014-09-06,https://www.themoviedb.org/movie/284289
"Lost in Africa","Simon, an adopted boy of a Danish couple visiting Kenya with his mother, goes missing in Kibera slum. When his mother offers a reward on TV, the kidnappers are on the run.",https://image.tmdb.org/t/p/w500/xSRvXMUNHqZc4SFT2R0MNFIz0Tt.jpg,3.2,2010-10-07,https://www.themoviedb.org/movie/68254
"Passion Pop","Passion Pop takes its name from the frontside off the lip shouvit, patented by the unpredictable talent of Sunshine Coast surfer Wade Goodall. Check out the never before seen footage of Taj Burrow's ridiculous helicopter acid drops in Indonesia, insane sections of the Billabong team in the Mentawai Islands, Wade Goodall going crazy in the Malaysian wave pool and secret bonus sections of the flow rider session that transpired during the South African leg of the world tour.",https://image.tmdb.org/t/p/w500/ntxrg937YTPCSrVZiz7rNbdSW7E.jpg,0,2006-03-08,https://www.themoviedb.org/movie/1047505
"Underworld: Awakening","Having escaped years of imprisonment, vampire warrioress Selene finds herself in a changed world where humans have discovered the existence of both Vampire and Lycan clans and are conducting an all-out war to eradicate both immortal species. Now Selene must battle the humans and a frightening new breed of super Lycans to ensure the death dealers' survival.",https://image.tmdb.org/t/p/w500/jN0uuc8U6M3sTg9zEaliJV60Stf.jpg,6.328,2012-01-19,https://www.themoviedb.org/movie/52520
"SHINE 27","SHINE Wrestling presents  SHINE 27,  Ybor City, FL,  5/15/2015. Matches include:  • SHINE Championship Match  Santana defends vs. Mia Yim  • Anything Goes Match  Jessicka Havok vs. Su Yung w/ April Hunter  • SHINE Tag Team Championship Match  The Kimber Bombs of Kimber Lee & Cherry Bomb defend vs. Legendary of Brandi Wine & Malia Hosaka w/ Leilani Kai  • Brass Knuckles On A Pole Match  La Rosa Negra vs. Taylor Made w/ April Hunter  • Leah Von Dutch vs. Thunderkitty w/ Leilani Kai  • Valifornia of Andrea & Jayme Jameson w/ So Cal Val vs. Crazy Mary Dobson & Kimberly w/ Daffney  • Allysin Kay w/ April Hunter vs. Tracy Taylor  • Amber Gallows vs. Xandra Bale  • Leva vs. Tessa Blanchard w/ April Hunter.",https://image.tmdb.org/t/p/w500/bc9F5f2OKfiXExcmgoD4ojfzSj3.jpg,0,2015-05-15,https://www.themoviedb.org/movie/1148485
"Plank Face","A man is taken captive by a feral family in the deep woods. They are determined to transform him, body and mind, into one of their own -- whether he likes it or not.",https://image.tmdb.org/t/p/w500/shcNuFU5SLkkDyrJxIZssU3zdGu.jpg,4.842,2016-08-27,https://www.themoviedb.org/movie/418389
"Wrong Direction","Edgar (Edgar Kennedy) gets a call from the studio to come in and direct the last scene of a film in production. But, before he can leave the house, his wife Florence (Florence Lake) and her Mother (Dot Farley) make him dress the part with riding breeches, a beret, an ascot, a crop and riding boots, and this rig is met with much derision by both cast and crew when he arrives at the studio. Carol (Jean Fontaine), the star of the movie doesn't want Edgar as the director and makes things difficult for him, especially after she hears the producer (Nat Carr) tell him he is limited to making no more than two shots on any scene. Meanwhile, Florence, Mother and Brother (Billy Eugene)decide to drop in on the set and watch Edgar at work. Because of his relatives or Carol, Edgar is forced to shoot the same scene over and over.",https://image.tmdb.org/t/p/w500,0,1934-05-18,https://www.themoviedb.org/movie/254686
Vaselinetjie,"At the age of 8, Vaselinetjie is taken away by the Welfare and send to the orphanage. It's a strange, hard, dangerous world of rebel children, fierce house mothers,friends, first loves and where she finally finds true self-acceptance.",https://image.tmdb.org/t/p/w500/acyQiLOzCyA3LTU4xA4g3YiSFik.jpg,6.2,2017-09-22,https://www.themoviedb.org/movie/467155
"Perfect Education: A Maid for You","The seventh film of “The Perfect Education” series tells the tale of a man and a girl who pursue love to the point of madness. With erotic dances and love scenes shot in 3D, the film dpicts a “pure love” story tied with sexual desires. “Welcome home, Master!” Kabashima is a regular at the maid cafe. He is head over heels in love with Ichigo, a maid who works there. On her birthday, he is waiting for her by the back door, she exits finally…several hours later, she awakes only to find herself surrounded by thin, plywood walls, her feel, hand, and mouth bound and gagged with packing tape. Amid the darkness, Kabashima quietly opens his mouth, “this is our house. Let’s live intimately together.”",https://image.tmdb.org/t/p/w500/jJDcQBVttj6zcDhmrBsnTnag8DJ.jpg,2.5,2010-01-30,https://www.themoviedb.org/movie/109149
"Something Evil","A young couple moves into a farmhouse in rural Pennsylvania. What they don't know is that there is an unseen presence in the house, and that it wants to take possession of the wife.",https://image.tmdb.org/t/p/w500/ztVrElyzawZPKx0gLURx54s3IHK.jpg,5.51,1972-01-21,https://www.themoviedb.org/movie/85483
"Tarzan II","When one of his missteps puts his family in jeopardy, Tarzan decides they would be better off without him.",https://image.tmdb.org/t/p/w500/dI0ANmiLaqUuBrX4v8V3ZywkyZ0.jpg,6.1,2005-06-13,https://www.themoviedb.org/movie/15657
Power,"When Hydro-Québec announced its intention to proceed with the enormous James Bay II hydroelectric project, the 15,000 Cree who live in the region decided to stand up to the giant utility. With unprecedented access to key figures like Cree leader Matthew Coon Come and American environmental activist Robert Kennedy Jr., Power is the compelling, behind-the-scenes story of the Cree's five-year battle to save the Great Whale River and their traditional way of life.",https://image.tmdb.org/t/p/w500/64Mz9kAEWQT2KZMRYN0jbQj4ZzX.jpg,5,1996-09-11,https://www.themoviedb.org/movie/1050696
"The Double","An awkward office drone becomes increasingly unhinged after a charismatic and confident look-alike takes a job at his workplace and seduces the woman he desires.",https://image.tmdb.org/t/p/w500/7kNcpmP1Pe9fWLKEbEOX5GEWueC.jpg,6.522,2014-04-03,https://www.themoviedb.org/movie/146015
"Dangerous Crossing","A honeymoon aboard an ocean liner is cut short when the bride finds herself suddenly alone, and unable to convince anyone of her husband’s existence.",https://image.tmdb.org/t/p/w500/cSqIMcCkK79qPzZHD6jTFotow2G.jpg,6.236,1953-07-22,https://www.themoviedb.org/movie/36330
"Vigilante Diaries","The Vigilante Diaries is a high octane action-adventure film featuring 90's movie heroes, explosive action, and international espionage. The film revolves around a team of black-ops agents turned crime-fighters, led by a brooding anti-hero, known only as ""The Vigilante."" These jam-packed missions of rescue and revenge take us from the mega-mansions and underbelly of Los Angeles to far away places like Iraq, Armenia, Russia, and The United Kingdom to introduce us to a cast of colorful, dangerous, and hilarious characters. From Beverly Hills filmmaker Mike Hanover, to a trio of Asian femme fatales, to ruthless Armenian mobsters, and at the top, a pair of deep cover super spies hell bent on throwing the world into chaos.",https://image.tmdb.org/t/p/w500/g3Cvy8zoa1GIvin213cAvPaXlHw.jpg,4.027,2016-09-01,https://www.themoviedb.org/movie/403232
"Welcome to the Occult Forest: The Movie","A washed up horror film director named Kôji Kuroishi and his assistant director named Miho Ichikawa visit a house deep in wooded mountains to film a movie. Once arrived, they meet a mentally deranged woman named Maria Miyoshi who proclaims she's a fan of Kuroishi's works. The woman pleads that she's experienced the same things as documented in Kuroishi's works. Unexplainable phenomena quickly begin to happen, so Kuroishi sets out to document these experiences and turn them into a film, together with the help of a 'super volunteer' named Shôhei Uno and a handsome psychic medium named Nanashi.",https://image.tmdb.org/t/p/w500/1dF2ZUfoO7d4Z5mgYCF3j5VVDjj.jpg,6.7,2022-08-27,https://www.themoviedb.org/movie/1004580
Kate,"A ruthless criminal operative has less than 24 hours to exact revenge on her enemies and in the process forms an unexpected bond with the daughter of one of her past victims.",https://image.tmdb.org/t/p/w500/uJgdT1boTSP0dDIjdTgGleg71l4.jpg,6.633,2021-09-10,https://www.themoviedb.org/movie/597891
"Extraction, USA","An action-crime movie about two women from the margins who take down kingpins and take back their lives. Marni is a bartender, single mom, and occasional pool hustler in the grimy town of Extraction. Her son Jason gets bullied at school, her boss Daryl creeps on her, and she’s not making ends meet. One night a stranger named Steph strides into the bar and challenges Marni to a game of pool. Marni falls for Steph, wowed by her pool skill and tough-girl persona. They hatch schemes to win money, but when they get the chance, they grab the cash and run. Will they take what they need and extract themselves for good?",https://image.tmdb.org/t/p/w500/zcfz62gXVBmuQyt2dnxh1HXSJ9z.jpg,0,2024-11-01,https://www.themoviedb.org/movie/1335779
"King of Hearts","The story of Kari Tapio, who sang his way into the hearts of the Finns in the 70's and whose popularity lasted until his death in 2010.",https://image.tmdb.org/t/p/w500/yLwGxGUcm7TRWvxr7D8Lo2cKice.jpg,5.733,2019-09-13,https://www.themoviedb.org/movie/511900
"The Recall","When five friends vacation at a remote lake house, they expect nothing less then a good time, unaware that Earth is under attack by an alien invasion and mass-abductions.",https://image.tmdb.org/t/p/w500/A2sQAzHavtot2brA42pHXKgf3ww.jpg,4.6,2017-06-02,https://www.themoviedb.org/movie/455551
Minutemen,"When three high-school friends invent a time-machine, they decide to use it to go back in time and prevent other youngsters from making humiliating mistakes.",https://image.tmdb.org/t/p/w500/2y00QZiT3XUGwIxQxY5WLvvd1Y6.jpg,5.8,2008-02-29,https://www.themoviedb.org/movie/22371
"Broken Highway","In this moody black and white drama, very much in the mode of the American ""western,"" but with its own film noir characteristics, a whole town is heaved out of its doldrums when a pair of mysterious strangers come visiting. In the beginning of the film, Angel is traveling with his friend Max on a ship to Honeyfield, a town on the coast of Australia. He is coming home to die. Instead, he dies on board the ship, willing his boots to Angel, and an unopened package to someone called ""The Dead Man,"" in Honeyfield. Also on the ship is a man named Tatts, a far less pleasant personality. When Angel gets off to head into Honeyfield, Tatts decides to follow along unseen. The package, Angel was told, contains something its intended recipient has been looking for without knowing it. On finding the recipient, a mean-spirited old man who is more or less the boss and owner of the town, he learns that the package contains opium.",https://image.tmdb.org/t/p/w500/6ehOA12qV4jBWfm7gTHohVhMQac.jpg,5.2,1993-06-02,https://www.themoviedb.org/movie/198438
"William Tell","The narrative unfolds in the 14th Century, when the European nations vie for supremacy within the Holy Roman Empire. The ambitious Austrian Empire, desiring more land, invades neighbouring Switzerland, a serene and pastoral nation. Protagonist William Tell, a formerly peaceful hunter, finds himself forced to take action as his family and homeland come under threat from the oppressive Austrian King and his ruthless warlords.",https://image.tmdb.org/t/p/w500/8SdaetXSTPyQVDb5pTEPRLBSx15.jpg,6.23,2025-01-17,https://www.themoviedb.org/movie/1195631
Harassed,"A wealthy jeweler mistreats his wife and is unfaithful to her so kills him, sets is up to where his mistress looks like she did it and prepares to inherit a fortune. Then, she starts being harassed with phone calls, sounds, and the appearance of objects that had belonged to her husband. The sexy widow is being harassed - from the grave!",https://image.tmdb.org/t/p/w500/iKaPTGXLHt75nE0VlB8fXGZ4SfZ.jpg,0,1985-05-17,https://www.themoviedb.org/movie/422089
"Danger! Danger!","It’s 1985 and adventurer, Jonathan Danger, has just crash landed onto an Island 20 miles off the coast of Africa. He’s looking for a temple that may or may not be his ticket to go back in time. Too bad the Soviets got there first. Too bad they want to go back in time to change the events of the Space Race and the Cold War and World War II. Too bad he has a punctured a lung. Too bad he’s been kidnapped by Jungle Jim and his sister Jade Calloway. Too bad he never gives up.",https://image.tmdb.org/t/p/w500/uoaYhQA7iyu4Zo4WxbWvGnW3B3X.jpg,3.3,2021-03-15,https://www.themoviedb.org/movie/812654
"Lenny Blue","Two years after the events of Tough Love, Lenny Milton has been transferred, but still finds that he is hated by his colleagues, who have branded him a grass. Meanwhile, when a friend of his Lenny's son dies during a heroin-related overdose, a drug-related gang war breaks out, and Lenny seizes his opportunity to re-ignite his feud with drug trafficker Barry Hindes. Obsessed with bring Hindes to justice, Lenny ignores the advice of his colleagues as he sees a chance for vengeance.",https://image.tmdb.org/t/p/w500/dWVOKjJel8yy72BH2EgdTnFFrz0.jpg,0,2002-07-01,https://www.themoviedb.org/movie/313771
Faultline,"In the beautiful underwater reefs off the coast of Florida's pastoral Pajaro Island, a fissure rips open in the ocean floor. When graduate student Greg Chambers encounters the seismic readings, he rushes to tell his professor, Anthony McAlister. Greg suspects that a massive earthquake is about to give the small island a rude awakening. To make matters worse, the epicenter is right under Pajaro Island's new resort, where Anthony's estranged wife Lynn is working. As they drive to warn Lynn, the quake tears through the small town, damaging downtown and leveling several homes. The bridge connecting the island to the mainland is wiped out. Lynn and three others are trapped underground in the resort's utility tunnels. When Greg is killed during a rescue attempt, Lynn is forced to rally the survivors to try and save themselves. With aftershocks tearing through the site, the tunnels growing more and more unstable...",https://image.tmdb.org/t/p/w500/ocCsYtia0lbtkijs7RUZPlaUGpv.jpg,3.9,2004-01-01,https://www.themoviedb.org/movie/126190
W.,"The story of the eventful life of George W. Bush—his struggles and triumphs, how he found both his wife and his faith—and the critical days leading up to his decision to invade Iraq.",https://image.tmdb.org/t/p/w500/nJm8UF4zbUYEoku9seEtz1PTJGS.jpg,6.2,2008-10-17,https://www.themoviedb.org/movie/10523
Patrick,"A comatose hospital patient harasses and kills through his powers of telekinesis to claim his private nurse as his own.",https://image.tmdb.org/t/p/w500/qxydnHE4D5ArBRNtihlVs5rhhO2.jpg,6.062,1978-10-01,https://www.themoviedb.org/movie/17212
"La Réparation","A few hours before his third Michelin star was awarded, a renowned chef disappeared with his second chef during a hunting trip. His daughter Clara found herself alone at the head of the restaurant, harassed by paparazzi. Two years later, she received an invitation to a renowned gastronomic congress in Taiwan.",https://image.tmdb.org/t/p/w500/3D6J0Mmn1CWFxD5I0STLvx1luE5.jpg,5.5,2025-04-16,https://www.themoviedb.org/movie/1235294
"Swamp Women","An undercover policewoman helps three female convicts escape from prison so that they can lead her to a stash of stolen diamonds hidden in a swamp.",https://image.tmdb.org/t/p/w500/4Rr4hDuXr8gJnH48d7UcySpEnfC.jpg,3.391,1956-04-01,https://www.themoviedb.org/movie/27344
Opus,"A young writer is invited to the remote compound of a legendary pop star who mysteriously disappeared thirty years ago. Surrounded by the star's cult of sycophants and intoxicated journalists, she finds herself in the middle of his twisted plan.",https://image.tmdb.org/t/p/w500/m0du9dsiOVeb0SgfqR8ZAEPRxww.jpg,5.736,2025-03-13,https://www.themoviedb.org/movie/1202479
"The Story of Mr. P. F.","The mysterious, charming Mr. P. F., the protagonist of this full-length documentary film, is a sportsman, inventor, owner of more than 400 patents and a cosmopolitan who knew life in Europe's most glamorous cities. His inquisitiveness and the spirit of cosmopolitanism lured him to Switzerland, where he only just started living. Very quickly he ended up among the European rich elite and they accepted him as one of them. He was a millionaire who was thought to be a billionaire and who also lived like a billionaire.",https://image.tmdb.org/t/p/w500/iPzQ6sysUSadndZbVNGx3gQyIKJ.jpg,9.5,2003-01-01,https://www.themoviedb.org/movie/851868
"The Tunnel","In 2007, in the midst of the drought and water shortages, the NSW State government has unveiled plans to tap into and recycle millions of litres of water trapped in a network of abandoned train tunnels just beneath the heart of Sydney. However the government suddenly goes cold on the plan and it is not made public why. There is talk of homeless people who use the tunnel as shelter going missing, even though the government states that there are no homeless people in there. This, and the silence from the officials and ministers, leads a journalist, Natasha to begin an investigation into a government cover-up. She and her crew Pete (Producer), Steve (Cameraman) and Tangles (Sound Technichian) decide to investigate the story in the tunnel.",https://image.tmdb.org/t/p/w500/d9cWMXgqRYZhBqnf7UI4eaFTJsF.jpg,5.8,2011-05-19,https://www.themoviedb.org/movie/46221
Jaanwar,"A young woman (Zeenat Aman), who grows up in the wild, knows the secret of a lost treasure, and is also the heir to the throne. She meets with a young man (Rajesh Khanna) and both fall in love. Then the people find out that she actually is the heir to the throne, so she re-locates to the palace. Once there, she is brainwashed into forgetting who she is, and the man she loves. Notable song: ""Pyar me nazar churai nahin jati, apno se koi baat chupai nahin jati, dilbar janam janam, janam janam..."";",https://image.tmdb.org/t/p/w500/n3ZjHuqRggvhqL9yNhCFqDvzHLo.jpg,6,1983-01-07,https://www.themoviedb.org/movie/304718
"The Nun","A priest with a dark past and a novice nearing her final vows are sent by the Vatican to Romania to investigate a nun's death and face a demonic force.",https://image.tmdb.org/t/p/w500/sFC1ElvoKGdHJIWRpNB3xWJ9lJA.jpg,5.906,2018-09-05,https://www.themoviedb.org/movie/439079
"Thieves' Highway","Nick Garcos comes back from his tour of duty in World War II planning to settle down with his girlfriend, Polly Faber. He learns, however, that his father was recently beaten and burglarized by mob-connected trucker Mike Figlia, and Nick resolves to get even. He partners with prostitute Rica, and together they go after Mike, all the while getting pulled further into the local crime underworld.",https://image.tmdb.org/t/p/w500/ljnFEsYQXeoW03Jagw159xVDP0J.jpg,7.2,1949-09-20,https://www.themoviedb.org/movie/20025
Aquaman,"Half-human, half-Atlantean Arthur Curry is taken on the journey of his lifetime to discover if he is worth of being a king.",https://image.tmdb.org/t/p/w500/ufl63EFcc5XpByEV2Ecdw6WJZAI.jpg,6.872,2018-12-07,https://www.themoviedb.org/movie/297802
"Tiger Tiger","Tiger Tiger follows Dr. Alan Rabinowitz, renowned big cat conservationist, as he travels deep into the primordial landscape of the Sundarbans - a tidal mangrove forest spanning the India-Bangladesh border. Known as one of the most dangerous places on Earth, the Sundarbans is the domain of what may be the largest, wildest remaining tiger population. Only 3,000 tigers remain in the wild throughout Asia, and as Alan journeys through the remote landscape of the Sundarbans, he confronts the treacherous terrain both tiger and man must navigate in their mutual struggle to survive. This may be his last journey; diagnosed with leukemia, Alan must face his own mortality as he races to save one of the world's most charismatic animals from the razor's edge of extinction.",https://image.tmdb.org/t/p/w500/oiLo2eJTBTZ492KWtrYxQTRMj0M.jpg,0,2015-04-09,https://www.themoviedb.org/movie/335156
"Transporter 3","Frank Martin puts the driving gloves on to deliver Valentina, the kidnapped daughter of a Ukrainian government official, from Marseilles to Odessa on the Black Sea. En route, he has to contend with thugs who want to intercept Valentina's safe delivery and not let his personal feelings get in the way of his dangerous objective.",https://image.tmdb.org/t/p/w500/o4w9VF3GRZuXe9NHHvZ07pJespl.jpg,6.157,2008-11-26,https://www.themoviedb.org/movie/13387
"The Witch: Part 2. The Other One","A girl wakes up in a huge secret laboratory, then accidentally meets another girl who is trying to protect her house from a gang. The mystery girl overthrows the gang with her unexpected powers, and laboratory staff set out to find her.",https://image.tmdb.org/t/p/w500/9YTuscJXmr9Iua62amCgGSU8PDW.jpg,7.338,2022-06-15,https://www.themoviedb.org/movie/615173
"Taken 3","Ex-government operative Bryan Mills finds his life is shattered when he's falsely accused of a murder that hits close to home. As he's pursued by a savvy police inspector, Mills employs his particular set of skills to track the real killer and exact his unique brand of justice.",https://image.tmdb.org/t/p/w500/vzvMXMypMq7ieDofKThsxjHj9hn.jpg,6.265,2014-12-16,https://www.themoviedb.org/movie/260346
Trick,"A detective tries to track down a masked killer who reappears every Halloween to wreak bloody havoc.",https://image.tmdb.org/t/p/w500/vxo4qqrhz61SnAUtlHIbYPzZoBU.jpg,5.8,2019-10-18,https://www.themoviedb.org/movie/628707
"The Tuxedo","Cabbie-turned-chauffeur Jimmy Tong learns there is really only one rule when you work for playboy millionaire Clark Devlin : Never touch Devlin's prized tuxedo. But when Devlin is temporarily put out of commission in an explosive accident, Jimmy puts on the tux and soon discovers that this extraordinary suit may be more black belt than black tie. Paired with a partner as inexperienced as he is, Jimmy becomes an unwitting secret agent.",https://image.tmdb.org/t/p/w500/2agrcNQRtgTsN5SbffC4H2BwYW2.jpg,5.725,2002-09-27,https://www.themoviedb.org/movie/10771
"Young Bess","The mother died under the executioner's axe; the daughter rose to become England's greatest monarch -- the brilliant and cunning Queen Elizabeth I. Jean Simmons portrays young Bess in this rich tapestry of a film that traces the tumultuous, danger-fraught years from Elizabeth's birth to her unexpected ascension to the throne at a mere 25. Charles Laughton reprises his Academy Award®-winning* role as her formidable father Henry VIII. Deborah Kerr plays her last stepmother (and Henry's last of six wives), gentle Catherine Parr. And Simmons' then real-life husband, Stewart Granger, adds heroics as Lord Admiral Thomas Seymour. In a resplendent world of adventure, romance and court intrigue, Young Bess reigns.",https://image.tmdb.org/t/p/w500/yI8vCadGjFtMnJdkRWDGnXrB8rv.jpg,5.675,1953-05-29,https://www.themoviedb.org/movie/44711
Earthfall,"As a rogue planet roars through our solar system, it acts as an intergalactic magnet that pulls Earth in its wake. Meteors destroy major cities. Fire and ice storms engulf the land. Casualties are in the millions. And as the situation grows even worse, Steve Lannon is determined to reunite with his wife and teenage daughter. But when they stumble into a secret government installation, they'll uncover a nuclear mission that will either blast our planet back into orbit or guarantee front row seats to the end of the world.",https://image.tmdb.org/t/p/w500/dCaPFrbKnAjfcz9fUIoX0slelbk.jpg,5.047,2015-06-22,https://www.themoviedb.org/movie/353257
"The Year of the Death of Ricardo Reis","Fernando Pessoa, one of the greatest writers in Portuguese, created an immense parallel world and several heteronyms so as to endure the loneliness of genius. José Saramago, 1998 Nobel Laureate in Literature, has a heteronym, Ricardo Reis, return to Portugal after a 16-year exile in Brazil. 1936 is a perilous year with Mussolini’s fascism, Hitler’s Nazism, Spain’s Civil War and Salazar’s New State in Portugal. And Fernando Pessoa meets his creation, Reis. Two women, Lídia and Marcenda, are Reis’ carnal and impossible passions. “Life and Death as one” allows for literature and cinema.",https://image.tmdb.org/t/p/w500/z9J9DFwTbimW1CGaGZCp0jystV3.jpg,4.375,2020-10-01,https://www.themoviedb.org/movie/614734
"Tin Gods","In a mountain village in South America, Dr. McCoy and the padre watch Roger Drake enter a small chapel near a towering bridge, and McCoy recounts the story of Drake's life: As a rising engineer, he marries Janet Stone, the ambitious daughter of a wealthy family, and neglects his career while Janet becomes a candidate for the State Assembly. Drake comes into conflict with her political friends, and when their baby falls from its nursery window, the couple remorsefully decide to separate. Drake, degenerated by drink, goes to South America to construct a bridge; there he is stricken by fever and is redeemed by the love and care of Carita, a dancer. Carita, however, learns of Janet's political defeat and her attempt to effect a reconciliation with Drake; thinking he still loves his wife, she leaps from the bridge. Drake returns each year to the chapel he has erected in her memory. A lost film.",https://image.tmdb.org/t/p/w500/3AzSLXOObTAjzcGHHc1AvWRHAkq.jpg,0,1926-09-19,https://www.themoviedb.org/movie/461224
"Makkal En Pakkam","Samraj(Sathyaraj)and rajmohan (Rajesh) are good friends who got separated due to a false theft accusation on Samraj. Rajmohan becomes a great political leader whereas Samraj becomes a great smuggler. With Rajmohan's political influence, Samraj smuggling business was affected. Radha(Ambika),Rajmohan's girlfriend works as a junior assistant for his friend who hands an important file to her. The file contains details on Samurai's illegal business. On knowing this Samraj tries to retrieve the file, only to get Radha in trouble. When Samraj realizes that Radha is in trouble he tries to help her and consecutively falls in love with her. Radha let's Samraj know that she already has a child born to Rajmohan and that affair was unofficial.",https://image.tmdb.org/t/p/w500/j3A0n9PvlE8v2eOIuIWdWwx6J96.jpg,6,1987-04-14,https://www.themoviedb.org/movie/304277
"The Legend of Hei 2","When an attack shatters the fragile peace between the spirit world and humanity, Hei teams up with Luye, the last disciple of his Shifu Wuxian, to expose a conspiracy that threatens both realms - and the bond they've sworn to protect.",https://image.tmdb.org/t/p/w500/l1Q7YzanazjJescEkSfcRuIj1hR.jpg,8.276,2025-07-18,https://www.themoviedb.org/movie/1144107
"The Yearling","Ma and Pa Baxter have battled bears, floods, rattlesnakes, hunger, disease, and ornery neighbors for years, but somehow they've prevailed during the toughest pioneer times. Now it's their son, Jody, who will face his own set of challenges. Young Jody Baxter is growing up fast on his parents' modest farm. With three brothers and sisters lost to illness, he's had to work the land just as hard as his daddy. When his only real friend goes ""to visit the angels,"" Jody gets lonely and longs for a pet to share his life. ""Flag,"" an orphaned fawn is his new adopted playmate. With a rekindled spirit, Jody and Flag become an inseparable pair - playing, exploring, and discovering their youthful world. But the new-found joy is only temporary; Flag has become a powerful yearling. When he threatens the family's survival, Jody is faced with the toughest choice of his young life.",https://image.tmdb.org/t/p/w500/4McY7YQWMOqtOwvDNwURM3jLJnl.jpg,5.5,1994-04-24,https://www.themoviedb.org/movie/324011
Gantz,"After trying to rescue a man on the subway tracks, two teens wake up in a room dominated by a mysterious black sphere that sends them to hunt down and kill aliens hiding on Earth.",https://image.tmdb.org/t/p/w500/vScJdcqXHyupdeO3wkTqT92ew85.jpg,6.525,2010-11-29,https://www.themoviedb.org/movie/56832
"Vampire Academy","Rose, a rebellious half-vampire/half-human guardian-in-training and her best friend, Lissa -- a mortal, royal vampire Princess - have been on the run when they are captured and returned to St. Vladamirs Academy, the very place where they believe their lives may be in most jeopardy. Rose will sacrifice everything to protect Lissa from those who intend to exploit her from within the Academy walls and the Strigoi (immortal, evil vampires) who hunt her kind from outside its sanctuary.",https://image.tmdb.org/t/p/w500/cJZpKgiFfjDZ6L5aOJvbmDhsGqY.jpg,6.33,2014-02-07,https://www.themoviedb.org/movie/203739
"Madison County","A group of college kids travel to a small, mountain town called Madison County to interview the author of a tell-all book on the accounts of several grisly murders that happened there. But when the kids get to Madison County, the author is no where to be found and the towns people act like they haven't seen him in years. They also say that the killer never existed and the murders never happened. However, when the kids start digging around to get their own answers, they find out that the stories maybe more real than the townspeople are letting on!",https://image.tmdb.org/t/p/w500/2zCC4BBXyxb9rsSfv1edBgfWXsO.jpg,4.063,2011-10-11,https://www.themoviedb.org/movie/77785
"The Unforgivable","A woman is released from prison after serving a sentence for a violent crime and re-enters a society that refuses to forgive her past.",https://image.tmdb.org/t/p/w500/1b3dNFDuE7i05TJlXrIC571yR01.jpg,7.41,2021-11-24,https://www.themoviedb.org/movie/645886
Lapsis,"In a parallel present, delivery man Ray Tincelli is struggling to support himself and his ailing younger brother. After a series of two-bit hustles and unsuccessful swindles, Ray takes a job in a strange new realm of the gig economy: trekking deep into the forest, pulling cable over miles of terrain to connect large, metal cubes that link together the new quantum trading market. As he gets pulled deeper into the zone, he encounters growing hostility and the threat of robot cablers, and must choose to either help his fellow workers or to get rich and get out.",https://image.tmdb.org/t/p/w500/sXw5f1O5t930kWa9tJAr90BCeOM.jpg,6.176,2021-02-12,https://www.themoviedb.org/movie/665888
Haywire,"A black ops soldier seeks payback after she is betrayed and left for dead.",https://image.tmdb.org/t/p/w500/c9fJ0dYC30NnE9k2p61c0dqlZqW.jpg,5.713,2011-11-01,https://www.themoviedb.org/movie/70435
Zelary,"A nurse and her surgeon-lover are part of a resistance movement in 1940s Czechoslovakia. When they are discovered, her lover flees and she must find a place to hide. A patient whose life she saved, a man from a remote mountain village where time stopped 150 years ago, agrees to hide her as his wife.",https://image.tmdb.org/t/p/w500/s4jFr3bnf8d5WYCSrf0N3e7G9ez.jpg,6.9,2003-09-04,https://www.themoviedb.org/movie/19765
"Brace Up","Hero Henry Court (Herbert Rawlinson) is very much his parents' child, having inherited the predominant character traits of both his go-getting father and his shy, retiring mother. The ""father"" side of his nature manifests itself on the college football field, where Henry excels. Unfortunately, the ""mother"" side is evidenced by a streak of cowardice, which surfaces at all the wrong times. Hoping to expunge the cowardly part of his make-up, Henry hires a bunch of self-styled mentalists to ""concentrate"" his problems away. Pretty soon, Henry is a virtual slave to the whims of the mentalists, who push his emotional buttons with reckless abandon.",https://image.tmdb.org/t/p/w500/3YlvPrhWCZvdGamTxjIFb4h7Wnj.jpg,0,1918-03-18,https://www.themoviedb.org/movie/603691
"Lee Rock III","The final part of the Lee Rock trilogy. Lee Rock's rise to power with the corruption of the Hong Kong Police is about to crumble beneath him. With the discovery of him being a father of a uncorruptable cop and his dying first love, can Lee Rock manage to keep from being swallowed by the new Police Officials, save his former flame and become a father to his long forgotten son?  (This third film is simply a compilation of the first two films in a shortened version of 1 hour 13 mins).",https://image.tmdb.org/t/p/w500/hSrSpd5gEhkWjFuyNNpaYlZpQib.jpg,3.9,1992-03-14,https://www.themoviedb.org/movie/365895
"The Haunting","Dr. David Marrow invites three distinct individuals to the eerie and isolated Hill House to be subjects for a sleep disorder study. The unfortunate guests discover that Marrow is far more interested in the sinister mansion itself — and they soon see the true nature of its horror.",https://image.tmdb.org/t/p/w500/xwLldS5JnB4441iS50ha9ZrkaA8.jpg,5.5,1999-07-23,https://www.themoviedb.org/movie/11618
Hecate,"Set amid the European community in an unspecified North African country, a colony on the verge of nationalism just before the war. And colonized is what happens to a French diplomat, Julien Rochelle, when he meets the mysterious beauty Clothilde de Watteville. Schmid 's favorite axiom, that love is projection, never had such a thorough airing. Is Clothilde really the wife of a French official now holed up in Siberia? Or is she Hecate, goddess of black magic and devourer of the Arab boys she meets far from the European quarter? Only our projections know for sure; for the rest, she is a ""woman looking out into the night."" Drawn from a novel by Paul Morand, who based the main character on his wife Helene, Schmid's film achieves an atmosphere of magic in which psychological credibility is not so much absent as irrelevant-a film that distances itself from the drama it invokes, perhaps as the elusive Clothilde turns her back on the madness she provokes.",https://image.tmdb.org/t/p/w500/2zDAdJaml0Hl9N2StjONRjXi33C.jpg,5.2,1982-10-22,https://www.themoviedb.org/movie/64100
Bait,"A freak tsunami traps shoppers at a coastal Australian supermarket inside the building ... along with a 12-foot great white shark.",https://image.tmdb.org/t/p/w500/e2OIr4y90ZZjIRWQ0XBOVzpBn4x.jpg,5.6,2012-09-05,https://www.themoviedb.org/movie/118957
"Play-Mate of the Apes","Three sexy astronauts crash land on a planet where apes rule. They attract the attention of human-friendly scientist Dr Kweera and the wild woman Uvala and soon unbridled female lust threatens ape society.",https://image.tmdb.org/t/p/w500/kTuf3qZyA4HlnScCA7jdaXvCysr.jpg,3.842,2002-02-26,https://www.themoviedb.org/movie/28130
Pentathlon,"When East German Eric Brogar wins a gold medal in the pentathlon, he escapes to freedom in the west with the help of a beautiful American athlete. But his demanding coach, Heinrich Mueller vows revenge and Eric's best friend and his father pay the ultimate price for his freedom when they are killed by the Secret Police. In Los Angeles, Eric starts to train for the gold again. But when Mueller comes to America, Eric must win the most deadly game of all… the fight for his life.",https://image.tmdb.org/t/p/w500/kD5SvLTd1MSvuwPrshoIaGIDlgC.jpg,4.208,1994-06-04,https://www.themoviedb.org/movie/30526
"15 Things You Didn't Know About Bigfoot","A clickbait journalist is sent to the Appalachian foothills to cover a Bigfoot Convention where he discovers there’s more to this listicle than meets the eye.",https://image.tmdb.org/t/p/w500/jj6czY1rTP06NcZqaczEv2jDyWb.jpg,6.7,2019-10-25,https://www.themoviedb.org/movie/640173
Fear,"Nicole Walker always dreamed of being swept away by someone special — someone strong, sexy and sensitive who would care for her more than anything else in the world. David is all that and more: a modern-day knight who charms and seduces her, body and soul. But her perfect boyfriend is not all he seems to be. His sweet facade masks a savage, dark side that will soon transform Nicole's dream into a nightmare.",https://image.tmdb.org/t/p/w500/ut8snuINzOibbKnvpTnsGWQr4Nl.jpg,6.511,1996-04-12,https://www.themoviedb.org/movie/10543
"Thick & Thin","For two best friends, Kathy and Selena couldn't seem more different. Kathy is confident, mysterious and alluring, while Selena is shy and inexperienced, forever standing in Kathy's shadow. However, when Selena is invited over the Kathy's house for the first time, hidden parts of Kathy's life are revealed, and her wall of confidence begins to crack. As brewing tension leads to a bitter face off between the girls, Kathy and Selena must choose between saving face and saving their friendship.",https://image.tmdb.org/t/p/w500/nrXAs8ma1ZCoI0ZqoUX30Jbl4g9.jpg,0,2006-07-18,https://www.themoviedb.org/movie/1224020
"The House","When Scott and Kate Johansen’s daughter gets into the college of her dreams it’s cause for celebration. That is, until Scott and Kate learn that the scholarship they were counting on didn’t come through, and they’re now on the hook for tuition they can’t begin to afford. With the help of their friend and neighbor Frank also in need of a major payday they decide to open an illegal casino in his suburban house, risking everything together on a Vegas-style bacchanal where money flows, inhibitions are checked at the door, and all bets are off.",https://image.tmdb.org/t/p/w500/hkmWkVgirei79bwds23Hr0lWSXS.jpg,5.622,2017-06-29,https://www.themoviedb.org/movie/345914
"Yu Pui Tsuen II","Before Michael Mak’s Sex And Zen became a cult favourite in the ’90s, there was Ho Fan’s Yu Pui Tsuen (The Carnal Prayer Mat, 1987). But without sex bomb Amy Yip, coarse humour or lesbian love affairs, Yu Pui Tsuen had to rely on the nudity and sex from his cast of relative unknowns to save the day.  When a young man dreams that he drowns after a night of carnal passion, he asks a buddhist monk to translate the experience for him. The monk replies that the dream is a warning not to indulge the pleasures of the flesh to excess, but the man ignores his advice, marrying a virgin and making love to her constantly. However, after several torrid affairs, the man begins to realise the sagacity of the monk's warning.",https://image.tmdb.org/t/p/w500/3NwBn6zPY6yXCqfxEHmEgGh8Jgc.jpg,5.2,1987-10-15,https://www.themoviedb.org/movie/410119
"The Son","A successful lawyer, with a new wife and infant, agrees to care for his teenage son from a previous marriage after his ex-wife becomes concerned about the boy's wayward behavior.",https://image.tmdb.org/t/p/w500/hYR2doH3arnX0Y6WULuBPbtaLjN.jpg,6.733,2022-11-10,https://www.themoviedb.org/movie/806368
"Death of a Neapolitan Mathematician","Naples, 1959. Pure Mathematics professor Renato Caccioppoli, Bakunin's grandson, is a tortured soul. Recently discharged from the psychiatric hospital, left by his wife, and increasingly disillusioned with academia and the Communist Party, he lives his last days with painful detachment.",https://image.tmdb.org/t/p/w500/iHYyBxw4ATQ9QTyXCOm5V6H0IRT.jpg,6.7,1992-09-08,https://www.themoviedb.org/movie/59577
"Perfect Blue","Rising pop star Mima quits singing to pursue a career as an actress. After she takes up a role on a popular detective show, her handlers and collaborators begin turning up murdered. Harboring feelings of guilt and haunted by visions of her former self, Mima's reality and fantasy meld into a frenzied paranoia.",https://image.tmdb.org/t/p/w500/6WTiOCfDPP8XV4jqfloiVWf7KHq.jpg,8.3,1998-02-28,https://www.themoviedb.org/movie/10494
Solaris,"A troubled psychologist is sent to investigate the crew of an isolated research station orbiting a bizarre planet.",https://image.tmdb.org/t/p/w500/drdrB1hEZmzFlK1xtW5HMxK3LUJ.jpg,5.916,2002-11-27,https://www.themoviedb.org/movie/2103
"Hacksaw Ridge","WWII American Army Medic Desmond T. Doss, who served during the Battle of Okinawa, refuses to kill people and becomes the first Conscientious Objector in American history to receive the Congressional Medal of Honor.",https://image.tmdb.org/t/p/w500/wuz8TjCIWR2EVVMuEfBnQ1vuGS3.jpg,8.192,2016-10-07,https://www.themoviedb.org/movie/324786
"Valley of the Dead","During the Spanish Civil War, sworn enemies must work together when they encounter flesh-eating zombies created in a Nazi experiment.",https://image.tmdb.org/t/p/w500/avokvOwhjVR9GgISsSSgb2A343G.jpg,6.238,2020-10-08,https://www.themoviedb.org/movie/613093
Discarnate,"A neuroscientist's obsession with a drug that expands the human mind inadvertently unleashes a deadly supernatural force on his team.",https://image.tmdb.org/t/p/w500/5NAWW7zTG0zhrBfHk0sTy1hQlFb.jpg,5.3,2019-02-20,https://www.themoviedb.org/movie/513421
"Trophy Kids","To win the celebrity and self-made wealth he craves, an aimless, twenty-something Manhattan playboy devises a film based on his party-boy, club-going lifestyle, and hires a self-destructive aspiring playwright to ghost the feature script. As the mismatched pair struggles to complete the script and get a handle on their misdirected lives, they reveal the sometimes comedic, sometimes tragic behaviors of 'Generation Y'- a generation taught to believe each was incomparably special and messianically gifted. Though they begin to vie for the affections of the same girl, and their chance at success and happiness threatens to crumble, they ultimately each find their own, unique life truths.",https://image.tmdb.org/t/p/w500/oPTbyNhN1ZOLpjRs6vKDZwaOFzj.jpg,4.833,2011-01-01,https://www.themoviedb.org/movie/301049
Borderline,"Psychiatrist Dr. Lila Colleti is divorcing her husband and is devastated when he wins custody of their two little girls, whom he gets largely because Lila's job, being a psychiatrist for the criminally insane at the local prison, is a potentially dangerous one that forces her to keep long, erratic hours. When one of Lila's patients, Ed Baikman, is released into a half-way house, he decides under the delusional influence of his psychosis to help her out by murdering her ex-husband and his girlfriend, and then threatening to tell the cops they'd planned it together when she refuses to become romantically involved with him. Though Lila's lover, police detective Macy Kobacek, stands by her loyally, Baikman does such an ingenious job of implicating Lila in the crime that even Macy begins to have his doubts about Lila's innocence",https://image.tmdb.org/t/p/w500/jVe5Uf85ZToJxR5KLaMqH4Dsjpa.jpg,5.022,2002-11-15,https://www.themoviedb.org/movie/69492
Nikita,"A beautiful felon, sentenced to life in prison for the murder of a policeman, is given a second chance – as a secret political assassin controlled by the government.",https://image.tmdb.org/t/p/w500/1ulQDewUG4KKHOhpXdGKm3GdLFq.jpg,7.092,1990-02-21,https://www.themoviedb.org/movie/9322
"Black Box","Mathieu is a young and talented black box analyst on a mission to solve the reason behind the deadly crash of a brand new aircraft. Yet, when the case is closed by authorities, Mathieu cannot help but sense there is something wrong with the evidence. As he listens to the tracks again, he starts detecting some seriously disturbing details. Could the tape have been modified? Going against his boss' orders, Mathieu begins his own rogue investigation - an obsessional and dangerous quest for truth that will quickly threaten far more than his career...",https://image.tmdb.org/t/p/w500/gIYxQoxQC78kQBxIKCR41hheqwb.jpg,7.331,2021-09-08,https://www.themoviedb.org/movie/663260
"In Corpore","Four couples deal with love and lust, commitment and infidelity, and the pressures of relationship expectations. Filmed in Melbourne, Berlin, Malta, and New York, In Corpore tackles the consequences faced when one chooses to either suppress or give into the inner desires of body and soul.",https://image.tmdb.org/t/p/w500/baTt28SoQg4HiVBDhEIsJ0g8CKZ.jpg,3.167,2020-11-26,https://www.themoviedb.org/movie/771217
"Personal Shopper","Maureen, mid-20s, is a personal shopper for a media celebrity. The job pays for her stay in Paris, a city she refuses to leave until she makes contact with her twin brother who previously died there. Her life becomes more complicated when a mysterious person contacts her via text message.",https://image.tmdb.org/t/p/w500/cdm6qZgmbaIwjKBZnUSGWS4eyM2.jpg,5.923,2016-12-14,https://www.themoviedb.org/movie/340676
"Kingdom of the Planet of the Apes","Several generations following Caesar's reign, apes – now the dominant species – live harmoniously while humans have been reduced to living in the shadows. As a new tyrannical ape leader builds his empire, one young ape undertakes a harrowing journey that will cause him to question all he's known about the past and to make choices that will define a future for apes and humans alike.",https://image.tmdb.org/t/p/w500/gKkl37BQuKTanygYQG1pyYgLVgf.jpg,7.058,2024-05-08,https://www.themoviedb.org/movie/653346
"A Life Interrupted","After Debbie Smith was raped, she didn't take the law into her own hands. She wrote the law... Based on a true story. In 1989, Debbie Smith was living a quiet life as a housewife with her police officer husband, Rob and their two kids, but one day it's all shattered. While her husband slept upstairs, Debbie was dragged from her kitchen in broad daylight and brutally raped in the woods. After going through the dehumanizing rape-kit, she waited with fear and paranoia. Six years later, her rapist was caught through a chance DNA test. After learning how many rape-kits go untested and how long women wait to get justice, Debbie makes it her mission so no more women will suffer the long wait to get justice.",https://image.tmdb.org/t/p/w500/v3v3C6GiwJrcyN5HrGyzoP1QMX2.jpg,5.577,2007-04-23,https://www.themoviedb.org/movie/46855
"Solo Leveling -ReAwakening-","Over a decade after 'gates' connecting worlds appeared, awakening 'hunters' with superpowers, weakest hunter Sung Jinwoo encounters a double dungeon and accepts a mysterious quest, becoming the only one able to level up, changing his fate. A catch-up recap of the first season coupled with an exclusive sneak peek of the first two episodes of the highly anticipated second season in one momentous theatrical fan experience.",https://image.tmdb.org/t/p/w500/dblIFen0bNZAq8icJXHwrjfymDW.jpg,7.01,2024-11-26,https://www.themoviedb.org/movie/1357633
"Scream 4","Ten years have passed, and Sidney Prescott has put herself back together thanks to her writing. However, her return to Woodsboro sparks the return of the Ghostface Killer.",https://image.tmdb.org/t/p/w500/tcrI37K98TVopLbcZBa55mWhLT1.jpg,6.5,2011-04-13,https://www.themoviedb.org/movie/41446
"Bad Education","A superintendent of a school district works for the betterment of the student’s education when an embezzlement scheme is discovered, threatening to destroy everything.",https://image.tmdb.org/t/p/w500/gizz5FphOtfSnLaGpRALOZgILd5.jpg,6.736,2019-09-08,https://www.themoviedb.org/movie/530723
"The Imitation Game","Based on the real life story of legendary cryptanalyst Alan Turing, the film portrays the nail-biting race against time by Turing and his brilliant team of code-breakers at Britain's top-secret Government Code and Cypher School at Bletchley Park, during the darkest days of World War II.",https://image.tmdb.org/t/p/w500/zSqJ1qFq8NXFfi7JeIYMlzyR0dx.jpg,7.99,2014-11-14,https://www.themoviedb.org/movie/205596
"Timber Falls","A weekend of camping in the mountains becomes an excursion into hell for a young couple, who become pawns in a grotesque plot hatched by deranged locals.",https://image.tmdb.org/t/p/w500/v6Lgqh0OYLpeKzbIqxPeDXYstKE.jpg,5.343,2007-12-07,https://www.themoviedb.org/movie/8875
"Wild West","A young Pakistani, living in England thinks that he is a cowboy and dreams of leading his country music band to success in Nashville. He meets a young woman who leaves her abusive husband and joins their group as a singer, but when they get a break with a record company, the company is only interested in her. Taking the proceeds of the sale of their family home, they finally set out to achieve their dream in Nashville. There are several comic sub-plots as well, the main one revolving around a biker gang out to get the family.",https://image.tmdb.org/t/p/w500/e4uAser06pKhDg01r8dLHGdwABQ.jpg,5,1993-05-13,https://www.themoviedb.org/movie/220303
"The Fool","Thanks to an embarrassing stand-up routine promoting Christian intelligent design, Ray Comfort was dubbed ""Banana Man"" by Professor Richard Dawkins and mocked by an entire generation of atheists.  But Ray's gotten used to it. In fact, he’s been using his banana-based infamy as a way to evangelize even more. Last year, he wrote a book, hoping that would provide some much needed context to his banana bit — it didn’t — and now he’s made this movie documenting the same thing. The problem with the entire routine, though, is that taking an hour to explain a horrible analogy doesn’t work when your starting point is a horrible analogy.",https://image.tmdb.org/t/p/w500/2J0QZ4j8jYOpe2gzCSYIQImIXod.jpg,4.4,2018-08-24,https://www.themoviedb.org/movie/599325
"Incantesimo napoletano","In a family of full-blooded Neapolitans, tragedy strikes: a girl is born speaking and acting like a northerner!",https://image.tmdb.org/t/p/w500/rv5ygPl4ykrgOlGp1rk2W4v9NO9.jpg,5.7,2002-02-08,https://www.themoviedb.org/movie/167501
"Mr. Reckless","An oil well digger tries to win back his former girlfriend, now engaged to another man.",https://image.tmdb.org/t/p/w500/lczvTcRmXuLwT8WN2Dl7LbjVhYL.jpg,4.5,1948-03-26,https://www.themoviedb.org/movie/242957
"Birdsock Academy","A mockumentary revealing the classic con of a narcissistic founder of a for-profit educational institution. The faceless camera crew reveals the inner workings of Birdsock Academy, whose motto, ""Excellentia in Mediocritia,"" exemplifies the abilities of Malcom T. Birdsock to capitalize on his own terminal incompetence. Birdsock surrounds himself with a small team of educators willing to pass on the baton of mediocrity to graduating students able to successfully blend into mainstreams of middling standards and expectations.",https://image.tmdb.org/t/p/w500,0,2023-08-27,https://www.themoviedb.org/movie/1254855
Squared,"A one night stand gets competitive when two guys find out they are both tops.",https://image.tmdb.org/t/p/w500/swekafx7YdZP6629gsNBAVgclUm.jpg,4,2014-09-20,https://www.themoviedb.org/movie/322907
"The 40 Year Old Virgin","Andy Stitzer has a pleasant life with a nice apartment and a job stamping invoices at an electronics store. But at age 40, there's one thing Andy hasn't done, and it's really bothering his sex-obsessed male co-workers: Andy is still a virgin. Determined to help Andy get laid, the guys make it their mission to de-virginize him. But it all seems hopeless until Andy meets small business owner Trish, a single mom.",https://image.tmdb.org/t/p/w500/mVeoqL37gzhMXQVpONi9DGOQ3tZ.jpg,6.414,2005-08-11,https://www.themoviedb.org/movie/6957
"Golden Stripes","Young Tyrone embarks on a fulfilling journey as an artist following a tumultuous start in life, subjected to horrific abuse in a foster home that violated their duty of care.",https://image.tmdb.org/t/p/w500/MUzmmq16qqi9lszoYPnYXOEvEb.jpg,5,2023-10-06,https://www.themoviedb.org/movie/1172559
"Brighton Storeys","In Brighton on the South coast of England, sharpened by the sting of sea spray, and mellowed by numinous light, a tight-knit community of oddballs and heart-felts live together in a tatty old mansion, the Fletcher Apartments. When a golden feather, the priceless antique mascot of the building, unexpectedly disappears, the residents have a mystery to solve. Will they find the talisman that previously bound them together, or will their community, now divided against itself, irrevocably unravel?",https://image.tmdb.org/t/p/w500,0,,https://www.themoviedb.org/movie/1295294
"Mandarin Peel","Mandarin Peel is a haiku. Through a lens of memory and dreams, two girls explore their friendship and the joy of a juicy mandarin in the dry Australian landscape. An evocative montage, the film evokes tactile experiences and revels in the visceral. It's a musing on childhood, kinship, instincts, violence and forgiveness. The children of Mandarin Peel serve as metaphors for Australia itself, its exploration of identity, forging relationships, inventing history and future.",https://image.tmdb.org/t/p/w500/31o7DhvYCSY90c207hz3JL8Zgaj.jpg,6,2009-08-09,https://www.themoviedb.org/movie/475586
"Chop Suey","A homage to Bruce Weber's Favourite things, these being mixing film, photography and classic movies. With portraits of a lesbian jazz singer and a 16-year-old wrestler.",https://image.tmdb.org/t/p/w500/8orOzNjOCa8I8Q3InDKtaZKYbsb.jpg,4,2001-02-11,https://www.themoviedb.org/movie/183954
"Spirit: Stallion of the Cimarron","A captured mustang remains determined to return to his herd no matter what.",https://image.tmdb.org/t/p/w500/cUgYrz4twiJ3QgVGpRfey984NIB.jpg,7.684,2002-05-24,https://www.themoviedb.org/movie/9023
"Destroying America","Five years in the making, with a cast of thousands, Destroying America comes on the heels of the best selling skateboard video of all time, The End. A film this dangerous hasn't been seen since Cannonball Run 2. Heath Kirchart and Jeremy Klein are two skateboarders just out to have a good time in a race across the good old US of A. Rescued after a near death skateboarding accident, the two show off their amazing ability to cause destruction while a sinister cop, with an agenda of his own, tires to bring them down. The top notch story, an all-star cast (Eric Estrada, Tony Hawk, Ming Tran), and a special guest appearance by the Hook-Ups Destruction Van, makes Destroying America this year's hottest movie.",https://image.tmdb.org/t/p/w500/a1uBQUaPxznEcK59WebKrcvnohL.jpg,0,2001-03-30,https://www.themoviedb.org/movie/176486
Carrie,"Withdrawn and sensitive teenager Carrie White faces bullying from classmates and abuse from her fanatically pious mother. When she begins to suspect that she has supernatural powers, things take a dark and violent turn.",https://image.tmdb.org/t/p/w500/uc3OvgmbnYaS5Y0BOjSmC1EmSz1.jpg,7.321,1976-11-03,https://www.themoviedb.org/movie/7340
"Kiss Kiss, Kill Kill","Tony and Brad investigate the murders of politicians and scientists. They soon face off against a team of super hit women with their usual flair.",https://image.tmdb.org/t/p/w500/nHHxcwEdLWgxiZBVqfAVFHJXJaP.jpg,6.2,1966-03-11,https://www.themoviedb.org/movie/4527
Tenebre,"A razor-wielding serial killer is on the loose, murdering those around Peter Neal, an American mystery author in Italy to promote his newest novel.",https://image.tmdb.org/t/p/w500/uWNCyUX9sjtnhleqyw2W5ECijlP.jpg,6.8,1982-10-28,https://www.themoviedb.org/movie/29702
Kiskisan,"A steamy tale of love, lust, and betrayal. When Adele's sister Bea returns with her girlfriend Cheska, a secret affair begins between Cheska and Adele's boyfriend, Rener, leading to a climactic ending when they're caught.",https://image.tmdb.org/t/p/w500/xTKDqre2om0YHHkiQbkiFyMorE9.jpg,6.143,2024-09-27,https://www.themoviedb.org/movie/1337395
"Toy Masters","First ever feature-length documentary on the world-wide phenomenon that inspired an entire generation of children and became a billion dollar franchise--""Masters of the Universe"". Features interviews with the key creative personnel behind every version of the best selling toy line and all incarnations of ""Masters of the Universe"" on television, film, stage, and print, tracing the inception and ups and downs of the fantasy juggernaut.",https://image.tmdb.org/t/p/w500/w71q7FRv9OCLc9a9whhpIfikg74.jpg,5.3,2014-08-16,https://www.themoviedb.org/movie/287178
"Angry Rescue","An international security company assigns Long Xiaohu and his comrade Gao Feng to escort an unknown creature. On their return journey, they are unexpectedly ambushed by armed gangsters, leading to a disastrous incident. Framed as kidnappers, they face severe misunderstandings from their families and colleagues.",https://image.tmdb.org/t/p/w500/jWI5AmB4rTY3QEOwgSxB0GySzBS.jpg,8.5,2025-05-04,https://www.themoviedb.org/movie/1474779
"The Twin","Matthias Duval is in love, but he can't choose between the two twin sisters Betty and Liz Kerner. To pick up the two sisters, he invents his own twin brother and will play both characters.",https://image.tmdb.org/t/p/w500/2ctu39oPSwB9Wp2L1nwieZdBwOD.jpg,5.944,1984-10-10,https://www.themoviedb.org/movie/39978
"Revolution: The Legacy of the Sixties","'Revolution: The Legacy of the Sixties' is an exploration of the 1960s Western cultural revolution as it ushers in our contemporary society. 'Revolution' explores, partly through interviews with many of its key instigators, the ground breaking cultural and social transformation of the 1960s as we get to the root of what changed during that period, and why. To what extent is our society and culture today a product of those changes? What does the 60s generation feel remains to be done today to complete the revolution, 50 years on?",https://image.tmdb.org/t/p/w500/jI7fEj0g5hkzHxkjtCbKK61JDSQ.jpg,0,2017-08-20,https://www.themoviedb.org/movie/1507418
"Sail Away","Edinburgh 1861. Smout, a young boy confined to bed due to his fragile health is secretly joined by his friend Sam. Together, they flee to a colorful world seeking a marvelous treasure. Will Smout's health be strong enough to live this adventure?",https://image.tmdb.org/t/p/w500/6Y4AY3A82nif4tdk4GZ7TlI7cNi.jpg,0,2013-09-01,https://www.themoviedb.org/movie/930559
"The Terminator","In the post-apocalyptic future, reigning tyrannical supercomputers teleport a cyborg assassin known as the ""Terminator"" back to 1984 to kill Sarah Connor, whose unborn son is destined to lead insurgents against 21st century mechanical hegemony. Meanwhile, the human-resistance movement dispatches a lone warrior to safeguard Sarah. Can he stop the virtually indestructible killing machine?",https://image.tmdb.org/t/p/w500/hzXSE66v6KthZ8nPoLZmsi2G05j.jpg,7.673,1984-10-26,https://www.themoviedb.org/movie/218
Wayne,"Wayne tells the exhilarating story of 1987 World Motorcycle Grand Prix Champion Wayne Gardner's triumphant, improbable journey from a 5-dollar dirt bike to the international summit of his sport.",https://image.tmdb.org/t/p/w500/asq5fP7bKhfuTynhsmUdgs0PvJy.jpg,6,2018-09-06,https://www.themoviedb.org/movie/535222
"Robot Dreams","A lonely dog's friendship with his robot companion takes a sad turn when an unexpected malfunction forces him to abandon Robot at the beach. Will Dog ever meet Robot again?",https://image.tmdb.org/t/p/w500/ds402Qq09ybgBcXKiQNTZfzsP5o.jpg,8,2023-12-06,https://www.themoviedb.org/movie/838240
Heroin,"Unfinished David Wojnarowicz film that was salvaged by Marion Scemama from Fales Library.",https://image.tmdb.org/t/p/w500/wfdI1tQlrAiGRQAYoL9QLZfcrA9.jpg,0,1981-01-01,https://www.themoviedb.org/movie/607282
"Little Boxes","It's the summer before 6th grade, and Clark is the new-in-town biracial kid in a sea of white. Discovering that to be cool he needs to act 'more black,' he fumbles to meet expectations, while his urban intellectual parents Mack and Gina also strive to adjust to small-town living. Equipped for the many inherent challenges of New York, the tight-knit family are ill prepared for the drastically different set of obstacles that their new community presents, and soon find themselves struggling to understand themselves and each other in this new suburban context.",https://image.tmdb.org/t/p/w500/2MARwPALPBlLUN9OyBqvDdeSenQ.jpg,6.1,2017-04-14,https://www.themoviedb.org/movie/390407
"Flying Elephants","Cavemen Stan and Ollie vie for the affections of a stone-age beauty.",https://image.tmdb.org/t/p/w500/8z6WrIjFV2hqh3rLmcYFJKHDAPI.jpg,5.7,1928-02-12,https://www.themoviedb.org/movie/48820
"Always - Sunset on Third Street","Teenage Mutsuko comes to Tokyo for work but ends up at a repair shop. She befriends the owner's family. Neighbors Hiromi, writer Chagawa with admirer Junnosuke strive alongside them in postwar Tokyo's evolution.",https://image.tmdb.org/t/p/w500/20lchzT4J5v8VwEIud6CicAwBoZ.jpg,7.6,2005-11-11,https://www.themoviedb.org/movie/13430
Boulevard,"Nolan Mack, a soft-spoken bank employee, undoubtedly loves his wife Joy, though their cavernous empty house only underscores how disconnected they’ve always been from each other. Nolan finds himself drifting from his familiar present-day life in pursuit of lost time after meeting a troubled young man named Leo on his drive home. What begins as an aimless drive down an unfamiliar street turns into a life-altering series of events.",https://image.tmdb.org/t/p/w500/pURqIgBlaYpU0gJkxyCkhSF9pri.jpg,5.741,2014-04-20,https://www.themoviedb.org/movie/259963
"Leprechaun: Origins","Two young couples backpacking through Ireland discover that one of Ireland's most famous legends is a terrifying reality.",https://image.tmdb.org/t/p/w500/yyZ7folrZTqEJFD7wUuGf84CmPK.jpg,4.427,2014-08-22,https://www.themoviedb.org/movie/126172
"Pals of the Prairie","Old timer Hank Robbins and his young pal,""Red"" Hepner ride into the town of Cajon, Mexico and find it under a reign of terror imposed by a mysterious outlaw known as El Lobo. Don Jose Valencia is also upset over the romance between his son Francisco and saloon girl Dolores. Pete Sangor, an American resident, has his eye on the girl also. ""Red"" and Hank discover that Sangor is El Lobo, and ride to rescue the kidnapped Francisco.",https://image.tmdb.org/t/p/w500,0,1929-07-01,https://www.themoviedb.org/movie/960006
"The Colony","Forced underground by the next ice age, a struggling outpost of survivors must fight to preserve humanity against a threat even more savage than nature.",https://image.tmdb.org/t/p/w500/ppTqHex38Jkpg9fhPzDcYJuxqhR.jpg,5.449,2013-04-12,https://www.themoviedb.org/movie/178809
"The Diary of Ellen Rimbauer","Set at the turn of the century, this is the tale of Ellen Rimbauer who just received this mysterious mansion as a wedding gift from her new husband...",https://image.tmdb.org/t/p/w500/fjTzrF9m2hC8OF4Q1umM5CPoeK9.jpg,5.414,2003-05-12,https://www.themoviedb.org/movie/16175
"The Twilight Saga: Eclipse","Bella once again finds herself surrounded by danger as Seattle is ravaged by a string of mysterious killings and a malicious vampire continues her quest for revenge. In the midst of it all, she is forced to choose between her love for Edward and her friendship with Jacob, knowing that her decision has the potential to ignite the ageless struggle between vampire and werewolf. With her graduation quickly approaching, Bella is confronted with the most important decision of her life.",https://image.tmdb.org/t/p/w500/dK4Gi1UdMiHzHc7r7CZQG4IQ9Sr.jpg,6.2,2010-06-23,https://www.themoviedb.org/movie/24021
Whiplash,"Under the direction of a ruthless instructor, a talented young drummer begins to pursue perfection at any cost, even his humanity.",https://image.tmdb.org/t/p/w500/7fn624j5lj3xTme2SgiLCeuedmO.jpg,8.4,2014-10-10,https://www.themoviedb.org/movie/244786
"Cry Macho","A one-time rodeo star and washed-up horse breeder takes a job from an ex-boss to bring the man's young son home from Mexico.",https://image.tmdb.org/t/p/w500/esrzqq7Ud8yoslFTu3J5HqTJVOQ.jpg,5.957,2021-09-16,https://www.themoviedb.org/movie/749274
"Fright Club","Get a triple dose of horror at the Fright Club! When three friends go to an eccentric art gallery, they discover they've arrived at the Fright Club -- a secret society owned by turn-of-the century Renaissance man Sebastian Crowe. In order to gain entrance, the friends must each tell sexy hostess Vashista their most horrific scary story. What follows are three terrifyingly creepy contemporary tales of werewolves, vampires and monsters.",https://image.tmdb.org/t/p/w500/dYqrsws7WO46f1D5ULTagDOSULb.jpg,0,2006-05-09,https://www.themoviedb.org/movie/275897
Morals,"Reared in a Turkish harem and threatened with marriage to a man she does not love, Carlotta escapes to London with an English adventurer. When he is killed, she is left destitute and attaches herself to Sir Marcus Ordeyne and begs his protection. He takes her home out of pity, and her charm and innocence cause him to fall in love with her. When he plans to marry her, Judith Mainwaring, who looks upon Carlotta as a rival, tells her he merely pities her and is marrying her to avoid a scandal. Carlotta runs away with Pasquale, a friend of Sir Marcus, though she loves her guardian. Later, Mrs. Mainwaring meets Carlotta in Paris and tells the girl the truth--that Sir Marcus is searching for her. Realizing his love for her, Carlotta is reunited with her benefactor.",https://image.tmdb.org/t/p/w500/AvisPnpOHEo2bpuSSByKnHKg3LI.jpg,0,1921-10-31,https://www.themoviedb.org/movie/286226
Bataan,"During Japan's invasion of the Philippines in 1942, Capt. Henry Lassiter, Sgt. Bill Dane and a diverse group of American soldiers are ordered to destroy and hold a strategic bridge in order to delay the Japanese forces and allow Gen. MacArthur time to secure Bataan. When the Japanese soldiers begin to rebuild the bridge and advance, the group struggles with not only hunger, sickness and gunfire, but also the knowledge that there is likely no relief on the way.",https://image.tmdb.org/t/p/w500/gDJ6uGQqDkg45QeyGmHRpkZ8HVS.jpg,6.4,1943-06-03,https://www.themoviedb.org/movie/43506
"Kill Bill: Vol. 1","An assassin is shot by her ruthless employer, Bill, and other members of their assassination circle – but she lives to plot her vengeance.",https://image.tmdb.org/t/p/w500/v7TaX8kXMXs5yFFGR41guUDNcnB.jpg,8,2003-10-10,https://www.themoviedb.org/movie/24
"Henry & Me","A guardian angel takes a gravely ill boy on a magical journey to meet legendary players from the New York Yankees, both past and present.",https://image.tmdb.org/t/p/w500/e37dlFgfDk2unRU96NFKgYi9Vxq.jpg,5,2014-08-18,https://www.themoviedb.org/movie/292481
Nattmagasinet,"The movie begins with a disenchanted poet who, having had his fill of the world, decides to hide out in a large department store. There are many floors, dusty nooks and crannies, and forgotten storerooms where he can secret himself. He believes he has found the peace and serenity he seeks--away from humankind--in order to write his poetry. To his initial horror, he finds he is not alone. There are Others who have also sought refuge in the dark places of the department store. He quickly finds himself at the mercy of this clandestine social underclass, for none may leave and risk exposing those who have spent years in the store. What quickly evolves is a chilling tale involving the poet and a young woman who had lost her way in the store while a mere child, and who has since spent her entire life as the downtrodden handmaid to the evil matriarch who rules her clan with an iron fist.",https://image.tmdb.org/t/p/w500/dvgQlkVHE49yW0dZylIb7tZOZMx.jpg,0,1970-12-12,https://www.themoviedb.org/movie/514460
"Blood Oath","On an obscure Pacific Island just north of Australia, the Japanese Empire has operated a prisoner of war camp for Australian soldiers. At the close of World War II, the liberated POWs tell a gruesome tale of mass executions of over eight hundred persons as well as torture style killings of downed Australian airmen. In an attempt to bring those responsible to justice, the Australian Army establishes a War Crimes Tribunal to pass judgement on the Japanese men and officers who ran the Ambon camp. In an added twist, a high ranking Japanese admiral is implicated, and politics become involoved with justice as American authorities in Japan lobby for the Admiral's release. Written by Anthony Hughes",https://image.tmdb.org/t/p/w500/x8cwIpKGt11MZSrzujNugeimgFr.jpg,5.4,1990-07-26,https://www.themoviedb.org/movie/70942
"Normal Violence","Deep in the rural midwest, a serial killer, known only as “The Devil’s Butcher” stalks his next victim. But when he crosses paths with two seasoned detectives, he’s nearly killed, only to be rescued at the last moment by a satanic cult leader. He is reborn under their unholy church, clad in a mask made of human skin and now known as “the Brother”, as a battle between good and evil begins. This insane, bizarre tale will leave you questioning your sanity long after it is over!",https://image.tmdb.org/t/p/w500/Atb80RH0MHrN6xXD6HelzgsYwdo.jpg,0,2023-07-17,https://www.themoviedb.org/movie/1274374
"I Know What You Did Last Summer","When five friends inadvertently cause a deadly car accident, they cover up their involvement and make a pact to keep it a secret rather than face the consequences. A year later, their past comes back to haunt them and they're forced to confront a horrifying truth: someone knows what they did last summer…and is hell-bent on revenge.",https://image.tmdb.org/t/p/w500/6BfZLQYj97NO1yD5JkSAf5vWzGj.jpg,5.8,2025-07-16,https://www.themoviedb.org/movie/1083433
"A Serbian Film","Retired porn star Milos leads a normal family life trying to make ends meet. Presented with the opportunity of a lifetime to financially support his family for the rest of their lives, Milos must participate in one last mysterious film. From then on, Milos is drawn into a maelstrom of unbelievable cruelty and mayhem.",https://image.tmdb.org/t/p/w500/cToUzXZ9AcUylfIt8vnXhiy6Y9m.jpg,5.443,2010-01-06,https://www.themoviedb.org/movie/73861
Maniac,"Short horror mockumentary about a camera crew that follows two serial killers.",https://image.tmdb.org/t/p/w500/M2z4zNXv8NCKAK8viWl3VYCmfc.jpg,5.8,2011-10-31,https://www.themoviedb.org/movie/377765
"Bag Man","BAG MAN is the understated story of a 12 year old African American boy, who takes us on an introspective journey out of the city and into the remote countryside of upstate New York. With a mysterious duffle bag in hand, its contents unknown to us, we journey from the urban hustle of Harlem, into the winter-ravaged woodlands a world away. On the road, we slowly discover his real intentions, and the significance of what is hidden inside a young boy's bag.",https://image.tmdb.org/t/p/w500/ciJUuscjemGhaMCbwnyqZG6Zh94.jpg,7,2014-09-10,https://www.themoviedb.org/movie/298869
"Cross Now","In Cross Now, during a blazing row with his boss, strangely enough architect Michael Ponsford still gets his promotion. However, he does not get much time to enjoy it, because, in the middle of the argument, his boss suffers a heart attack. And he is not the only one to die. Ponsford is haunted by death: the woman with whom he had been flirting for too long, his wife's father, one of his competitors, they all succumb. Finally, Ponsford's young son also dies.",https://image.tmdb.org/t/p/w500/A4xboJaGUT3B9Th7dsvdyc2GrrL.jpg,0,1977-10-30,https://www.themoviedb.org/movie/1165003
Evixion,"Imagine a surreal narrative, without dialogue, in a style reminiscent of the 1920s silent era and seen through the lens of moving voyeuristic camera that records the odd whereabouts of an unseemly group of marginal tenants. An aging homosexual and his drug-addicted lover, a couple of fitness-freak yuppies, an eccentric Haitian lady and her son, a punkish, crazy diva, as well as other bizarre and incongruous characters. united to prevent their eviction. Watch them unravel in anarchy while they fight against the foul manoeuvres of an ingenious but nasty landlord and his accomplice who wants them evicted once and for all.",https://image.tmdb.org/t/p/w500/8HzfYWWM5S5hSDgmkykDqNpcgka.jpg,0,1986-08-26,https://www.themoviedb.org/movie/779457
"Bashful Ballerina","Miss Klutz is the worst dancer that has ever enrolled at the school ran by Maestro Boris Cobblier, and he is even considering giving her money back to get rid of her, a consideration not to his financial liking. But the owner of a competing dance school has lost her prize dancer and calls on Cobblier with a request to borrow one of his dancers. Seeing a way to kill two birds with one stone---get rid of Miss Klutz and ruin a competitor---he gladly loans Miss Klutz out. But things don't work out just as he had planned.",https://image.tmdb.org/t/p/w500,0,1937-09-17,https://www.themoviedb.org/movie/1373024
"Trails End","Cowhand Drake discovers gold on the ranch of his boss, Joe Stuart and makes a deal with crooked lawyer Mel Porter to induce Stuart to sell. The latter refuses, and also orders Bill Cameron not to see his daughter Laurie again. Foreman Johnny Mack, after intervening, quits after he sees Stuart hit Laurie while quarreling over her proposed marriage to Cameron. Peddler Alibi Terhune witnesses the killing of Stuart by Clem Kettering, hired by Porter, and is taken prisoner. Cameron is blamed for Stuart's killing, escapes jail, but is persuaded by Johnny to go back and stand trial. Johnny rescues Alibi and the two work together on clearing Cameron's name, and bringing the real culprits to justice.",https://image.tmdb.org/t/p/w500/sW5fUiH5lvbeXs0PtzGpcSEkv2e.jpg,0,1949-04-02,https://www.themoviedb.org/movie/457228
"The Gunfighter","The fastest gun in the West tries to escape his reputation.",https://image.tmdb.org/t/p/w500/5696EpyH0tB8DtKvwNGABMRWknX.jpg,7.3,1950-05-26,https://www.themoviedb.org/movie/17409
"Vicious Cycles","A wild, freewheeling spoof on motorcycle gangs in which tough-looking cyclists, who roam the highways on invisible bikes leaving visible tire tracks, pick up a girl hitchhiker encounter another gang.",https://image.tmdb.org/t/p/w500/m7gm1hAENhZcL02HXNoaB0yijmv.jpg,8,1967-12-31,https://www.themoviedb.org/movie/346559
Söderkåkar,"The story of two brothers, one rich and one poor living next to each other , struggling along with their families and daily lives in the south parts of Stockholm in the 1930's.",https://image.tmdb.org/t/p/w500/7VXfSUHKatnGeJLXs1KGzVLV10t.jpg,8,1970-11-06,https://www.themoviedb.org/movie/80063
"Roman Holiday","Overwhelmed by her suffocating schedule, touring European princess Ann takes off for a night while in Rome. When a sedative she took from her doctor kicks in, however, she falls asleep on a park bench and is found by an American reporter, Joe Bradley, who takes her back to his apartment for safety. At work the next morning, Joe finds out Ann's regal identity and bets his editor he can get exclusive interview with her, but romance soon gets in the way.",https://image.tmdb.org/t/p/w500/8lI9dmz1RH20FAqltkGelY1v4BE.jpg,7.885,1953-08-26,https://www.themoviedb.org/movie/804
"April Fools","A year ago, DeAnna a young hottie, seduces Melvin the class nerd, only to set him up for a cruel April Fools' joke that inadvertently ended in murder. Now, DeAnna, her boyfriend and her friends are being stalked by a hooded figure. Is Melvin still alive, or is someone avenging his death? It's up to one of the teens' police detective father and his partner to stop the killer before he strikes again.",https://image.tmdb.org/t/p/w500/ktfwUlWEypU59h5kUw5kc2X1uP3.jpg,2,2007-09-11,https://www.themoviedb.org/movie/168325
"Novecento, pianist","The story of a pianist born and brought up on a ship. Adapted from the book by Alessandro Barrico",https://image.tmdb.org/t/p/w500/6K8KZeMTefYxtNanNX8ehjBfMpS.jpg,0,2005-01-01,https://www.themoviedb.org/movie/1290494
"April Fools","A year ago, DeAnna a young hottie, seduces Melvin the class nerd, only to set him up for a cruel April Fools' joke that inadvertently ended in murder. Now, DeAnna, her boyfriend and her friends are being stalked by a hooded figure. Is Melvin still alive, or is someone avenging his death? It's up to one of the teens' police detective father and his partner to stop the killer before he strikes again.",https://image.tmdb.org/t/p/w500/ktfwUlWEypU59h5kUw5kc2X1uP3.jpg,2,2007-09-11,https://www.themoviedb.org/movie/168325
"Novecento, pianist","The story of a pianist born and brought up on a ship. Adapted from the book by Alessandro Barrico",https://image.tmdb.org/t/p/w500/6K8KZeMTefYxtNanNX8ehjBfMpS.jpg,0,2005-01-01,https://www.themoviedb.org/movie/1290494
"Always: Sunset on Third Street '64","The Tokyo Olympics are about to open, and Rynosuke Chagawa is excited to receive a new TV set to watch the upcoming events. His wife Hiromi is pregnant and he has built a second level on his shop to provide his adopted son Junnosuke with a private space to study for entrance to Tokyo University to set up a career with a major company. He dreams of sparing Junnosuke the struggles that he has faced as a writer. The family continues to rely upon Hiromi's income from her bar. Meanwhile a rival story, The Virus, by a new writer has appeared in the periodical that has been publishing his stories ""Boy's Adventure Book"" and he fears the new competition. Norifumi Suzuki also receives a new TV, but more of a deluxe model. Mutsuko Hoshino (Roku) is still the principal mechanic in the Suzuki family's auto repair shop, but she dresses up some mornings to go to a nearby street with the hope of a ""chance"" meeting with Dr...",https://image.tmdb.org/t/p/w500/tj0nFiWJavNlYvBsDxzPh42NPX8.jpg,6.8,2012-01-21,https://www.themoviedb.org/movie/121239
"Park Avenue","Paralyzed by her life wrangling cattle in Alberta, Canada, Charlotte jumps into her Ford Bronco, flees her over-controlling husband, and lands back in her childhood Park Avenue apartment where she takes refuge with her mother Kit. Rediscovering the boy she loved, now her grown doorman Anders, and the life she left at 18, the mother and daughter explore shared history, unshared truths and find a way to face both love and loss.",https://image.tmdb.org/t/p/w500/jagp3HejHSdwCdnheaMvp9mrlEL.jpg,0,2025-11-14,https://www.themoviedb.org/movie/1121084
Sudigundalu,"Judge Chandrasekharam is very kind and helpful to the relatives of the culprits. His wife dies after giving birth to a baby boy. His son Raja was killed by two youth (Prasanna Rani and Vijayachander). The judge who now wears the pleader's shoes argues in the favour of the young culprits and shocks the whole audience on bringing out the real intentions of the murder. Sudigundalu (English:Whirlpools): is a 1968 Telugu, drama film directed by Adurthi Subba Rao. The film has garnered the National Film Award for Best Feature Film in Telugu. The film marked the debut of Nagarjuna Akkineni in a cameo.",https://image.tmdb.org/t/p/w500,10,1968-01-01,https://www.themoviedb.org/movie/315627
Dragonworld,"A young man must risk his life to save his fire-breathing friend from the unscrupulous owner of an amusement park.",https://image.tmdb.org/t/p/w500/36RXGobVYfVXoyj4ip6EDROUHxk.jpg,4.9,1994-07-27,https://www.themoviedb.org/movie/125109
"No Country for Old Men","Llewelyn Moss stumbles upon dead bodies, $2 million and a hoard of heroin in a Texas desert, but methodical killer Anton Chigurh comes looking for it, with local sheriff Ed Tom Bell hot on his trail. The roles of prey and predator blur as the violent pursuit of money and justice collide.",https://image.tmdb.org/t/p/w500/6d5XOczc226jECq0LIX0siKtgHR.jpg,7.947,2007-11-09,https://www.themoviedb.org/movie/6977
"Spider-Man: Far From Home","Peter Parker and his friends go on a summer trip to Europe. However, they will hardly be able to rest - Peter will have to agree to help Nick Fury uncover the mystery of creatures that cause natural disasters and destruction throughout the continent.",https://image.tmdb.org/t/p/w500/4q2NNj4S5dG2RLF9CpXsej7yXl.jpg,7.4,2019-06-28,https://www.themoviedb.org/movie/429617
Birdie,"A casual gesture of friendliness quickly spirals into a paralysing moment for a woman on a train.",https://image.tmdb.org/t/p/w500/n36W2gfIpWcR90cNQf0ZRt7WFhM.jpg,7,2018-08-12,https://www.themoviedb.org/movie/537171
"La cible","Diaz de Toledo, a South American refugee, finds a job in a luxury hotel with a cosmopolitan clientèle. . There he makes friends with the Parkers, a fabulously rich family and falls in love with Chela, the daughter. Unfortunately, the young woman is seduced by an adventurer, Lord Hampton, who elopes her. When she realizes who Hampton actually is, Chela asks Diaz for help. He does come to her rescue but while defending her he gets badly hurt by Hampton. Some time later, Diaz and Chela present a living target number in a night club. Hampton, who has not said his last word, resurfaces.",https://image.tmdb.org/t/p/w500,0,1925-02-13,https://www.themoviedb.org/movie/701257
"La silla","A man is consumed with the idea of acquiring a chair from a bric-a-brac shop.",https://image.tmdb.org/t/p/w500/q05xHpWgjixtzStrvlZUou3DABb.jpg,0,2006-08-02,https://www.themoviedb.org/movie/2845
"The Kibitzer","In this comedy, a Yiddish fellow cannot keep from kibitzing into other people's lives. Trouble ensues when he is mistakenly given a huge fortune in stocks that he can spend any way he pleases. At the same time, his daughter has fallen in love with an impoverished, but good hearted boy. When the kibitzer suggests he bet all his money on a dog of a racehorse, the lad does it. Against all odds, the horse wins, and suddenly the young man is quite wealthy.",https://image.tmdb.org/t/p/w500/iqmiLfkpWExtrqWp0bThazhtCCu.jpg,4.7,1930-01-11,https://www.themoviedb.org/movie/313079
"The Lady with the Camelias","It is love at first sight when Armand Duval meets the courtisan Marguerite. They move in together and live happily until Armands father secretly pays Marguerite a visit to tell her that her questionable reputation has put Armand's entire family in disrepute. She sacrifices herself and leaves Armand, who – in the belief that she left of her own free will – embitters by grief and anger. But destiny wants them to meet again. (stumfilm.dk)",https://image.tmdb.org/t/p/w500,4,1907-10-16,https://www.themoviedb.org/movie/281935
"God of Gamblers III: Back to Shanghai","While battling a psychic gambler, Sing hurtles back in time to 1937 Shanghai. Now he must come to grips with his family history and get back to 1991.",https://image.tmdb.org/t/p/w500/dmhdQ61SfG8p44ySNIhRrq8F70M.jpg,7,1991-08-21,https://www.themoviedb.org/movie/53658
"The Swindlers","Mario is in Hannover to work as a miner but after losing his job he decides to go back to Italy. When Totonno steals his passport to avoid the police and later on he offers him a new job as ""magliaro"" (cloth seller), Mario changes his mind and decides to follow Totonno to Hamburg. In Hamburg, Totonno and his friends have to sell Mayer's cloth, but they meet with the hostility of a Polish gang and Mario falls in love with Paula Mayer.",https://image.tmdb.org/t/p/w500/7TtYzmlp4ECrMFlifWMuE6PXRFV.jpg,6.1,1959-09-23,https://www.themoviedb.org/movie/5839
Becky,"A teenager's weekend at a lake house with her father takes a turn for the worse when a group of convicts wreaks havoc on their lives.",https://image.tmdb.org/t/p/w500/9wqKF883Kn9c0SZV4ZmkIkFhBLh.jpg,6.304,2020-07-23,https://www.themoviedb.org/movie/601844
Braindead,"When a Sumatran rat-monkey bites Lionel Cosgrove's mother, she's transformed into a zombie and begins killing (and transforming) the entire town while Lionel races to keep things under control.",https://image.tmdb.org/t/p/w500/pa39D8TQs6aNw3hiUs4jLjHVUB0.jpg,7.4,1992-08-13,https://www.themoviedb.org/movie/763
"Death Row","Haunted Prison - AKA Death Row - a horrifying live action film based on the short story by Kevin VanHook-takes place at Isla de la Roca Penitentiary. Rumor has it the Devil himself spat up the place out of the depths of hell, and man turned it into a prison for the most dangerous prisoners in the South. The monstrous building is steeped in the evil created by centuries of murder and injustice and is haunted by vengeful ghosts. Isla de la Roca was abandoned after being soaked in blood by a horrific massacre of inmates and guards. A gang of fugitives from a cop-killing robbery seek refuge within the razor wire of the prison walls at the same time as a documentary film crew arrives to tell the story of the penitentiary. When these groups cross paths within the cruel walls of Isla de la Roca, will anyone get out alive?",https://image.tmdb.org/t/p/w500/eiTV7QcCXq6XVhisjcAmmbs7bWX.jpg,3.8,2006-10-14,https://www.themoviedb.org/movie/33826
"Shutter Island","World War II soldier-turned-U.S. Marshal Teddy Daniels investigates the disappearance of a patient from a hospital for the criminally insane, but his efforts are compromised by troubling visions and a mysterious doctor.",https://image.tmdb.org/t/p/w500/nrmXQ0zcZUL8jFLrakWc90IR8z9.jpg,8.201,2010-02-14,https://www.themoviedb.org/movie/11324
Legionnaire,"Alain Lefevre is a boxer paid by a Marseille mobster to take a dive. When he wins the fight he attempts to flee to America with the mobster's girlfriend Katrina. This plan fails and he seeks escape by joining the foreign legion. As part of the legion he tangles with abusive lieutenant Steinkampf and bonds with legionnaires Luther, Mackintosh and Rosetti.",https://image.tmdb.org/t/p/w500/vHezb1DIEB3DyBx9gp914y03yAG.jpg,5.784,1998-12-03,https://www.themoviedb.org/movie/3513
"Fright Night","Charley Brewster, a high school student, accidentally discovers the true and creepy nature of Jerry Dandrige, his dashing and enigmatic new neighbor; but no one seems willing to believe him.",https://image.tmdb.org/t/p/w500/euIh75MwNDrYkTEVSkw7VXWGXoE.jpg,7,1985-08-02,https://www.themoviedb.org/movie/11797
"Changing Lanes","A rush-hour fender-bender on New York City's crowded FDR Drive, under most circumstances, wouldn't set off a chain reaction that could decimate two people's lives. But on this day, at this time, a minor collision will turn two complete strangers into vicious adversaries. Their means of destroying each other might be different, but their goals, ultimately, will be the same: Each will systematically try to dismantle the other's life in a reckless effort to reclaim something he has lost.",https://image.tmdb.org/t/p/w500/8wh9WzTKo5pJw3EgHYWA60W7Kbl.jpg,6.28,2002-04-07,https://www.themoviedb.org/movie/1537
Cerebella,"A young woman gets a hotel room and contends with sleep deprivation.  The second in Adam Wingard's ""Forgot My Meds"" trilogy of short films.",https://image.tmdb.org/t/p/w500,3,2009-10-11,https://www.themoviedb.org/movie/269977
"In the Lost Lands","A queen sends the powerful and feared sorceress Gray Alys to the ghostly wilderness of the Lost Lands in search of a magical power, where she and her guide, the drifter Boyce, must outwit and outfight both man and demon.",https://image.tmdb.org/t/p/w500/dDlfjR7gllmr8HTeN6rfrYhTdwX.jpg,6.391,2025-02-27,https://www.themoviedb.org/movie/324544
"Chunky Monkey","Fitness fanatic, Donald Leek, indulges in a monthly Chunky Monkey experience with, someone vaguely resembling movie-songstress, Julie Andrews, who he's expecting at 7:30pm. His obsession with Ms. Andrews (and her posterior) is somewhat disturbing to say the least. Before she arrives however, he has to dispose of the body parts of Mr Azam, manager of his favourite Indian restaurant, who has neglected to send him a Christmas card. He is interrupted by a peculiar assortment of unwelcome visitors, amongst them, Jesus Christ and a one-testicled self-made millionaire. Each one is as unhinged as their host, who retaliates to the intrusion in extreme fashion",https://image.tmdb.org/t/p/w500,2,2003-03-19,https://www.themoviedb.org/movie/364146
"Murder In The Tarentaise Valley","While she was jogging Lisa Campion , the daughter of the retired police officer Fabio Campion , discovered the frozen corpse of Julien , a child who disappeared 20 years ago.The police officer Simon Beauregard is then sent to Roches Noires , a village of the Tarentaise Valley, for the criminal investigation.",https://image.tmdb.org/t/p/w500/eE7WYKg4s54A5H4AL5YB4siqc6l.jpg,5.7,2018-04-07,https://www.themoviedb.org/movie/515673
"Goblin 1993","A newlywed couple move into their new house. What they don’t realize is that the previous owner of the house raised a monstrous creature from the depths of hell! Now it’s coming back to make up for lost time. The Goblin, set free from its dark prison within the earth, lays waste to the Missouri countryside, hungry to mangle or kill anything or anyone in its path. The young people, trapped inside the house, are pushed to the nightmarish extremes, forced to retaliate…or become the next victim of the GOBLIN! Goblin delivers unbelievable scenes of violence and gore just pray he doesn’t deliver them to your doorstep!",https://image.tmdb.org/t/p/w500,0,,https://www.themoviedb.org/movie/1305628
"The Boss Baby: Family Business","The Templeton brothers — Tim and his Boss Baby little bro Ted — have become adults and drifted away from each other. But a new boss baby with a cutting-edge approach and a can-do attitude is about to bring them together again … and inspire a new family business.",https://image.tmdb.org/t/p/w500/kv2Qk9MKFFQo4WQPaYta599HkJP.jpg,7.3,2021-07-01,https://www.themoviedb.org/movie/459151
Anomalisa,"An inspirational speaker becomes reinvigorated after meeting a lively woman who shakes up his mundane existence.",https://image.tmdb.org/t/p/w500/4DJ1zNr4Y6q7zQ27goEYla46VdO.jpg,7.106,2015-12-30,https://www.themoviedb.org/movie/291270
"The Courier","Cold War spy Greville Wynne and his Russian source try to put an end to the Cuban Missile Crisis.",https://image.tmdb.org/t/p/w500/zFIjKtZrzhmc7HecdFXXjsLR2Ig.jpg,7.038,2020-01-24,https://www.themoviedb.org/movie/522241
"The Amazing Spider-Man 2","For Peter Parker, life is busy. Between taking out the bad guys as Spider-Man and spending time with the person he loves, Gwen Stacy, high school graduation cannot come quickly enough. Peter has not forgotten about the promise he made to Gwen’s father to protect her by staying away, but that is a promise he cannot keep. Things will change for Peter when a new villain, Electro, emerges, an old friend, Harry Osborn, returns, and Peter uncovers new clues about his past.",https://image.tmdb.org/t/p/w500/dGjoPttcbKR5VWg1jQuNFB247KL.jpg,6.523,2014-04-16,https://www.themoviedb.org/movie/102382
"Reclusorio III","3 real life stories taken from the Mexican police archive.",https://image.tmdb.org/t/p/w500/l9YEGq26YARyaQtw9p8VIYa7Chy.jpg,5,1999-01-01,https://www.themoviedb.org/movie/630846
Repligator,"Army experimentation with transporter devices accidentally turns people into alligators.",https://image.tmdb.org/t/p/w500/ckQ0la2RgFphUr0oQJpwCvno56b.jpg,3.2,1996-01-01,https://www.themoviedb.org/movie/27536
"Cannibal Roommate","Who is the Cannibal Roommate?  Is it Melissa (Debbie D) who is a fanatical fan of the RANA movies and who actually has a dream in which she’s captured by Ilsa Von Todd and Teela?  Tina Krause and Laura Giglio return to their iconic roles of Ilsa Von Todd and Teela, together for the first time in 24 years!  Or is Serena (Tina Krause) the cannibal and has rented Melissa a room only to make it easier to make Melissa her victim? Or is Angie (Laura Giglio), a friend to both women, the killer? Find out who is the Cannibal Roommate is in this retro adventure and present day nightmare!  Find out who ends up on the killer’s grill?",https://image.tmdb.org/t/p/w500/d3OniE67E2otPM1hMpPaa4kmaQB.jpg,0,2018-01-01,https://www.themoviedb.org/movie/987772
"The Misadventures of Fanny Starr Chapter 4: Case of the Deadly Twins","At the end of Chapter 3, Fanny Starr (Deana) found herself sinking in a quicksand bog. Learn how she escapes in Chapter 4.  Fanny then seeks out Kraven, only to be captured by him and confronted with her arch-enemy, Vanessa Krueger (Clancey McCauley). Vanessa wants her body back and she plans to use Annie (Clancey McCauley) as leverage. Rita (Dawn Murphy) appears out of nowhere to help Fanny escape. Fanny learns that she’s not the only person with a twin, as Tina Krause appears as Kristen, who’s out for revenge for her sister’s death! Catfights abound as Tina faces off against Dawn and Deana and Deana faces off against Clancey.",https://image.tmdb.org/t/p/w500,0,,https://www.themoviedb.org/movie/1543802
"Catch Me If You Can","A true story about Frank Abagnale Jr. who, before his 19th birthday, successfully conned millions of dollars worth of checks as a Pan Am pilot, doctor, and legal prosecutor. An FBI agent makes it his mission to put him behind bars. But Frank not only eludes capture, he revels in the pursuit.",https://image.tmdb.org/t/p/w500/sdYgEkKCDPWNU6KnoL4qd8xZ4w7.jpg,7.979,2002-12-16,https://www.themoviedb.org/movie/640
"The Scar","Like many  women active during the miners' strike, May Murton (Charlie Hardwick) has been left to clean up the mess. The closure of the pit, a failed marriage and the community’s disintegration have shattered both her personal and political beliefs. Her teenage children (Darren Bell and Katja Roberts) are out of control. Her estranged husband (Brian Hogg) has taken up residence in the allotments. At a dance, the night before the Durham Miners’ Gala, May meets Roy Cotton (Bill Speed) the recently arrived manager of an open cast mine.",https://image.tmdb.org/t/p/w500/1dvael2PwcI8htOQb658bbYeLXf.jpg,0,1997-01-01,https://www.themoviedb.org/movie/626858
Mute,"A mute man with a violent past is forced to take on the teeming underworld of a near-future Berlin as he searches for his missing girlfriend.",https://image.tmdb.org/t/p/w500/ihGg1xndLl3MW34Km332pNkyLH7.jpg,5.559,2018-02-23,https://www.themoviedb.org/movie/401371
"Hands of a Stranger","A concert pianist loses his hands in a car crash, but a surgeon gives him new ones. The experimental medical procedure goes awry when the new hands drive the pianist mad.",https://image.tmdb.org/t/p/w500/cn0kpC2BJAIjUcQnG61ASlerG49.jpg,4.8,1962-04-22,https://www.themoviedb.org/movie/114740
"Thirteen Lives","Based on the true nail-biting mission that captivated the world. Twelve boys and the coach of a Thai soccer team explore the Tham Luang cave when an unexpected rainstorm traps them in a chamber inside the mountain. Entombed behind a maze of flooded cave tunnels, they face impossible odds. A team of world-class divers navigate through miles of dangerous cave networks to discover that finding the boys is only the beginning.",https://image.tmdb.org/t/p/w500/yi5KcJqFxy0D6yP8nCfcF8gJGg5.jpg,7.86,2022-07-18,https://www.themoviedb.org/movie/698948
"Circle of Fear","Michael Woods stars as Tony Giordani, a narcotics agent who learns that his wife has been murdered while he is recuperating from an attack by a mysterious stranger. His boss thinks it's a Mafia vendetta, but Tony follows the clues to an empty house which his wife had been photographing on the day of her murder. There, he finds a burned corpse and several clues leading to the Full Moon Killer, who has been decapitating prostitutes around the city. The owner of the house is an insane countess, whose escape from an asylum leads to yet another murder. Before long, Tony and his partner, Lisa, with whom he is engaged in a passionate affair, find themselves targeted for murder unless they can solve the case.",https://image.tmdb.org/t/p/w500/mqz4qck8MpfOvGXjq9yTwmJZVBR.jpg,2,1992-08-27,https://www.themoviedb.org/movie/108445
Bilut,"In 1960, Yazid joined the first group to explore Felda in Bilut. Yazid had to face all kinds of challenges and emotional stress. His best friend, Jim died crushed trees. Storm destroyed their home. My youngest son, Jamin, died devoured by tigers. At the same time, Yazid got to know some of the settlers who conspires resell fertilizer subsidy given by the government to reap short-term profits. Yazid also tried vilified by his own friend, Hamza's claim that he was illegally selling the fertilizer subsidy. Not only that, they also face the danger when there are still remnants of the communist party in the forest.",https://image.tmdb.org/t/p/w500/5NE9sKpVjIa8nWontuNC9YGXEiY.jpg,0,2006-10-24,https://www.themoviedb.org/movie/302071
"Kaponga Island","A series of abrupt vignettes and transitional montages paint a torrid portrait of a tropical isle in the grip of terror. Linda Martinez stars in this latest atrocity from studio 8 in the San Francisco Art Institute and her co-stars don’t find her too hot to handle! She plays a travel agent booking honeymoon holidays to a sex-infested island haunted by lascivious cadavers and voodoo hi-jinks. Lots of color and rubberized hot action!",https://image.tmdb.org/t/p/w500/f3WBXySDCHjEdpF3DJqvKZQ2OC6.jpg,0,2004-01-01,https://www.themoviedb.org/movie/626702
Klietka,"Based on a radio play by Elena Antalova. The original psychological chamber story, centred on the relationship between a mother and daughter condemned to forced cohabitation, in which the wrongs and traumas of the past gradually emerge in the fate of a family marked by a tragic secret, has been expanded in the television version to include a retrospective narrative, capturing the turning points of social change and their impact on the characters and relationships within the family. As the mystery surrounding the tragic death of the youngest daughter is gradually revealed, the dramatic tension and development of the two women's relationships builds suggestively towards the shattering discovery of the truth, the dilemma of punishment and its meaning, and the cathartic reconciliation.",https://image.tmdb.org/t/p/w500,0,1999-01-01,https://www.themoviedb.org/movie/949237
"Bride Hard","Sam is a secret agent whose toughest mission to date is pleasing her bride-to-be best friend at a lavish destination wedding. When a team of mercenaries crashes the party and takes the guests hostage, Sam is thrown into a fight unlike any before — one where she can’t risk blowing her cover or ruining the big day. As she takes on the bad guys in a high-stakes battle disguised as a fairy-tale affair, she realizes the real threat might be closer than she thinks.",https://image.tmdb.org/t/p/w500/pVli4kL16OFYPWvn5yTnZusX4l0.jpg,5.6,2025-06-19,https://www.themoviedb.org/movie/1124619
MARIE,"He's an Amish man raised to fear technology, and she's half machine. Together - they might just outlive the apocalypse.",https://image.tmdb.org/t/p/w500/9To4NQlxUnnVlv5vbCgTSw5IpII.jpg,5,2024-11-01,https://www.themoviedb.org/movie/1377758
Snatchers,"After status-obsessed teen Sara has sex for the first time, she wakes up the next day nine months pregnant-with an alien.",https://image.tmdb.org/t/p/w500/8PcCffhPbHqPjCQOYJCB5bnHRTV.jpg,6.519,2019-03-12,https://www.themoviedb.org/movie/580632
Fresh,"Death and violence anger twelve year old drug courier Fresh, who sets his rival employers against each other.",https://image.tmdb.org/t/p/w500/uXRIIUzjDZZdWR2cUzPJ9eAqaHv.jpg,7.161,1994-06-15,https://www.themoviedb.org/movie/13815
Jackpot,"JACKPOT THE SET UP -  Jackpot is a fast-paced thriller con, with sharp comic one-liners and crazy characters, set entirely in Goa against the backdrop of casino boats.  The film goes back and forth in time, capturing one Goan monsoon of Full Jhol. Its a card game between the players in the con. Who will come out Aces and who will end up being the Joker?  An amateur gang of young Goans plan the perfect con - no nuksaan, no pareshan. However, all good plans often  It doesn't take long for them to discover that a reverse con has been played back on them - by the very people they were trying to con.  In doing so, the five members of the gang split and start suspecting each other. After all, when there is cash in a briefcase, and a beautiful woman with a gun, things tend to go horribly wrong.",https://image.tmdb.org/t/p/w500/ez2rqjHFJbiyNTWzx6STChKbIlr.jpg,3.1,2013-12-13,https://www.themoviedb.org/movie/243831
"Æon Flux","400 years into the future, disease has wiped out the majority of the world's population, except one walled city, Bregna, ruled by a congress of scientists. When Æon Flux, the top operative in the underground 'Monican' rebellion, is sent on a mission to kill a government leader, she uncovers a world of secrets.",https://image.tmdb.org/t/p/w500/5958Nt4QX6aRSUdQnvNw8wqjTJQ.jpg,5.636,2005-11-30,https://www.themoviedb.org/movie/8202
Glint,"Every scene of the film comprises a dialogue between a man and a woman. The dialogues are fragmentary, in other words, the dialogue in one scene does not tie in with that of the next. In addition there is no development in the relationship between the actor and the actress towards a happy or unhappy ending. The dialogues are not only of substantial interest; it is above all material for the actors. The film balances on the boundary between portraying an intimate relationship between a woman and a man and the intimacy in the acting between the actor and actress. When an actor or actress hardly has any words in a scene, he or she portrays loneliness; when he/she has a monologue, then the attention is focused on speaking the text, on (the reflection about) being an actor. (Wim Schlebaum",https://image.tmdb.org/t/p/w500/sL7rDaNIA7mL4lH2hhpIi1Aur3o.jpg,0,1996-09-19,https://www.themoviedb.org/movie/523494
"About Schmidt","A recently retired man embarks on a journey to his estranged daughter's wedding, only to discover more about himself and life than he ever expected.",https://image.tmdb.org/t/p/w500/tstvsrJHY57hc951lb190alXRQm.jpg,6.842,2002-12-12,https://www.themoviedb.org/movie/2755
"Puss in Boots: The Last Wish","Puss in Boots discovers that his passion for adventure has taken its toll: He has burned through eight of his nine lives, leaving him with only one life left. Puss sets out on an epic journey to find the mythical Last Wish and restore his nine lives.",https://image.tmdb.org/t/p/w500/kuf6dutpsT0vSVehic3EZIqkOBt.jpg,8.209,2022-12-07,https://www.themoviedb.org/movie/315162
"Daan en Doors Oppie Dieggins","Daan Bobbejee rescues a stranger, Doors Dorrengen, and they become friends. Together, they thwart diamond smugglers trying to steal Daan's valuable mine, outwitting them in a daring escape",https://image.tmdb.org/t/p/w500,0,1975-10-02,https://www.themoviedb.org/movie/1180621
"The Arc","Engineer Walter Fahr has constructed a massive passenger submarine, the 'Gloria'. The vessel undertakes a test journey with various esteemed invitees aboard, together with several animals, and the blind passenger Professor Keigo Sotuma. […] When those aboard the 'Gloria' return to the surface, they find a ship whose entire crew is dead. It is the astronomer Sotuma who figures out what has happened: during their undersea journey, the Earth was scorched by the tail of a comet, and all life extinguished. The 'Gloria' sails back to shore, carrying the final humans into a dead world…",https://image.tmdb.org/t/p/w500,0,1919-09-05,https://www.themoviedb.org/movie/337199
Algren,"Algren will spotlight the hard-knock life and authentic creative legacy of one of the most underrated writers of the twentieth century, Nelson Algren. Algren's brutally honest portrayal of the American underclass and his hard-nosed lifestyle became his pathway to compassion. Through interviews with Algren contemporaries, experts, and ""literary soulmates,"" as well as through the photography of Algren's friends, Art Shay and Stephen Deutch, the film will tell his story. It will celebrate his tremendous contribution to and influence on American letters, and push Algren, champion of the marginalized, out from the margins.",https://image.tmdb.org/t/p/w500/9TrVEzdaRca0ZBGXGFlTCovH2dU.jpg,6,2021-10-21,https://www.themoviedb.org/movie/307109
"Suburban Fury","On September 22, 1975, 45-year-old Sara Jane Moore took a revolver out of her purse and fired two shots at President Gerald Ford on a crowded sidewalk in San Francisco’s Union Square. This failed political assassination was destined to become a strange historical footnote, yet Moore is revealed as an extraordinary subject in this expansive, fascinating new documentary by the protean Robinson Devor (The Woman Chaser, NYFF37). Having served more than 30 years of a life prison sentence, Moore tells her own story, from FBI informant to would-be assassin, all of which Devor dramatizes against the backdrop of the era’s prevalent political unrest and militancy, of Attica, the Black Panthers, the U.S.-backed Chilean coup, and the Symbionese Liberation Army. A pugnacious and unapologetic interview subject, Moore holds the center of a fleet and compelling nonfiction drama with the feel of a 1970s thriller.",https://image.tmdb.org/t/p/w500/hKFJ9JGHlTIWTYbgQro6JlgItHQ.jpg,0,2024-10-09,https://www.themoviedb.org/movie/1326018
"Long Weekend","When a suburban couple goes camping for the weekend at a remote beach, they discover that nature isn't in an accommodating mood.",https://image.tmdb.org/t/p/w500/roZ7DGi30lA1O4zhtPwBh6q8JV6.jpg,6.087,1979-03-29,https://www.themoviedb.org/movie/39995
"The Union","A New Jersey construction worker goes from regular guy to aspiring spy when his long-lost high school sweetheart recruits him for an espionage mission.",https://image.tmdb.org/t/p/w500/d9CTnTHip1RbVi2OQbA2LJJQAGI.jpg,6.113,2024-08-15,https://www.themoviedb.org/movie/704239
Deadfall,"A thriller that follows two siblings who decide to fend for themselves in the wake of a botched casino heist, and their unlikely reunion during another family's Thanksgiving celebration.",https://image.tmdb.org/t/p/w500/5ZM6uKhuEzWZD3xklmqKPuvq1Nj.jpg,6,2012-11-08,https://www.themoviedb.org/movie/97614
